numero,cotizada_fecha,asesor_codigo,cliente_razon_social,trabajo,linea_negocio,cantidad,total,ORDEN_PRODUCCION::numero,insumos_total,fabricacion_total,utilidad_%,repuestos_valor,financiamiento_valor,comision_agencia_valor,comision_asesor_valor,pago_forma,utilidad_valor,comision_asesor_%
69519,11/11/2025,MC,TRAMA DISENO,Libro 100 casas latinoamericanas,EDITORIAL,700,10276.78,24111,5707.61,3438.18,0.08,134.2,,,201.51,45 DIAS CREDITO,795.286087,1.960828197
67682,06/01/2025,MC,SANCHEZ CARRASCO PAUL VICENTE,LIBROS GARABATITOS 4 ALUMNO Y DOCENTE,EDITORIAL,1500,2770,23398,1284.42,1214.01,0.08,,,,54.31,,217.2547826,1.960649819
67683,06/01/2025,MC,SANCHEZ CARRASCO PAUL VICENTE,LIBROS GARABATITOS 5 ALUMNO Y DOCENTE,EDITORIAL,1500,2770,23399,1284.42,1214.01,0.08,,,,54.31,,217.2547826,1.960649819
67685,06/01/2025,MC,SANCHEZ CARRASCO PAUL VICENTE,LIBROS GARABATITOS 3 ALUMNO Y DOCENTE,EDITORIAL,1500,2770,23400,1284.42,1214.01,0.08,,,,54.31,,217.2547826,1.960649819
67686,06/01/2025,CTAG,AMC ECUADOR CIA.LTDA.,reimpresión PLIEGOS NINA FLOWERS 60X90,PUBLICOMERCIAL,60000,1008,23401,116.67,826.78,0.05,,,,14.9,,49.65526316,1.478174603
67687,06/01/2025,BV,INDUSTRIAS ALES C.A,CUADERNO 21x25,PUBLICOMERCIAL,110,1095.003627,23402,286.83,411.4886905,0.33,20.84530034,0,0,31.89330952,,343.9480117,2.912621359
67684,06/01/2025,ASS,CAMARA ECUATORIANA BRITANICA,revista institucional LINKS edición 82 ,PUBLICOMERCIAL,1000,1799.69,,789.1,763.57,0.12,,,,35.29,,211.7277273,1.960893265
67696,07/01/2025,MC,SANCHEZ CARRASCO PAUL VICENTE,LIBROS GARABATITOS 2 ALUMNO Y DOCENTE,EDITORIAL,1500,3115.95,23403,1447.8,1423.76,0.06,,,,61.1,,183.2910638,1.960878705
67695,07/01/2025,MC,TIPAN UMATAMBO SEGUNDO MARCO,LIBRO INICIAL 1 - ANDRESITO EXPLORADOR,EDITORIAL,2000,13100.00326,23436,5809.044,4521.052095,0.14,240.2347929,480.4695858,0,367.5592332,,1681.64355,2.805794975
67688,07/01/2025,CTAG,BICO INTERNACIONAL S.A.,BANDERINES - 10 diseños,EMPAQUE,100000,9000.032158,,6313.528467,1371.793111,0.129,176.4712188,0,0,0,,1138.239361,0
67689,07/01/2025,CTAG,BICO INTERNACIONAL S.A.,libretas a5,PUBLICOMERCIAL,5000,1251.103616,,463.021,564.1576667,0.15,24.1689098,0,0,18.489216,,181.2668235,1.477832512
67690,07/01/2025,CTAG,BICO INTERNACIONAL S.A.,mini catalogo a5,PUBLICOMERCIAL,50000,7122.270781,,2994.525,2242.43881,0.25,139.6523683,0,0,0,,1745.654603,0
67691,07/01/2025,CTAG,BICO INTERNACIONAL S.A.,mini catalogo a5,PUBLICOMERCIAL,50000,7930.188301,,3397.801,2433.21981,0.25,155.4938883,0,0,0,,1943.673603,0
67692,07/01/2025,CTAG,BICO INTERNACIONAL S.A.,BANDERINES - 8 diseños,EMPAQUE,40000,4893.245884,,2027.972967,1713.920944,0.22,95.94599772,0,0,0,,1055.405975,0
67693,07/01/2025,CTAG,INTRIAGO FRAY OSCAR PASTOR,libros textos a4 - alumno y Docente,EDITORIAL,2000,3797.04,,1898.48,1536.94,0.05,,108.49,,72.32,,180.8115789,1.90464151
67694,07/01/2025,CTAG,BENITEZ PAREDES FRANCISCO MARCELO,REVISTA ALIMENTARIA - 2025,PUBLICOMERCIAL,250,1100.00184,,474.13475,426.3569524,0.165,21.56866353,0,0,0,,177.9414741,0
67699,08/01/2025,MC,SANCHEZ CARRASCO PAUL VICENTE,LIBROS GARABATITOS 6 ALUMNO Y DOCENTE,EDITORIAL,1500,2770,23404,1284.42,1214.01,0.08,,,,54.31,,217.2547826,1.960649819
67698,08/01/2025,CTAG,AMC ECUADOR CIA.LTDA.,reimpresión PLIEGOS NINA FLOWERS 60X90,PUBLICOMERCIAL,60000,1008,23422,116.67,826.78,0.05,,,,14.9,,49.65526316,1.478174603
67697,08/01/2025,BV,CORPORACION SUPERIOR CORSUPERIOR S.A.,STICKERS,PUBLICOMERCIAL,85,83,,68.54,-0.05,0.15,,,,2.42,,12.08647059,2.915662651
67700,08/01/2025,ASS,WORK FORCE,CUADERNO PASTA DURA,PUBLICOMERCIAL,500,1933.885355,,763.3927792,723.6394048,0.2,37.1758046,0,0,37.91932069,,371.758046,1.960784314
67701,08/01/2025,BV,CORPORACION SUPERIOR CORSUPERIOR S.A.,HOJAS TALLER (blocks 100),PUBLICOMERCIAL,5000,257.919828,,100.4965,108.1765,0.15,4.909952941,0,0,7.512228,,36.82464706,2.912621359
67702,08/01/2025,BV,CORPORACION SUPERIOR CORSUPERIOR S.A.,CARPETAS TALLER,PUBLICOMERCIAL,5000,1580.7206,,703.3585,379.9451667,0.28,30.09176852,0,0,46.04040583,,421.2847593,2.91262136
67703,08/01/2025,BV,CORPORACION SUPERIOR CORSUPERIOR S.A.,INVITACIONES TALLER 20 motivos (400 cada uno),PUBLICOMERCIAL,8000,666.865097,,284.0863444,191.9738333,0.25,12.69493807,0,0,19.42325525,,158.6867259,2.912621359
67704,08/01/2025,BV,INDUSTRIAS ALES C.A,SAMPLING DÍPTICOS NATURELLA,PUBLICOMERCIAL,20000,1453.313939,,655.0463667,548.4403333,0.13,27.66636092,0,0,42.32953221,,179.831346,2.91262136
67709,09/01/2025,ASS,YANBAL ECUADOR S.A,REIMPRESION PLANNER ANUAL 2025,PUBLICOMERCIAL,100,990.83,23405,288.71,536.98,0.15,,,,19.43,,145.71,1.960982207
67706,09/01/2025,MC,SANTIAGO BORJA,LIBRO PASTA DORA,EDITORIAL,100,3698.967426,,1673.357,1143.294381,0.2,70.41628452,0,0,107.7369153,,704.1628452,2.912621359
67707,09/01/2025,BV,HH GLOBAL,Cuaderno A5 - Lanzamiento ML2,PUBLICOMERCIAL,750,2050,,702.76,853.04,0.15,,,183.04,36.61,,274.5529412,1.785853659
67708,09/01/2025,ASS,GRUPO TRANSBEL S.A,Fundas de compras,EMPAQUE,850,1149.996739,,510.824,406.609,0.17,22.10681928,0,0,22.54895566,,187.9079639,1.960784313
67713,10/01/2025,BV,JABONERIA WILSON S.A.,PIZARRA CARTON - 3 motivos,PUBLICOMERCIAL,30000,2700,23449,1260.28,312.54,0.4,,,,78.64,,1048.546667,2.912592593
67710,10/01/2025,BV,JABONERIA WILSON S.A.,AFICHE 4 motivos,PUBLICOMERCIAL,12000,1200,23450,735.1,249.37,0.155,,,,34.95,,180.5832544,2.9125
67711,10/01/2025,BV,CORPORACION SUPERIOR CORSUPERIOR S.A.,AFICHE 4 motivos,PUBLICOMERCIAL,37500,3326.78634,,1865.6117,635.9695,0.21,63.33116962,0,0,96.89668952,,664.977281,2.912621359
67712,10/01/2025,BV,CORPORACION SUPERIOR CORSUPERIOR S.A.,cuelga rejas - 3 motivos,PUBLICOMERCIAL,21000,7156.597549,,4081.138,1027.798,0.25,136.2382933,0,0,208.4445888,,1702.978667,2.912621359
67720,10/01/2025,BV,CORPORACION SUPERIOR CORSUPERIOR S.A.,AFICHES,PUBLICOMERCIAL,150,239.999064,,84.8695,109.3045,0.15,4.5688,0,0,6.990264,,34.266,2.912621359
67721,10/01/2025,BV,REDACOPIO S.A.,INDIVIDUALES 1 MOTIVOS,PUBLICOMERCIAL,120000,1404,,746.81,530.56,0.072,,,,27.53,,99.1062931,1.960826211
67722,10/01/2025,BV,REDACOPIO S.A.,volantes,PUBLICOMERCIAL,5800,260.000737,,105.7465,116.984,0.1,4.949566667,0,0,7.572837,,24.74783333,2.912621359
67723,10/01/2025,ASS,SANTILLANA S.A.,BROCHURE SANTILLANA INCLUSIVA,PUBLICOMERCIAL,1000,335,,137.53,155.99,0.08,,,9.57,6.38,,25.52347826,1.904477612
67724,10/01/2025,ASS,SANTILLANA S.A.,BROCHURE CREO,PUBLICOMERCIAL,1500,585,,307.15,201.52,0.087,,,16.71,11.14,,48.47129244,1.904273504
67725,10/01/2025,ASS,SANTILLANA S.A.,INVITACIONES,PUBLICOMERCIAL,300,270,,119.09,117.48,0.08,,,7.71,5.14,,20.57130435,1.903703704
67728,13/01/2025,CTAG,FEDERACION DE CHOFERES,LEY ORGANIcA TRANSPORTE,EDITORIAL,1100,1925,23406,780.4,990.6,0.08,,,,,,154,
67726,13/01/2025,BV,LÍDERES EDICIONES,"TRAZOS, LETRAS Y NUMEROS",EDITORIAL,3000,10196.82,,4672.71,4871.11,0.05,,,,150.69,,502.3063158,1.477813671
67729,13/01/2025,BV,CORPORACION SUPERIOR CORSUPERIOR S.A.,CAJAS SAN VALENTÍN,EMPAQUE,10000,2827.999827,,1527.288,626.148,0.2,53.8359,0,0,82.368927,,538.359,2.912621359
67731,13/01/2025,ASS,SANTILLANA S.A.,Agenda escolar,PUBLICOMERCIAL,22200,26648.05,,14884.29,7956.9,0.1,,,761.37,507.58,,2537.91,1.904754757
67737,14/01/2025,CTAG,AMC ECUADOR CIA.LTDA.,IMPRESIÓN PLIEGOS KNL FLORES 60X90,PUBLICOMERCIAL,6000,100.8,23407,29.56,69.75,0,,,,1.49,,0,1.478174603
67736,14/01/2025,ASS,OTECEL S.A.,reimpresion libreta tuenti,PUBLICOMERCIAL,1000,1185.904146,23412,471.04,404.3649048,0.232,22.79708085,0,0,23.25302247,,264.4452317,1.960784314
67714,14/01/2025,BV,JABONERIA WILSON S.A.,ROMPE TRAFICO DOBLE LADO,PUBLICOMERCIAL,5000,3000,23443,1560.78,711.06,0.22,,,,87.38,,640.7753846,2.912666667
67715,14/01/2025,BV,JABONERIA WILSON S.A.,TACKER MACHO,PUBLICOMERCIAL,5000,1798.79,23444,1091.12,393.32,0.15,,,,52.39,,261.96,2.912513412
67716,14/01/2025,BV,JABONERIA WILSON S.A.,VIBRIN GOL 500,PUBLICOMERCIAL,2000,400,23445,170.2,171.55,0.12,,,,11.65,,46.60227273,2.9125
67717,14/01/2025,BV,JABONERIA WILSON S.A.,STICKER GRATIS,PUBLICOMERCIAL,10000,300,23446,145.08,117.06,0.1,,,,8.74,,29.12666667,2.913333333
67719,14/01/2025,BV,JABONERIA WILSON S.A.,MARCA PRECIO LAVA,PUBLICOMERCIAL,6000,420,23447,137.1,127.95,0.35,,,,12.23,,142.7192308,2.911904762
67718,14/01/2025,BV,JABONERIA WILSON S.A.,PRECIADOR MULTIMARCA,PUBLICOMERCIAL,90000,1800,23448,1173.97,342.05,0.1325,,,,52.43,,231.553487,2.912777778
67727,14/01/2025,BV,LÍDERES EDICIONES,SOY LIDER 2B,EDITORIAL,3000,20968.06,,10853.02,7326.19,0.12,,,,309.87,,2478.983182,1.477819121
67730,14/01/2025,CTAG,BICO INTERNACIONAL S.A.,AFICHES,PUBLICOMERCIAL,11000,490.782,,115.43,293.555,0.15,9.623176471,0,0,0,,72.17382353,0
67732,14/01/2025,ASS,SANTILLANA S.A.,ARTE GALERIA 2-7 CONECTA,EDITORIAL,650,1456.34,,619.63,698.01,0.05,,41.61,,27.74,,69.34947368,1.904774984
67733,14/01/2025,ASS,SANTILLANA S.A.,AULA ACTIVA - PASTA DURA,EDITORIAL,650,5108.41,,2311.39,2310.5,0.05,,145.95,,97.3,,243.2573684,1.904702246
67734,14/01/2025,ASS,SANTILLANA S.A.,Conecta: Trazos 1 1EGB,EDITORIAL,500,1375.7,,573.37,671.31,0.05,,,39.31,26.2,,65.50947368,1.904484989
67735,14/01/2025,CTAG,GAD CAÑAR,IMPRESIÓN LIBRO,EDITORIAL,500,6464.05,,3131.01,1862.68,0.1,,,832.28,83.23,,554.8544444,1.287582862
67738,14/01/2025,ASS,SANTILLANA S.A.,DIBUJO TÉCNICO 8 al 10,EDITORIAL,600,2320.81,,982.45,1117.33,0.05,,,66.31,44.21,,110.5147368,1.904938362
67739,14/01/2025,ASS,SANTILLANA S.A.,DIBUJO TÉCNICO 8 al 10 - anillado,EDITORIAL,600,2419.73,,1072.45,1116.83,0.05,,,69.14,46.09,,115.2252632,1.904757969
67740,14/01/2025,ASS,SANTILLANA S.A.,Expresion oral y escrita 1EGB y Medio Natural y Social 1EGB y Relaciones lógica y matemática 1EGB,EDITORIAL,500,2605.25,,1065.1,1292.03,0.05,,,74.44,49.62,,124.0594737,1.90461568
67741,14/01/2025,ASS,SANTILLANA S.A.,ORTOGRAFÍA 8 al 10 y TALLERES LECTURA BACH 1 al 3,EDITORIAL,500,1964.36,,825.67,951.61,0.05,,,56.12,37.42,,93.54105263,1.90494614
67742,14/01/2025,BV,JABONERIA WILSON S.A.,CUAERNO A5 PASTA DURA,PUBLICOMERCIAL,1000,1680,,698.1,769.86,0.1,,,,48.93,,163.1066667,2.9125
67743,14/01/2025,BV,JABONERIA WILSON S.A.,CUAERNO A5 PASTA RÚSTICA,PUBLICOMERCIAL,1000,1290,,574.92,527.22,0.12,,,,37.57,,150.2918182,2.912403101
67744,14/01/2025,ASS,HOSPITAL DE LOS VALLES,CAJA PASTA DURA,EMPAQUE,250,2950.001376,,1499.1515,213.4598333,0.396,56.70898455,0,0,57.84316424,,1122.837894,1.960784314
67748,15/01/2025,ASS,EMPRESA OPERADORA METRO DE MEDELLIN TRANSDEV EOMMT S.A.S.,cuaderno,PUBLICOMERCIAL,21,1850.935203,23408,152.27,1270.9742,0.2,35.58122267,0,0,36.29284712,,355.81105,1.960784314
67750,15/01/2025,ASS,INTRIAGO FRAY OSCAR PASTOR,libros EXPRESS ARTE 2 - ALUMNO Y DOCENTE,EDITORIAL,2000,4100,23409,2041.12,1785.55,0.02,,117.14,,78.1,,78.09530612,1.904878049
67751,15/01/2025,ASS,INTRIAGO FRAY OSCAR PASTOR,libros EXPRESS ARTE 3 - ALUMNO Y DOCENTE,EDITORIAL,2000,4100,23410,1950.91,1651.24,0.0775,,117.14,,78.1,,302.6196477,1.904878049
67752,15/01/2025,ASS,INTRIAGO FRAY OSCAR PASTOR,libros EXPRESS ARTE 4 - ALUMNO Y DOCENTE,EDITORIAL,2000,3800,23411,1864.9,1500.81,0.07,,108.57,,72.38,,253.3330108,1.904736842
67746,15/01/2025,MC,IVAN TORRES,libros lectura,EDITORIAL,1000,2171.04,,974.48,1047.57,0.05,,,,42.57,,106.4236842,1.960811408
67747,15/01/2025,BV,Editorial Amazonas,DIPLOMAS,PUBLICOMERCIAL,21,63,,29.84,22.15,0.15,,,,1.83,,9.174705882,2.904761905
67749,15/01/2025,BV,HINODE,CATÁLOGO HINODE,PUBLICOMERCIAL,800,1352.003199,,509.0235,546.223619,0.18,25.73773461,0,0,39.37873395,,231.6396115,2.912621359
67753,15/01/2025,CTAG,ECUAEMPAQUES,SERVICIO IMPRESIÓN PLIEGOS,PUBLICOMERCIAL,19500,789.9998313,,105.96,489.265,0.17,14.34277108,0,58.51850602,0,,121.9135542,0
67755,16/01/2025,ASS,INTRIAGO FRAY OSCAR PASTOR,libros EXPRESS ARTE 5 - ALUMNO Y DOCENTE,EDITORIAL,2000,3800,23413,1963.41,1655.64,0,,108.57,,72.38,,0,1.904736842
67756,16/01/2025,ASS,INTRIAGO FRAY OSCAR PASTOR,libros EXPRESS ARTE 6 - ALUMNO Y DOCENTE,EDITORIAL,2000,3800,23414,1764.81,1492.33,0.1,,108.57,,72.38,,361.9044444,1.904736842
67757,16/01/2025,ASS,INTRIAGO FRAY OSCAR PASTOR,LIBROS EXPRESS ARTE 7 - ALUMNO Y DOCENTE,EDITORIAL,2000,3800,23415,1764.81,1492.33,0.1,,108.57,,72.38,,361.9044444,1.904736842
67758,16/01/2025,CTAG,CHAIDE Y CHAIDE S.A,COD 26 - CERTIFICADO GARANTIA CHN CONFORT TOP,PUBLICOMERCIAL,50,4,23416,14.53,-10.53,0,,,,,,0,
67767,16/01/2025,ASS,INTRIAGO FRAY OSCAR PASTOR,libros EXPRESS ARTE 8 - ALUMNO Y DOCENTE,EDITORIAL,2000,3800,23417,1864.9,1500.81,0.07,,108.57,,72.38,,253.3330108,1.904736842
67768,16/01/2025,ASS,INTRIAGO FRAY OSCAR PASTOR,libros EXPRESS ARTE 9 - ALUMNO Y DOCENTE,EDITORIAL,2000,3800,23418,1864.9,1500.81,0.07,,108.57,,72.38,,253.3330108,1.904736842
67769,16/01/2025,ASS,INTRIAGO FRAY OSCAR PASTOR,libros EXPRESS ARTE 10 - ALUMNO Y DOCENTE,EDITORIAL,2000,3800,23419,1864.9,1500.81,0.07,,108.57,,72.38,,253.3330108,1.904736842
67770,16/01/2025,ASS,INTRIAGO FRAY OSCAR PASTOR,libros EXPRESS ARTE 1BGU - ALUMNO Y DOCENTE,EDITORIAL,2000,3800,23420,1864.9,1500.81,0.07,,108.57,,72.38,,253.3330108,1.904736842
67771,16/01/2025,ASS,INTRIAGO FRAY OSCAR PASTOR,libros EXPRESS ARTE 2BGU - ALUMNO Y DOCENTE,EDITORIAL,2000,3800,23421,1864.9,1500.81,0.07,,108.57,,72.38,,253.3330108,1.904736842
67762,16/01/2025,ASS,OTECEL S.A.,"VOLANTES movistar 2 motivos PAY JOY VOL136.1	y pos pagoVOL151.1",PUBLICOMERCIAL,130200,2570.410957,23423,1019.2716,784.2655,0.27,49.41197534,0,0,50.40021485,,667.0616671,1.960784314
67763,16/01/2025,ASS,OTECEL S.A.,TRIP29.1 - TRÍPTICOS - movistar,PUBLICOMERCIAL,98600,2514.298248,23424,1099.986156,954.1790794,0.15,48.33329965,0,0,49.29996564,,362.4997474,1.960784313
67764,16/01/2025,ASS,OTECEL S.A.,AFICHES tuenti COMBO $2 Y $8 - AFI580.1 y AFICHES tuenti CHIP - AFI579.1,PUBLICOMERCIAL,63500,13414.49551,23432,6444.8801,4256.803167,0.17,257.8718859,0,0,263.0293237,,2191.911031,1.960784314
67765,16/01/2025,ASS,OTECEL S.A.,STICKER ayudaventas tuenti - STIC780,PUBLICOMERCIAL,34700,2498.399723,23433,1156.180133,332.6778333,0.38,48.02767634,0,0,48.98822987,,912.5258503,1.960784314
67766,16/01/2025,ASS,OTECEL S.A.,VOLANTE tuenti - VOL151.1,PUBLICOMERCIAL,108000,1943.997446,23434,610.0140429,810.0532959,0.24,37.37019313,0,0,38.11759699,,448.4423175,1.960784314
67754,16/01/2025,BV,PUCE STORE,FUNDAS SHOPPING,EMPAQUE,100,684.998204,,399.1775,89.8275,0.25,13.04013333,0,0,19.951404,,163.0016667,2.912621359
67759,16/01/2025,ASS,AGLOMERADOS COTOPAXI S.A,indiviudalES,PUBLICOMERCIAL,50,80,,27.18,43.41,0.1,,,,1.57,,7.843333333,1.9625
67760,16/01/2025,CTAG,ROMMEL VERNAZA,ANUARIO 6to GRADO 2025,EDITORIAL,150,4275.003489,,1909.7302,1476.247643,0.18,82.58482544,0,0,63.17739146,,743.263429,1.477832512
67761,16/01/2025,ASS,ATEDUCA CIA. LTDA.,Cuaderno de actividades,EDITORIAL,1500,2144.32,,951.4,1045.76,0.05,,,,42.05,,105.1136842,1.960994628
67774,17/01/2025,CTAG,AMC ECUADOR CIA.LTDA.,reIMPRESIÓN PLIEGOS mjs 60X90,PUBLICOMERCIAL,7000,116.31,23425,30.06,77.09,0.065,,,,1.72,,7.448930481,1.478806637
67776,17/01/2025,ASS,INTRIAGO FRAY OSCAR PASTOR,libros EXPRESS ARTE 1,EDITORIAL,2000,4200,23426,1873.92,1658.08,0.117,,120,,80,,468,1.904761905
67772,17/01/2025,ASS,VALO,Manual Booklet Mi primer Enfagrow,EDITORIAL,18000,5300,,2404.47,1368.41,0.16,,,718.64,89.83,,718.6438095,1.69490566
67773,17/01/2025,CTAG,FEDERACION DE CHOFERES,libros MANUAL DE CAPACITACIÓN,EDITORIAL,1500,3582.614994,,1515.368,1615.072286,0.1,104.3480095,0,0,0,,347.8266984,0
67775,17/01/2025,BV,INDUSTRIAS ALES C.A,CAJA PASTA DURA - naturella,EMPAQUE,400,2160.755623,,1017.3695,833.6490238,0.1,41.13374497,0,0,62.93462981,,205.6687249,2.91262136
67777,17/01/2025,BV,ESSITY,AGENDAS PERSONALIZADOS 2025,PUBLICOMERCIAL,200,1580,,654.82,710.42,0.11,,,,46.02,,168.7375281,2.912658228
67779,18/01/2025,ASS,SANTILLANA S.A.,Tareas,EDITORIAL,500,816.6,,332.49,406.34,0.05,,,23.33,15.55,,38.88578947,1.904237081
67780,18/01/2025,ASS,SANTILLANA S.A.,# SOY ECUADOR 1 al 10,EDITORIAL,750,1409.04,,582.31,692.54,0.05,,40.26,,26.84,,67.09736842,1.904843014
67781,18/01/2025,ASS,SANTILLANA S.A.,# SOY ECUADOR 1 al 10,EDITORIAL,1000,1841.39,,809.01,857.02,0.05,,52.61,,35.07,,87.68578947,1.904539505
67783,20/01/2025,BV,Nature´s Sunshine,cuaderno pasta dura - earthpact,PUBLICOMERCIAL,300,1776.427146,,611.5704374,876.3944286,0.12,33.81738332,0,0,51.74059648,,202.9042999,2.912621359
67784,20/01/2025,CTAG,METRO,PORTADA FALSA,PUBLICOMERCIAL,3000,422.316125,,209.4825,157.6425,0.1,8.158333333,0,0,6.241125,,40.79166667,1.477832512
67785,20/01/2025,CTAG,METRO,Lonchera,PUBLICOMERCIAL,3000,404.4871087,,154.8255,196.8005,0.1,7.813911111,0,0,5.977642,,39.06955556,1.477832512
67778,21/01/2025,ASS,SANTILLANA S.A.,AULA ACTIVA,EDITORIAL,280,1602.19,,655.77,793.83,0.05,,45.78,,30.52,,76.29473684,1.904892678
67782,21/01/2025,ASS,SANTILLANA S.A.,CUENTOS,EDITORIAL,1300,3258.13,,1517.72,1430.11,0.05,,93.09,,62.06,,155.1489474,1.904773597
67786,21/01/2025,ASS,AGLOMERADOS COTOPAXI S.A,DAMERO grande con nidos 2025,PUBLICOMERCIAL,2500,23711.08,,12690.16,1489.99,0.39,,,,464.92,,9065.997541,1.960771083
67787,21/01/2025,CTAG,HIDALGO VILLARREAL MARIA FERNANDA,revista TAMAÑO OFICIO,PUBLICOMERCIAL,500,2199.193846,,908.0425,1003.745833,0.1,42.48418519,0,0,32.50040167,,212.4209259,1.477832513
67788,21/01/2025,CTAG,ESCUELA POLITECNICA NACIONAL,DIPTICO,PUBLICOMERCIAL,2500,331.06384,,132.034,107.8673333,0.15,5.644737255,0,43.18224,0,,42.33552941,0
67789,21/01/2025,CTAG,ESCUELA POLITECNICA NACIONAL,AFICHES - IMPRESION DIGITAL,PUBLICOMERCIAL,1100,1054.848318,,112.4155,642.1255,0.15,17.75390588,0,135.81738,13.581738,,133.1542941,1.287553648
67790,21/01/2025,CTAG,ESCUELA POLITECNICA NACIONAL,TRIPTICO A4,PUBLICOMERCIAL,41000,3046.597488,,1351.5672,827.6870833,0.15,51.27657137,0,392.265771,39.2265771,,384.5742853,1.287553648
67791,21/01/2025,CTAG,ESCUELA POLITECNICA NACIONAL,TARJETAS PRESENTACION,PUBLICOMERCIAL,200,197.1283685,,56.87325,84.13416667,0.15,3.317821569,0,25.381335,2.5381335,,24.88366177,1.287553648
67792,21/01/2025,CTAG,ESCUELA POLITECNICA NACIONAL,LIBRETINES,PUBLICOMERCIAL,6000,5476.151535,,2207.8885,1709.244214,0.15,92.16782857,0,705.0838886,70.50838886,,691.2587142,1.287553648
67793,21/01/2025,CTAG,ESCUELA POLITECNICA NACIONAL,CARPETAS,PUBLICOMERCIAL,1500,905.00928,,400.25,247.11,0.15,15.232,0,116.5248,11.65248,,114.24,1.287553648
67794,21/01/2025,CTAG,ESCUELA POLITECNICA NACIONAL,SOBRE F3,PUBLICOMERCIAL,1000,581.21151,,211.74,204.005,0.15,9.782235294,0,74.8341,7.48341,,73.36676471,1.287553648
67795,21/01/2025,ASS,VALO,GUÍAS DE ALIMENTACIÓN,PUBLICOMERCIAL,1500,4440.000227,,1675.4085,1497.074214,0.14,73.77866777,0,602.033929,75.25424113,,516.4506744,1.694915254
67796,21/01/2025,ASS,VALO,RECETARIOS ENFAGROW,PUBLICOMERCIAL,2000,3099.999624,,1003.9605,1211.060833,0.14,51.51212403,0,420.3389321,52.54236651,,360.5848682,1.694915254
67797,21/01/2025,ASS,MALCRIADITOS,Tarjetas y manual,PUBLICOMERCIAL,500,2110.287085,,881.5385333,842.5522222,0.15,40.56684131,0,0,41.37817813,,304.2513098,1.960784313
67798,21/01/2025,ASS,MALCRIADITOS,cajas pasta dura,EMPAQUE,500,876.9389616,,308.8509,407.6025,0.15,16.85772706,0,0,17.1948816,,126.4329529,1.960784314
67803,22/01/2025,CTAG,AMC ECUADOR CIA.LTDA.,REIMPRESIÓN PLIEGOS KNL FLORES 60X90,PUBLICOMERCIAL,30000,504,23427,59.45,419.35,0.05,,,,,,25.2,
67818,22/01/2025,ASS,OTECEL S.A.,Volante Mr Beast - VOL123.1,PUBLICOMERCIAL,1000,423.0042,23428,88.0725,119.2825,0.49,8.131568627,0,0,8.2942,,199.2234314,1.960784314
67807,22/01/2025,MC,TIPAN UMATAMBO SEGUNDO MARCO,REIMPRESIÓN LIBRO AVENTURAS DE ESCRIBIR PLUS 3,PUBLICOMERCIAL,2000,3300,23430,1088.99,1619.5,0.13,,93.4,,93.4,,404.7168966,2.83030303
67811,22/01/2025,MC,TIPAN UMATAMBO SEGUNDO MARCO,REIMPRESIÓN LIBRO AVENTURAS DE ESCRIBIR PLUS 7,PUBLICOMERCIAL,2000,3300,23431,1088.99,1619.5,0.13,,93.4,,93.4,,404.7168966,2.83030303
67799,22/01/2025,BV,INDUSTRIAS ALES C.A,CAJA PASTA DURA - naturella -NUEVO DISEÑO,EMPAQUE,400,1990.002347,,809.8545,857.0045,0.12,37.88315909,0,0,57.96123341,,227.2989545,2.912621359
67800,22/01/2025,BV,DIEGO AUQUILLA,ÁLBUMES,PUBLICOMERCIAL,10000,3931.39,,1939.71,1419.14,0.12,,,,114.51,,458.025,2.912710263
67801,22/01/2025,ASS,BFS ECUADOR S.A,caja acca kappa - base y tapa,EMPAQUE,250,1649.997037,,791.8375,239.0141667,0.35,31.71851282,0,0,32.35288308,,555.0739744,1.960784314
67802,22/01/2025,MC,YUNNY RIVERA CUSME,LIBRO cALIGRAFITO 1,EDITORIAL,2000,5847.889346,,2549.478,2365.509905,0.117,111.3247544,0,0,170.3268742,,651.249813,2.91262136
67804,22/01/2025,MC,TIPAN UMATAMBO SEGUNDO MARCO,REIMPRESIÓN PRE ESCRITURA - PRE MATEMATICA - PRE ESCRITURA 1,PUBLICOMERCIAL,2000,4793.34,,1725.35,2299.25,0.11,,135.66,,135.66,,497.4224719,2.83017687
67805,22/01/2025,MC,EDITORIAL MAR VARIABLE,FOLLETO ENCOLADO,PUBLICOMERCIAL,500,2149.99696,,961.9877,818.4209762,0.13,40.92893508,0,0,62.62127068,,266.0380781,2.912621359
67806,22/01/2025,MC,TIPAN UMATAMBO SEGUNDO MARCO,reimpresión aventuritas y letritas 2 CUADERNO DE TRABAJO,PUBLICOMERCIAL,2000,4891.5,,1750.47,2310.4,0.12,,,138.44,138.44,,553.755,2.83021568
67808,22/01/2025,MC,TIPAN UMATAMBO SEGUNDO MARCO,REIMPRESIÓN LIBRO AVENTURAS DE ESCRIBIR PLUS 4,EDITORIAL,1500,2700,,861.17,1354.87,0.13,,76.42,,76.42,,331.1324138,2.83037037
67809,22/01/2025,MC,TIPAN UMATAMBO SEGUNDO MARCO,REIMPRESIÓN LIBRO AVENTURAS DE ESCRIBIR PLUS 5,EDITORIAL,1500,2700,,861.17,1354.87,0.13,,76.42,,76.42,,331.1324138,2.83037037
67810,22/01/2025,MC,TIPAN UMATAMBO SEGUNDO MARCO,REIMPRESIÓN LIBRO AVENTURAS DE ESCRIBIR PLUS 6,EDITORIAL,1500,2700,,861.17,1354.87,0.13,,76.42,,76.42,,331.1324138,2.83037037
67812,22/01/2025,BV,JABONERIA WILSON S.A.,MAPA EN CINTRA,PUBLICOMERCIAL,1,55,,56,-13.28,0.2,,,,1.6,,10.68,2.909090909
67813,22/01/2025,MC,TIPAN UMATAMBO SEGUNDO MARCO,REIMPRESIÓN libro aventuras del arte 1,EDITORIAL,2000,3050.06,,1335.37,1439.9,0.0355,,86.32,,86.32,,102.1483515,2.83010826
67814,22/01/2025,MC,TIPAN UMATAMBO SEGUNDO MARCO,REIMPRESIÓN libro aventuras del arte 2,EDITORIAL,2000,3050.06,,1335.37,1439.9,0.0355,,,86.32,86.32,,102.1483515,2.83010826
67815,22/01/2025,MC,TIPAN UMATAMBO SEGUNDO MARCO,REIMPRESIÓN libro aventuras del arte 3,EDITORIAL,2000,3050.06,,1335.37,1439.9,0.0355,,,86.32,86.32,,102.1483515,2.83010826
67816,22/01/2025,MC,TIPAN UMATAMBO SEGUNDO MARCO,reimpresión libro aventuras del arte 4,EDITORIAL,2000,3050.06,,1335.37,1439.9,0.0355,,,86.32,86.32,,102.1483515,2.83010826
67817,22/01/2025,BV,INDUSTRIAL DANEC,VOLANTES 2 MOTIVOS (2.000 de cada uno),PUBLICOMERCIAL,4000,160,,70.22,79.53,0.05,,,,2.36,,7.881578947,1.475
67819,22/01/2025,MC,TIPAN UMATAMBO SEGUNDO MARCO,reimpresión libro aventuras del arte 5,EDITORIAL,2000,3050.06,,1335.37,1439.9,0.0355,,,86.32,86.32,,102.1483515,2.83010826
67820,22/01/2025,MC,TIPAN UMATAMBO SEGUNDO MARCO,reimpresión libro aventuras del arte 6,EDITORIAL,2000,3050.06,,1335.37,1439.9,0.0355,,,86.32,86.32,,102.1483515,2.83010826
67821,22/01/2025,MC,TIPAN UMATAMBO SEGUNDO MARCO,reimpresión libro aventuras del arte 7,EDITORIAL,2000,3050.06,,1335.37,1439.9,0.0355,,,86.32,86.32,,102.1483515,2.83010826
67829,23/01/2025,CTAG,FEDERACION DE CHOFERES,REIMPRESIÓN conductores profesionales modulo 1,PUBLICOMERCIAL,1500,3524.997581,23429,1109.0615,1714.188643,0.1145,127.532474,159.4155925,0,49.73766485,,365.0617068,1.410998553
67830,23/01/2025,ASS,OTECEL S.A.,Volante tuenti - VOL148.1,PUBLICOMERCIAL,90000,1619.99712,23435,739.9115,385.0865,0.2775,31.14181315,0,0,31.76464941,,432.0926574,1.960784314
67825,23/01/2025,ASS,HH GLOBAL,Stickers Ensure,PUBLICOMERCIAL,3750,374.9989623,,160.3776938,101.3364375,0.16,6.231288839,0,50.84731693,6.355914616,,49.85031072,1.694915254
67826,23/01/2025,ASS,HH GLOBAL,Fundas de Papel Ensure,PUBLICOMERCIAL,3000,2880,,951.17,1099,0.16,,,390.51,48.81,,390.5085714,1.694791667
67827,23/01/2025,ASS,BFS ECUADOR S.A,FUNDA DE PAPEL con repujado,PUBLICOMERCIAL,250,649.99704,,351.1325,179.9108333,0.15,12.49513725,0,0,12.74504,,93.71352941,1.960784314
67828,23/01/2025,ASS,ORGANIZACION PANAMERICANA DE LA SALUD - ORGANIZACION MUNDIAL DE LA SALUD,CARTILLAS TIPO DIPTCO 10 motivos,PUBLICOMERCIAL,10000,1520.307692,,720.7435,448.2743333,0.2,29.22544583,0,0,29.80995475,,292.2544583,1.960784314
67831,23/01/2025,ASS,BFS ECUADOR S.A,caja acca kappa - base y tapa - PEQUEÑA,EMPAQUE,250,1437.979973,,656.6387,227.9318333,0.36,27.64282917,0,0,28.19568575,,497.570925,1.960784314
67832,23/01/2025,ASS,FABIÁN GAVILANEZ,CUADERNO PASTA DURA,PUBLICOMERCIAL,100,1293.939771,,460.2654187,659.0596429,0.1,24.87389026,0,0,25.37136806,,124.3694513,1.960784314
67833,23/01/2025,ASS,SANTILLANA S.A.,DIPTICO A4,PUBLICOMERCIAL,500,225,,82.49,121.09,0.05,,6.43,,4.29,,10.71473684,1.906666667
67834,24/01/2025,BV,INDUSTRIAS ALES C.A,AFICHES CARNAVAL,PUBLICOMERCIAL,150,179.9970297,,70.738,80.0305,0.12,3.426556818,0,0,5.242631932,,20.55934091,2.912621359
67835,24/01/2025,BV,ESSITY,AGENDAS PERSONALIZADOS 2025,PUBLICOMERCIAL,200,1660,,680.37,807.91,0.09,,,,24.53,,147.1925275,1.477710843
67836,24/01/2025,CTAG,FRANCISCO URGILE,CUAERNO A5 - PASTA RÚSTICA,PUBLICOMERCIAL,100,575.0013442,,206.3602,231.2359524,0.15,10.29638006,0,42.00923063,7.876730743,,77.22285042,1.369863014
67837,24/01/2025,CTAG,FRANCISCO URGILE,CUAERNO A5 - PASTA DURA,PUBLICOMERCIAL,100,665.0029594,,231.3469132,274.743619,0.15,11.90801252,0,48.5846911,9.10962958,,89.31009392,1.369863014
67841,27/01/2025,CTAG,ALISERVIS S.A.,VOLANTES NACIONAL FEBRERO $7.99 inc. IVA,PUBLICOMERCIAL,427750,4491.379878,23437,2485.696275,1301.58725,0.127,86.76480011,0,0,66.37507209,,550.9564807,1.477832512
67842,27/01/2025,ASS,MEDIOS PUBLICITARIOS ZAMBRANO MALDONADO WONDERWORLDECUADOR CIA. LTDA.,REVISTAS WHISKY,PUBLICOMERCIAL,1200,4140,23438,1806.94,1533.06,0.165,,80,,60,,660,1.449275362
67838,27/01/2025,BV,DIEGO AUQILLA,PORTA TITULO,PUBLICOMERCIAL,3000,4500,,1990.78,270.09,0.48,,,86.96,65.22,,2086.956923,1.449333333
67843,27/01/2025,BV,JABONERIA WILSON S.A.,AFICHE 4 motivos,PUBLICOMERCIAL,12000,2160,,1260.57,442.27,0.188,,,,62.91,,394.2535961,2.9125
67822,28/01/2025,MC,TIPAN UMATAMBO SEGUNDO MARCO,reimpresión libro aventuras del arte 8,EDITORIAL,2000,3050.06,,1335.37,1439.9,0.0355,,,86.32,86.32,,102.1483515,2.83010826
67823,28/01/2025,MC,TIPAN UMATAMBO SEGUNDO MARCO,reimpresión libro aventuras del arte 9,EDITORIAL,2000,3050.06,,1335.37,1439.9,0.0355,,,86.32,86.32,,102.1483515,2.83010826
67824,28/01/2025,MC,TIPAN UMATAMBO SEGUNDO MARCO,reimpresión libro aventuras del arte 10,EDITORIAL,2000,2946.39,,1312.82,1368.12,0.0355,,,83.39,83.39,,98.67638154,2.830243111
67839,28/01/2025,ASS,SANTILLANA S.A.,RLP PERSONAL BEST AM ED A1 SPLIT A E-STUDENTS + E-WORKBOOK,EDITORIAL,750,387.54,,162.35,188.27,0.05,,11.07,,7.38,,18.45368421,1.904319554
67840,28/01/2025,ASS,SANTILLANA S.A.,libros 1x1 bond beige 70gr,EDITORIAL,1000,1882.01,,845.59,857.18,0.05,,53.77,,35.85,,89.61947368,1.904878295
67845,28/01/2025,CTAG,Christian Mena,cuaderno pasta dura,PUBLICOMERCIAL,200,949.9960997,,349.2985253,458.1935714,0.12,18.35209311,0,0,14.03935123,,110.1125586,1.477832513
67846,28/01/2025,CTAG,CHRISTIAN MENA,cuaderno PORTADA MADERA MDF,PUBLICOMERCIAL,200,779.9999007,,387.3892,215.3345714,0.2,15.06809429,0,0,11.52709213,,150.6809428,1.477832512
67847,28/01/2025,BV,DIEGO AUQILLA,PORTA TITULO,PUBLICOMERCIAL,3000,1996.004923,,642.9175,686.9925,0.3,37.99742857,0,0,58.13606571,,569.9614286,2.912621359
67850,28/01/2025,ASS,SANTILLANA S.A.,Lengua y Mate 2EGB AL 10EGB - Naturales y Sociales 2EGB AL 10EGB,EDITORIAL,600,4575.27,,1829.02,2310.52,0.05,,130.72,,87.15,,217.8705263,1.904805618
67859,29/01/2025,ASS,BFS ECUADOR,TRIPTICOS con desprendible,PUBLICOMERCIAL,4000,598.0009386,23442,299.1656444,160.6582222,0.2,11.49559667,0,0,11.7255086,,114.9559667,1.960784314
67860,29/01/2025,ASS,OTECEL S.A.,CUADERNO CONVENCIÓN - CAYFO39,PUBLICOMERCIAL,250,2900.248407,23451,659.5058308,901.5659762,0.44,55.75256454,0,0,56.86761583,,1226.55642,1.960784314
67848,29/01/2025,BV,DIEGO AUQUILLA,INVITACIÓN INCORPORACIONES,PUBLICOMERCIAL,950,899.9283886,,479.651375,119.95825,0.3,17.13170357,0,0,26.21150646,,256.9755536,2.912621359
67849,29/01/2025,BV,DIEGO AUQUILLA,LIBROS INCORPORACIONES,PUBLICOMERCIAL,950,2138.124014,,1160.7965,508.0229286,0.18,40.70291289,0,0,62.27545672,,366.326216,2.912621359
67851,29/01/2025,BV,DIEGO AUQUILLA,STICKERS PLATEADOS PARA SOBRES INCORPORACIONES,PUBLICOMERCIAL,950,274.8595685,,187.350875,35.02741667,0.15,5.232430392,0,0,8.0056185,,39.24322794,2.912621359
67852,29/01/2025,BV,DIEGO AUQUILLA,SOBRES INCORPORACIONES,PUBLICOMERCIAL,950,1180.53,,1016.57,146.52,0,,,,17.45,,0,1.478149645
67853,29/01/2025,BV,ESSITY / FAMILIA SANCELA,AFICHES TAT,PUBLICOMERCIAL,30000,2114.77,,1346.12,445.7,0.14,,,,31.25,,291.6916279,1.477702067
67854,29/01/2025,BV,ESSITY / FAMILIA SANCELA,cuelga rejas reyes TAT,PUBLICOMERCIAL,5000,1692.69,,988.68,378.81,0.18,,,,25.02,,300.1807317,1.478120625
67855,29/01/2025,ASS,WORLD VISION,Folleto 5 valores y principios que te harán un mejor jugador,PUBLICOMERCIAL,2258,997.0557527,,441.6701,376.9306821,0.15,19.26119487,0,0,14.73481408,,144.4589615,1.477832512
67856,29/01/2025,BV,ESSITY / FAMILIA SANCELA,VOLANTES TAT,PUBLICOMERCIAL,30000,493.97,,198.88,200.19,0.18,,,,7.3,,87.60073171,1.47782254
67857,29/01/2025,BV,ESSITY / FAMILIA SANCELA,AFICHES MAP,PUBLICOMERCIAL,1000,189.68,,96.93,89.94,0,,,,2.8,,0,1.476170392
67858,29/01/2025,BV,ESSITY / FAMILIA SANCELA,VIBRINES MAP,PUBLICOMERCIAL,2000,462.75,,204.6,183.01,0.12,8.81,,,13.48,,52.85590909,2.913019989
67861,30/01/2025,CTAG,JARAMILLO VELASTEGUI ANGEL IGNACIO,LIBRO A4 PARA RÚSTICA,EDITORIAL,240,2695,,1186.08,1063.01,0.136,52.06,,,39.83,,354.0234259,1.477922078
67862,30/01/2025,CTAG,JARAMILLO VELASTEGUI ANGEL IGNACIO,LIBRO A4 PASTA DURA,EDITORIAL,240,3060,,1484.24,1069.45,0.136,59.11,,,45.22,,401.9697222,1.477777778
67863,30/01/2025,ASS,BFS ECUADOR S.A,caja acca kappa - base y tapa,EMPAQUE,250,2990,,1588.12,279.92,0.35,57.48,,,58.63,,1005.867692,1.960869565
67864,30/01/2025,ASS,BFS ECUADOR S.A,caja acca kappa - base y tapa - PEQUEÑA,EMPAQUE,250,2150,,1074.81,247.76,0.36,41.33,,,42.16,,743.945625,1.960930233
67865,30/01/2025,ASS,BFS ECUADOR S.A,FUNDA DE PAPEL - cartulina especial,PUBLICOMERCIAL,250,850,,462.88,190.71,0.2,16.34,,,16.67,,163.3975,1.961176471
67867,31/01/2025,ASS,OTECEL S.A.,VOLANTES pay joy - VOL122.1,PUBLICOMERCIAL,200,416.00394,23439,58.7275,101.2125,0.6,7.997,0,0,8.15694,,239.91,1.960784314
67872,31/01/2025,ASS,OTECEL S.A.,VOLANTES POS PAGO - VOL123.1,PUBLICOMERCIAL,1000,422.9994477,23440,68.0725,110.82,0.56,8.131477273,0,0,8.294106818,,227.6813636,1.960784314
67873,31/01/2025,ASS,OTECEL S.A.,TRIP2.2 - TRÍPTICOS - movistar,PUBLICOMERCIAL,1000,586.5002015,23441,134,130.9510714,0.53,11.27451368,0,0,11.50000395,,298.7746124,1.960784314
67866,31/01/2025,ASS,SANTILLANA S.A.,ETIQUETAS ADHESIVAS CODIGOS VARIABLES,PUBLICOMERCIAL,39700,2890,,318.18,2110.39,0.1,53.97,,82.57,55.05,,269.8411111,1.904844291
67871,31/01/2025,CTAG,HIDALGO VILLARREAL MARIA FERNANDA,MANUAL,PUBLICOMERCIAL,200,998,,370.62,516.24,0.08,19.28,,,14.75,,77.11826087,1.477955912
67874,31/01/2025,ASS,WORLD VISION,"Folleto, GO Baby GO, Hitos Desarrollo del Infante",PUBLICOMERCIAL,676,1220.01,,451.07,550.58,0.15,23.57,,,18.03,,176.7617647,1.477856739
67875,31/01/2025,BV,FLACSO,CUADERNOS,PUBLICOMERCIAL,600,965,,456.7,369.97,0.1,18.37,,,28.11,,91.85222222,2.912953368
67876,31/01/2025,BV,FLACSO,TRÍPTICO,PUBLICOMERCIAL,600,210,,79.57,100.33,0.1,4,,,6.12,,19.98888889,2.914285714
67882,03/02/2025,ASS,BOOKS & BITS ECUADOR S.A.,BLOCK DE NOTAS,PUBLICOMERCIAL,2000,1160,23473,442.96,499.17,0.155,22.3,,,22.75,,172.8167456,1.961206897
67877,03/02/2025,CTAG,F.V. - AREA ANDINA S.A.,ROMPETRÁFICO FV - 2 modelos,PUBLICOMERCIAL,2000,650,,340.29,264.22,0.07,,,,,,45.50075269,
67878,03/02/2025,CTAG,F.V. - AREA ANDINA S.A.,Cuaderno tipo agenda,PUBLICOMERCIAL,1000,2100,,1185.8,708.4,0.098,,,,,,205.8,
67879,03/02/2025,CTAG,F.V. - AREA ANDINA S.A.,LIBRETA,PUBLICOMERCIAL,1000,850,,406.87,396.38,0.055,,,,,,46.75,
67880,03/02/2025,CTAG,BICO INTERNACIONAL S.A.,CENEFA DE BANDEJA 2025,PUBLICOMERCIAL,8000,1186.41,,584.54,467.45,0.1,,,,17.53,,116.8877778,1.477566777
67881,03/02/2025,CTAG,HIDALGO VILLARREAL MARIA FERNANDA,ANUARIO PASTA DURA,EDITORIAL,110,2514.32,,1204.44,981.29,0.1,48.57,,,37.16,,242.8588889,1.477934392
67883,03/02/2025,CTAG,BICO INTERNACIONAL S.A.,Membretes - 2 motivos,PUBLICOMERCIAL,70000,2450,,1469.25,368.25,0.25,,,,,,612.5,
67885,04/02/2025,BV,INDUSTRIAS ALES C.A,PRECIADOR,PUBLICOMERCIAL,4000,298,,130.38,124.9,0.1,5.67,,,8.68,,28.36444444,2.912751678
67886,04/02/2025,CTAG,F.V. - AREA ANDINA S.A.,BANDERINES,PUBLICOMERCIAL,10000,3300,,2225.75,348.25,0.22,,,,,,726,
67887,04/02/2025,ASS,Guada Teran Gisela Alejandra,Agenda pasta dura tipo moleskin,PUBLICOMERCIAL,200,1350,,667.09,332.04,0.23,25.95,,,26.47,,298.4414286,1.960740741
67888,04/02/2025,ASS,Guada Teran Gisela Alejandra,Agenda pasta dura ANILLADA,PUBLICOMERCIAL,200,1180,,449.23,435.43,0.22,22.68,,,23.14,,249.5194872,1.961016949
67891,05/02/2025,BV,JABONERIA WILSON S.A.,MAPA,PUBLICOMERCIAL,1,55,23452,56,-13.28,0.2,,,,1.6,,10.68,2.909090909
67893,05/02/2025,BV,JABONERIA WILSON S.A.,rollo de cenefas adhesivas - 3 motivos,PUBLICOMERCIAL,300,3450,23453,2198.04,2.13,0.33,65.68,,,100.49,,1083.665821,2.912753623
67889,05/02/2025,CTAG,UNIVERSIDAD TÉCNICA DE AMBATO,"DIAGRAMACIÓN, CORRECCIÓN E IMPRESIÓN DE LIBROS",EDITORIAL,1000,5844.01,,2605.06,1206.25,0.25,,,762.26,,,1270.436667,
67890,05/02/2025,BV,Multimag,TRÍPTICOS,PUBLICOMERCIAL,15000,650,,316.03,209.86,0.15,12.37,,,18.93,,92.80411765,2.912307692
67892,05/02/2025,CTAG,MONICA ALMEIDA,TRÍPTICOS,PUBLICOMERCIAL,15000,460,,188.02,206.04,0.1,8.76,,,13.4,,43.78444444,2.913043478
67894,05/02/2025,ASS,SANTILLANA S.A.,TALLERES LECTURA BACH,EDITORIAL,2000,3794.49,,1809.97,1623.14,0.05,,,108.41,72.28,,180.69,1.904867321
67895,05/02/2025,ASS,SANTILLANA S.A.,PEBBLES 1 STUDENT´S BOOK,EDITORIAL,900,3683.21,,1933.71,1398.72,0.05,,,105.23,70.16,,175.3910526,1.904860163
67896,05/02/2025,ASS,SANTILLANA S.A.,PEBBLES 1 RESOURCE BOOK,EDITORIAL,900,1493.01,,739.85,610.97,0.05,,,42.66,28.44,,71.09578947,1.904876726
67897,05/02/2025,ASS,SANTILLANA S.A.,PEBBLES 1 HANDS-ON ACTIVITY PAD,EDITORIAL,900,1964.3,,1204.18,573.05,0.05,,,56.12,37.42,,93.53842105,1.905004327
67900,05/02/2025,ASS,SANTILLANA S.A.,Cultura,EDITORIAL,2000,4444.23,,2067.2,1953.77,0.05,,,126.98,84.65,,211.63,1.904716903
67903,05/02/2025,CTAG,HIDALGO VILLARREAL MARIA FERNANDA,CAJA ENTRE LAZOS - PEQUEÑA,EMPAQUE,500,360,,148.92,146.65,0.15,6.95,,,5.32,,52.15941176,1.477777778
67904,05/02/2025,CTAG,HIDALGO VILLARREAL MARIA FERNANDA,CAJA ENTRE LAZOS - grande,EMPAQUE,500,430,,194.72,154.17,0.16,8.31,,,6.35,,66.4552381,1.476744186
67905,05/02/2025,CTAG,MONICA ALMEIDA,LAMINAS PLASTIFICADAS,PUBLICOMERCIAL,50000,2625,,1273.89,602.38,0.26,50.71,,,38.79,,659.23,1.477714286
67906,05/02/2025,CTAG,CHRISTIA MENA,CUADERNO,PUBLICOMERCIAL,200,770,,311.58,342.91,0.12,14.87,,,11.38,,89.24863636,1.477922078
67907,05/02/2025,ASS,HH GLOBAL,Blocks Ensure A5,PUBLICOMERCIAL,10000,350,,100.5,148.66,0.16,,,47.46,5.93,,47.45904762,1.694285714
67908,05/02/2025,ASS,VALO,TRÍPTICOS ENFAGROW,PUBLICOMERCIAL,3000,400,,143.52,141.23,0.16,,,54.24,6.78,,54.23809524,1.695
67909,05/02/2025,ASS,INTRIAGO FRAY OSCAR PASTOR,libros 9 títulos,EDITORIAL,1500,2814.02,,1231.68,1180.34,0.1,,80.4,,53.6,,268.0022222,1.904748367
67922,06/02/2025,ASS,OTECEL S.A.,COLGANTES SAN VALENTIN - COLG302,PUBLICOMERCIAL,7820,3378.24,23454,1102.96,988.33,0.35,,96.52,,64.35,,1126.079231,1.904838022
67921,06/02/2025,BV,TOYOTA DEL ECUADOR S.A.,Ticket Experiencia Regional,PUBLICOMERCIAL,1,53,23474,52,-10.43,0.2,,,,1.04,,10.3925,1.962264151
67902,06/02/2025,ASS,SANTILLANA S.A.,PACK ABRACADABRA,EDITORIAL,1250,4034.71,,1663.29,1918.94,0.05,,188.54,,75.42,,188.5384211,1.869279329
67910,06/02/2025,BV,MODERNA ALIMENTOS S.A.,FLYER CARAVAN DEL SABOR,PUBLICOMERCIAL,1300,234,,93.54,125.47,0.05,,,,3.46,,11.52684211,1.478632479
67912,06/02/2025,ASS,SANTILLANA S.A.,impresion y cambio de 2 hojas en libro,EDITORIAL,4950,1980,,333.65,1110.85,0.1975,,144,,36,,355.5,1.818181818
67913,06/02/2025,BV,DIEGO AUQUILLA,AGENDAS A6,PUBLICOMERCIAL,500,1486.49,,929.98,201.93,0.2,28.3,,,43.3,,282.9775,2.912902206
67914,06/02/2025,ASS,SANTILLANA S.A.,AULA ACTIVA /,EDITORIAL,2000,5081.67,,2092.78,2418.98,0.05,,237.46,,94.98,,237.4610526,1.869070601
67915,06/02/2025,ASS,SANTILLANA S.A.,PACK ABRACADABRA,EDITORIAL,1250,4034.71,,1663.29,1918.94,0.05,,188.54,,75.42,,188.5384211,1.869279329
67916,06/02/2025,ASS,SANTILLANA S.A.,STOPWATCH LITE STUDENT´S BOOK & WORBOOK SPLIT,EDITORIAL,1450,3462.53,,1451.99,1622.22,0.05,,161.8,,64.72,,161.8005263,1.86915348
67918,06/02/2025,CTAG,HIDALGO VILLARREAL MARIA FERNANDA,juego de naipes con caja,PUBLICOMERCIAL,100,1425.76,,612.72,463.04,0.215,27.41,,,27.96,,294.6349045,1.961059365
67919,06/02/2025,ASS,SANTILLANA S.A.,llaves digitales - acceso digital compartir advance,PUBLICOMERCIAL,10000,2700,,833.28,1247.75,0.1635,49.76,124.39,,38.06,,406.7524268,1.40962963
67923,06/02/2025,CTAG,MONICA ALMEIDA,FOLLETO PASTA RÚSTICA,PUBLICOMERCIAL,200,1298.61,,566.58,524.69,0.13,25.09,,,19.19,,163.0633333,1.477733885
67924,06/02/2025,CTAG,MONICA ALMEIDA,FOLLETO PASTA DURA,PUBLICOMERCIAL,200,1698.58,,861.02,566.36,0.13,32.81,,,25.1,,213.2866667,1.477704906
67925,06/02/2025,BV,DIEGO AUQUILLA,AGENDAS A5,PUBLICOMERCIAL,500,1728.42,,1102.38,213.76,0.2,32.9,,,50.34,,329.035,2.912486548
67930,07/02/2025,BV,PRODUCTOS FAMILIA SANCELA DEL ECUADOR S.A.,cuelga rejas VENUS TAT,PUBLICOMERCIAL,5000,1976.5,23455,1155.63,437.08,0.17,,,,57.57,,326.2177108,2.912724513
67931,07/02/2025,BV,PRODUCTOS FAMILIA SANCELA DEL ECUADOR S.A.,AFICHES VENUS MAP,PUBLICOMERCIAL,1000,190,23456,118.61,68.58,0,,,,2.81,,0,1.478947368
67932,07/02/2025,BV,PRODUCTOS FAMILIA SANCELA DEL ECUADOR S.A.,VOLANTES venus TAT,PUBLICOMERCIAL,30000,495,23457,194.01,249.78,0.09,,,,7.32,,43.89131868,1.478787879
67933,07/02/2025,BV,PRODUCTOS FAMILIA SANCELA DEL ECUADOR S.A.,VIBRINES MAP,PUBLICOMERCIAL,2000,200,23458,103.57,93.47,0,,,,2.96,,0,1.48
67934,07/02/2025,BV,PRODUCTOS FAMILIA SANCELA DEL ECUADOR S.A.,AFICHES TAT VENUS NOSOTRAS,PUBLICOMERCIAL,30000,2490,23459,1346.12,722.26,0.14,48.1,,,36.8,,336.7130233,1.477911647
67937,07/02/2025,CTAG,BICO INTERNACIONAL S.A.,BANDERINES - 10 diseños,EMPAQUE,100000,9000,23461,6158.59,1385.53,0.145,176.47,,,,,1279.412164,
67868,07/02/2025,ASS,OTECEL S.A.,TRIP29.1 - TRÍPTICOS - movistar,PUBLICOMERCIAL,98600,2514.3,,1099.99,954.18,0.15,48.33,,,49.3,,362.5005882,1.960784314
67869,07/02/2025,ASS,OTECEL S.A.,AFICHE CHIP PREPAGO,PUBLICOMERCIAL,63500,13290.05,,6358.27,4244.13,0.17,255.48,,,260.59,,2171.575904,1.960790215
67870,07/02/2025,ASS,OTECEL S.A.,AFICHE CHIP PREPAGO,PUBLICOMERCIAL,63500,13290.05,,6358.27,4244.13,0.17,255.48,,,260.59,,2171.575904,1.960790215
67884,07/02/2025,BV,INDUSTRIAS ALES C.A,ROMPETRAFICO,PUBLICOMERCIAL,9000,2990,,1483.32,955.13,0.16,,,,87.09,,464.4666667,2.91270903
67898,07/02/2025,ASS,SANTILLANA S.A.,EJERCICIOS PARA BACHILLERATO -,EDITORIAL,2000,2539.47,,1189.09,1108.52,0.05,,,72.56,48.37,,120.9268421,1.904728152
67899,07/02/2025,ASS,SANTILLANA S.A.,Abracadabra,EDITORIAL,1250,1231.44,,578.27,535.89,0.05,,,35.18,23.46,,58.64,1.905086728
67901,07/02/2025,ASS,SANTILLANA S.A.,CALIGRAFIA,EDITORIAL,2600,1888.91,,852.62,856.39,0.05,,,53.97,35.98,,89.94789474,1.90480224
67911,07/02/2025,MC,LORENA SERRANO,LIBROS LECTURA,EDITORIAL,1000,3212,,1188.51,1410.2,0.15,61.15,,,93.55,,458.5958824,2.912515567
67917,07/02/2025,BV,MODERNA ALIMENTOS S.A.,FLYER CARAVAN DEL SABOR,PUBLICOMERCIAL,1300,301.35,,140.97,141.08,0.05,,,,4.45,,14.84473684,1.476688236
67920,07/02/2025,ASS,SANTILLANA S.A.,llaves digitales - acceso digital compartir advance,PUBLICOMERCIAL,10000,1768.15,,833.28,447.75,0.21,32.43,81.08,,33.08,,340.526962,1.870881995
67926,07/02/2025,BV,QUALA,ESQUINERO pequeño,PUBLICOMERCIAL,36501,10194.31,,5587.25,2175.4,0.2,194.07,,,296.92,,1940.6625,2.912605169
67927,07/02/2025,CTAG,MONICA ALMEIDA,AGENDAS,PUBLICOMERCIAL,1000,3160,,1733.05,403.53,0.3,61.05,,,46.7,,915.6771429,1.477848101
67929,07/02/2025,ASS,BFS ECUADOR S.A,FUNDA DE PAPEL - cartulina especial,EMPAQUE,250,875,,472.88,191.53,0.21,16.82,,,17.16,,176.6153165,1.961142857
67935,07/02/2025,CTAG,PROGRAMA MUNDIAL DE ALIMENTOS,PORTA TARJETAS,PUBLICOMERCIAL,25000,878.21,,408.34,266.95,0.2,16.88,,,17.22,,168.8225,1.960806641
67936,07/02/2025,CTAG,PROGRAMA MUNDIAL DE ALIMENTOS,TICKETS BLANCO Y NEGRO,PUBLICOMERCIAL,500,106.79,,30.88,61.5,0.1,2.05,,,2.09,,10.26444444,1.957112089
67938,07/02/2025,BV,QUALA,ESQUINERO mediana,PUBLICOMERCIAL,36501,13483.74,,7630.02,2637.44,0.2,256.69,,,392.73,,2566.865,2.912619199
67940,07/02/2025,ASS,TRANSDYR,agendas movistar - ecuador nos mueve,PUBLICOMERCIAL,300,818.1,,342,211.15,0.3,15.8,,,12.09,,237.0642857,1.477814448
67953,10/02/2025,CTAG,ALISERVIS S.A.,REIMPRESIÓN ETIQUETA MEDIUM - GARDEN SALAD,PUBLICOMERCIAL,5000,575,23460,215.53,225.34,0.2062,11.11,,,8.5,,114.5217863,1.47826087
67943,10/02/2025,MC,TIPAN UMATAMBO SEGUNDO MARCO,REIMPRESIÓN libro aventuras del arte 1 - PORTADA NUEVA,EDITORIAL,2000,3040,23462,1273.94,1450.59,0.05,,86.04,,86.04,,143.3963158,2.830263158
67944,10/02/2025,MC,TIPAN UMATAMBO SEGUNDO MARCO,REIMPRESIÓN libro aventuras del arte 2 - PORTADA NUEVA,EDITORIAL,2000,3040,23463,1273.94,1450.59,0.05,,86.04,,86.04,,143.3963158,2.830263158
67945,10/02/2025,MC,TIPAN UMATAMBO SEGUNDO MARCO,REIMPRESIÓN libro aventuras del arte 3 - PORTADA NUEVA,EDITORIAL,2000,3040,23464,1273.94,1450.59,0.05,,86.04,,86.04,,143.3963158,2.830263158
67946,10/02/2025,MC,TIPAN UMATAMBO SEGUNDO MARCO,REIMPRESIÓN libro aventuras del arte 4 - PORTADA NUEVA,EDITORIAL,2000,3040,23465,1273.94,1450.59,0.05,,86.04,,86.04,,143.3963158,2.830263158
67947,10/02/2025,MC,TIPAN UMATAMBO SEGUNDO MARCO,REIMPRESIÓN libro aventuras del arte 5 - PORTADA NUEVA,EDITORIAL,2000,3040,23466,1273.94,1450.59,0.05,,86.04,,86.04,,143.3963158,2.830263158
67948,10/02/2025,MC,TIPAN UMATAMBO SEGUNDO MARCO,REIMPRESIÓN libro aventuras del arte 6 - PORTADA NUEVA,EDITORIAL,2000,3040,23467,1273.94,1450.59,0.05,,86.04,,86.04,,143.3963158,2.830263158
67949,10/02/2025,MC,TIPAN UMATAMBO SEGUNDO MARCO,REIMPRESIÓN libro aventuras del arte 7 - PORTADA NUEVA,EDITORIAL,2000,3040,23468,1273.94,1450.59,0.05,,86.04,,86.04,,143.3963158,2.830263158
67950,10/02/2025,MC,TIPAN UMATAMBO SEGUNDO MARCO,REIMPRESIÓN libro aventuras del arte 8 - PORTADA NUEVA,EDITORIAL,2000,3040,23469,1273.94,1450.59,0.05,,86.04,,86.04,,143.3963158,2.830263158
67951,10/02/2025,MC,TIPAN UMATAMBO SEGUNDO MARCO,REIMPRESIÓN libro aventuras del arte 9 - PORTADA NUEVA,EDITORIAL,2000,3040,23470,1273.94,1450.59,0.05,,86.04,,86.04,,143.3963158,2.830263158
67952,10/02/2025,MC,TIPAN UMATAMBO SEGUNDO MARCO,REIMPRESIÓN libro aventuras del arte 10 - PORTADA NUEVA,EDITORIAL,2000,3040,23471,1273.94,1450.59,0.05,,86.04,,86.04,,143.3963158,2.830263158
67939,10/02/2025,BV,QUALA,ESQUINERO GRANDE,PUBLICOMERCIAL,6251,3746.75,,2157.54,695.5,0.2,71.33,,,109.13,,713.26,2.912657637
67941,10/02/2025,MC,AGILA VARGAS NANCY MARLENE,DIPTICOS PUBLICITARIOS,PUBLICOMERCIAL,1000,537,,240.13,194.34,0.15,10.22,,,15.64,,76.67117647,2.912476723
67942,10/02/2025,MC,AGILA VARGAS NANCY MARLENE,CATALOGO GRAPADO,PUBLICOMERCIAL,1000,520,,200.34,215.43,0.16,9.9,,,15.15,,79.19428571,2.913461538
67954,10/02/2025,CTAG,EMASEO,REGLAMENTO DE HIGIENE Y SEGURIDAD EN EL TRABAJO,PUBLICOMERCIAL,2000,1398.7,,426.23,452.79,0.25,23.44,,179.32,23.91,,293.0066667,1.709444484
67955,10/02/2025,BV,MODERNA ALIMENTOS S.A.,AFICHES,PUBLICOMERCIAL,600,371.49,,181.72,136.52,0.1,7.07,,,10.82,,35.36,2.912595225
67956,10/02/2025,BV,MODERNA ALIMENTOS S.A.,Marcaprecios,PUBLICOMERCIAL,600,243,,110.9,97.27,0.1,4.63,,,7.08,,23.13,2.913580247
67957,10/02/2025,ASS,OTECEL S.A.,agendas movistar - ecuador nos mueve,PUBLICOMERCIAL,300,3237.45,,1212.96,975.98,0.3,62.54,,,47.84,,938.1171429,1.477706219
67964,11/02/2025,CTAG,COMERCIAL EL ARBOLITO CIA. LTDA,REIMPRESIÓN INDIVIDUALES 2 MOTIVOS,PUBLICOMERCIAL,20000,625,23475,234.84,255.38,0.18,17.93,,,9.24,,107.6092683,1.4784
67959,11/02/2025,MC,YUNNY RIVERA CUSME,BIOLOGÍA 2,EDITORIAL,1000,4020,23490,1687.05,1946.79,0.0825,,,,59.41,,326.7485559,1.477860697
67958,11/02/2025,ASS,SANTILLANA S.A.,ACHA LA CUCARACHA,EDITORIAL,1600,2120.13,,953.13,949.04,0.04,,99.07,,39.63,,79.25708333,1.869225
67960,11/02/2025,ASS,SANTILLANA S.A.,APRENDIZAJE HISTORIA BACH 2,EDITORIAL,1550,2754.48,,1267.51,1255.28,0.02,,128.71,,51.49,,51.4855102,1.869318347
67961,11/02/2025,ASS,SANTILLANA S.A.,K3 HABILIDADES,EDITORIAL,650,2473,,1059.15,1205.84,0.02,,115.56,,46.22,,46.22428571,1.868985038
67962,11/02/2025,ASS,SANTILLANA S.A.,APRENDIZAJES,EDITORIAL,1800,19291.72,,9584.21,8084.84,0.02,,901.48,,360.59,,360.5928571,1.869143861
67963,11/02/2025,ASS,HH GLOBAL,Stickers Similac,PUBLICOMERCIAL,2000,360,,158.83,100.49,0.15,,,48.81,6.1,,45.76235294,1.694444444
67965,11/02/2025,ASS,BOOKS & BITS ECUADOR S.A.,agenda / cuaderno pasta dura,PUBLICOMERCIAL,500,1396.54,,567.79,579.89,0.145,26.85,,,27.38,,194.6357895,1.960559669
67969,12/02/2025,ASS,AGLOMERADOS COTOPAXI S.A,DAMERO pequeño con nidos 2025 - opción 1,EMPAQUE,7800,42900,23472,25733.37,2025.45,0.34,,,,841.18,,14299.99818,1.960792541
67968,12/02/2025,ASS,AGLOMERADOS COTOPAXI S.A,DAMERO grande 2025 - ECUADOR Y PERU,EMPAQUE,2700,24246.28,23476,12860.7,1580.1,0.3925,,,,475.42,,9330.064198,1.960795635
67966,12/02/2025,MC,UDLA,HOJAS IMPRESAS,PUBLICOMERCIAL,10000,200,,103.11,81.36,0.05,,,,5.83,,9.708947368,2.915
67967,12/02/2025,MC,UDLA,CERTIFICADOS,PUBLICOMERCIAL,179,143.19,,67.68,64.38,0.05,,,,4.17,,6.950526316,2.91221454
67970,12/02/2025,BV,Nature´s Sunshine,cuaderno pasta dura,PUBLICOMERCIAL,500,1530,,652.7,720.37,0.08,14.92,,,22.61,,119.3973913,1.477777778
67973,12/02/2025,ASS,OTECEL S.A.,Tripticos ESIM,PUBLICOMERCIAL,500,513,,181.84,157.68,0.315,,,9.91,7.43,,156.129635,1.44834308
67976,13/02/2025,BV,PRODUCTOS FAMILIA SANCELA DEL ECUADOR S.A.,AGENDAS PERSONALIZADOS 2025,PUBLICOMERCIAL,200,1580,23477,610.92,742.59,0.1,30.08,,,46.02,,150.39,2.912658228
67977,13/02/2025,CTAG,SILVA VILEMA WILSON RODRIGO,libro EL MISIONERO edi. 1041 y 1048,PUBLICOMERCIAL,2000,1300,23478,416.81,466.69,0.3,37.86,,,,,378.6428571,
67974,13/02/2025,MC,YUNNY RIVERA CUSME,LIBRO cALIGRAFITO 2 - 7,EDITORIAL,2000,3964.65,,1760.81,1560.05,0.12,75.47,,,115.48,,452.8445455,2.912741352
67975,13/02/2025,CTAG,EMPRESA PUBLICA DE CHACHIMBIRO,INDIVIDUALES,PUBLICOMERCIAL,65000,1998.92,,907.49,430.84,0.22,,,257.37,25.74,,377.4776923,1.287695355
67978,13/02/2025,ASS,SANTILLANA S.A.,RS PRESCHOOL GO FURTHER! POP-OUTS,EDITORIAL,400,1535.93,,969.57,465.89,0,,71.77,,28.71,,0,1.869225811
67979,13/02/2025,ASS,SANTILLANA S.A.,RS PRESCHOOL GO FURTHER! STICKERS,EDITORIAL,400,1132.29,,704.58,332.48,0.02,,52.91,,21.16,,21.1644898,1.8687792
67982,14/02/2025,ASS,OTECEL S.A.,agendas movistar - ecuador nos mueve - CAYFO39,PUBLICOMERCIAL,200,2320.2,23479,712.79,945.4,0.22,42.52,,108.42,43.37,,467.6946154,1.869235411
67987,14/02/2025,BV,TOYOTA DEL ECUADOR S.A.,Ticket Experiencia Regional,PUBLICOMERCIAL,1,53,23480,52,-10.43,0.2,,,,1.04,,10.3925,1.962264151
67989,14/02/2025,ASS,CAMARA DE INDUSTRIAS Y COMERCIO ECUATORIANO-BRITANICA,revista institucional LINKS edición 82,PUBLICOMERCIAL,1000,1950,23481,811.68,956.7,0.075,,,,38.24,,143.3821622,1.961025641
67972,14/02/2025,ASS,OTECEL S.A.,Packing de 3 chips - prepago,PUBLICOMERCIAL,400,469.86,,168.84,140.77,0.318,,,9.08,6.81,,144.363607,1.449367897
67980,14/02/2025,MC,AGILA VARGAS NANCY MARLENE,REVISTA MODUS VIVENDI,PUBLICOMERCIAL,500,2072,,747.19,693.45,0.2,36.02,180.08,,55.1,,360.16,2.659266409
67983,14/02/2025,CTAG,HIDALGO VILLARREAL MARIA FERNANDA,juego de naipes,PUBLICOMERCIAL,100,1159,,523.41,351.07,0.215,22.28,,,22.73,,239.5072611,1.961173425
67984,14/02/2025,CTAG,HIDALGO VILLARREAL MARIA FERNANDA,caja de NAIPES,PUBLICOMERCIAL,100,298.1,,112.35,136.93,0.13,5.73,,,5.85,,37.24873563,1.962428715
67985,14/02/2025,ASS,SANTILLANA S.A.,cuentos - EL REGALO DEL ABUELO  LQL (AM) - EL LUGAR MAS BONITO DEL MUNDO LQL (MO),EDITORIAL,1600,2636.59,,1181.19,1143.8,0.03,,119.85,,119.85,,71.90690722,4.545644184
67986,14/02/2025,ASS,SANTILLANA S.A.,cuentos - EL CLUB LIMONADA LQL (AZ) - LEYENDAS DEL ECUADOR # 1 LQL (AZ),EDITORIAL,1350,1750.47,,779.82,763.78,0.03,,79.57,,79.57,,47.74020619,4.545636315
67988,14/02/2025,BV,SEDEMI,BROCHURE PMC CONTORNOS,PUBLICOMERCIAL,300,641.76,,225.62,335.14,0.1,,,,18.69,,62.30666667,2.912303665
67993,17/02/2025,CTAG,AMC ECUADOR CIA.LTDA.,REIMPRESIÓN PLIEGOS MJS 60X90,PUBLICOMERCIAL,6000,99.8,23482,16.15,83.65,0,,,,,,0,
67994,17/02/2025,CTAG,AMC ECUADOR CIA.LTDA.,REIMPRESIÓN PLIEGOS KNL FLORES 60X90,PUBLICOMERCIAL,30000,504,23483,59.45,419.35,0.05,,,,,,25.2,
68001,17/02/2025,ASS,BOOKS & BITS ECUADOR S.A.,diptico MALLAS CURRICULARES,PUBLICOMERCIAL,400,332,23485,129.68,103.27,0.27,6.38,,,6.51,,86.15958904,1.960843373
67971,17/02/2025,ASS,EMPRESA OPERADORA METRO DE MEDELLIN TRANSDEV EOMMT S.A.S.,LICITACIÓN AFICHE a4,PUBLICOMERCIAL,150,251.69,,99.25,82.19,0.25,4.84,,,4.94,,60.48,1.962731932
67981,17/02/2025,ASS,EMPRESA OPERADORA METRO DE MEDELLIN TRANSDEV EOMMT S.A.S.,LICITACIÓN AFICHE 29.7X42cm (A3),PUBLICOMERCIAL,5000,912.14,,450.85,171.62,0.29,17.53,,,17.89,,254.2483099,1.961321727
67990,17/02/2025,ASS,EMPRESA OPERADORA METRO DE MEDELLIN TRANSDEV EOMMT S.A.S.,LICITACIÓN AFICHE 43x53,PUBLICOMERCIAL,5000,1173.36,,702.41,199.82,0.2,22.56,,,23.01,,225.5575,1.961034976
67991,17/02/2025,ASS,EMPRESA OPERADORA METRO DE MEDELLIN TRANSDEV EOMMT S.A.S.,LICITACIÓN AFICHE 20x24,PUBLICOMERCIAL,150,222.37,,89.18,81.8,0.2,4.27,,,4.36,,42.745,1.960696137
67992,17/02/2025,BV,CORPORACION SUPERIOR CORSUPERIOR S.A.,CATÁLOGO DE PRODUCTOS 2025,PUBLICOMERCIAL,50,710,,93.52,480.92,0.15,13.52,,,20.68,,101.3717647,2.912676056
67995,17/02/2025,ASS,EMPRESA OPERADORA METRO DE MEDELLIN TRANSDEV EOMMT S.A.S.,LICITACIÓN volante 15x 9,PUBLICOMERCIAL,150,185.56,,83.05,68.56,0.15,3.57,,,3.64,,26.75470588,1.961629662
67996,17/02/2025,ASS,EMPRESA OPERADORA METRO DE MEDELLIN TRANSDEV EOMMT S.A.S.,LICITACIÓN volante 9.5x10,PUBLICOMERCIAL,150,186.44,,82.08,68.45,0.16,3.58,,,3.66,,28.67238095,1.963098048
67997,17/02/2025,ASS,EMPRESA OPERADORA METRO DE MEDELLIN TRANSDEV EOMMT S.A.S.,LICITACIÓN volante 9.5x21,PUBLICOMERCIAL,150,187.32,,82.47,68.77,0.16,3.6,,,3.67,,28.80761905,1.959214179
67998,17/02/2025,ASS,EMPRESA OPERADORA METRO DE MEDELLIN TRANSDEV EOMMT S.A.S.,LICITACIÓN volante 15x21,PUBLICOMERCIAL,150,182.49,,78.46,68.88,0.16,3.51,,,3.58,,28.0647619,1.961751329
67999,17/02/2025,ASS,EMPRESA OPERADORA METRO DE MEDELLIN TRANSDEV EOMMT S.A.S.,LICITACIÓN volante 29x20,PUBLICOMERCIAL,150,190.8,,84,70.05,0.16,3.67,,,3.74,,29.34285714,1.960167715
68000,17/02/2025,ASS,BOOKS & BITS ECUADOR S.A.,HOJAS MALLAS CURRICULARES,PUBLICOMERCIAL,400,258.91,,100.8,98.29,0.2,4.98,,,5.08,,49.7725,1.962071762
68002,17/02/2025,ASS,EMPRESA OPERADORA METRO DE MEDELLIN TRANSDEV EOMMT S.A.S.,LICITACIÓN DÍPTICO 19X20,PUBLICOMERCIAL,150,220.62,,93.68,84.45,0.16,4.24,,,4.33,,33.92952381,1.962650712
68003,17/02/2025,ASS,EMPRESA OPERADORA METRO DE MEDELLIN TRANSDEV EOMMT S.A.S.,LICITACIÓN DÍPTICO 19X20,PUBLICOMERCIAL,150,186.58,,80.56,70.08,0.16,3.59,,,3.66,,28.69333333,1.96162504
68004,17/02/2025,ASS,EMPRESA OPERADORA METRO DE MEDELLIN TRANSDEV EOMMT S.A.S.,LICITACIÓN TRÍPTICO 28.5X21cm tamaño abierto,PUBLICOMERCIAL,150,209.41,,95.97,85.18,0.1,4.03,,,4.11,,20.12777778,1.962656989
68006,17/02/2025,ASS,EMPRESA OPERADORA METRO DE MEDELLIN TRANSDEV EOMMT S.A.S.,LICITACIÓN TRÍPTICO 28.5X21cm tamaño cerrado,PUBLICOMERCIAL,150,214.88,,98.6,87.28,0.1,4.13,,,4.21,,20.65333333,1.95923306
68007,17/02/2025,BV,CORPORACION SUPERIOR CORSUPERIOR S.A.,CATÁLOGO,PUBLICOMERCIAL,500,743.97,,334.03,316.04,0.1,,,,21.67,,72.23,2.912751858
68008,17/02/2025,ASS,EMPRESA OPERADORA METRO DE MEDELLIN TRANSDEV EOMMT S.A.S.,LICITACIÓN CUADRÍPTICO 40X21cm tamaño abierto / 15X21cm tamaño cerrado,PUBLICOMERCIAL,150,249.19,,97.69,117.87,0.1,4.79,,,4.89,,23.95111111,1.96235804
68009,17/02/2025,ASS,EMPRESA OPERADORA METRO DE MEDELLIN TRANSDEV EOMMT S.A.S.,LICITACIÓN blister - 30.8X8.6 tamaño abierto,PUBLICOMERCIAL,150,340.16,,161.3,116.61,0.15,6.54,,,6.67,,49.04294118,1.960841957
68010,17/02/2025,MC,YUNNY RIVERA CUSME,BIOLOGÍA,EDITORIAL,1000,4817.24,,2157.31,1969.4,0.1,91.7,,,140.31,,458.5233333,2.912663683
68011,17/02/2025,ASS,EMPRESA OPERADORA METRO DE MEDELLIN TRANSDEV EOMMT S.A.S.,LICITACIÓN blister - 6.8X10.5 tamaño cerrado,PUBLICOMERCIAL,150,338.65,,160.34,116.33,0.15,6.51,,,6.64,,48.82411765,1.960726414
68012,17/02/2025,ASS,EMPRESA OPERADORA METRO DE MEDELLIN TRANSDEV EOMMT S.A.S.,LICITACIÓN tent card - 54x14.80 tamaño abierto,PUBLICOMERCIAL,150,375.21,,188.2,118.35,0.15,7.21,,,7.36,,54.09705882,1.961568188
68013,17/02/2025,ASS,EMPRESA OPERADORA METRO DE MEDELLIN TRANSDEV EOMMT S.A.S.,LICITACIÓN tent card - 21X29.7cm (A4),PUBLICOMERCIAL,150,329.03,,152.82,115.99,0.15,6.33,,,6.45,,47.43705882,1.960307571
68014,17/02/2025,ASS,EMPRESA OPERADORA METRO DE MEDELLIN TRANSDEV EOMMT S.A.S.,LICITACIÓN HABLADOR 15X21cm,PUBLICOMERCIAL,150,328.93,,151.94,116.8,0.15,6.32,,,6.45,,47.42470588,1.960903536
68015,17/02/2025,ASS,EMPRESA OPERADORA METRO DE MEDELLIN TRANSDEV EOMMT S.A.S.,LICITACIÓN HABLADOR 6.5X6.5cm,PUBLICOMERCIAL,150,313.12,,141.64,114.17,0.15,6.02,,,6.14,,45.14294118,1.960909555
68016,17/02/2025,ASS,EMPRESA OPERADORA METRO DE MEDELLIN TRANSDEV EOMMT S.A.S.,LICITACIÓN HABLADOR CON PATA 15X15cm,PUBLICOMERCIAL,150,326.41,,153.1,119.86,0.13,6.27,,,6.4,,40.78712644,1.960724243
68017,17/02/2025,ASS,EMPRESA OPERADORA METRO DE MEDELLIN TRANSDEV EOMMT S.A.S.,LICITACIÓN HABLADOR CON PATA 15X15cm,PUBLICOMERCIAL,150,367.28,,152.21,119.61,0.23,7.06,,,7.2,,81.19298701,1.960357221
68018,17/02/2025,ASS,EMPRESA OPERADORA METRO DE MEDELLIN TRANSDEV EOMMT S.A.S.,LICITACIÓN Carpetas corporativas - 44X47.5 cm tamaño abierto,PUBLICOMERCIAL,150,403.69,,198.67,131.15,0.15,7.76,,,7.92,,58.20352941,1.961901459
68019,17/02/2025,ASS,EMPRESA OPERADORA METRO DE MEDELLIN TRANSDEV EOMMT S.A.S.,LICITACIÓN Cuadernos pasta dura: 21X30cm tamaño abierto,PUBLICOMERCIAL,150,957.98,,331.73,450.93,0.15,18.42,,,18.78,,138.1164706,1.960374956
68020,17/02/2025,ASS,EMPRESA OPERADORA METRO DE MEDELLIN TRANSDEV EOMMT S.A.S.,LICITACIÓN Carpetas corporativas - 46.3X31.7,PUBLICOMERCIAL,150,365.27,,160.75,125.39,0.185,7.02,,,7.16,,64.95202454,1.960193829
68005,18/02/2025,ASS,EMPRESA OPERADORA METRO DE MEDELLIN TRANSDEV EOMMT S.A.S.,LICITACIÓN TRÍPTICO 15X21cm tamaño cerrado,PUBLICOMERCIAL,150,213.98,,97.98,87.13,0.1,4.11,,,4.2,,20.56777778,1.962800262
68021,18/02/2025,ASS,SANTILLANA S.A.,BROCHURE RICHMOND,PUBLICOMERCIAL,1500,840,,405.53,355.96,0.03,,39.25,,15.7,,23.55123711,1.869047619
68022,18/02/2025,MC,FRANKLIN ZURITA,LIBROS DE MATEMATICAS,EDITORIAL,2000,5380,,2236.44,2218.73,0.13,102.42,,,156.7,,665.7150575,2.912639405
68023,18/02/2025,ASS,EMPRESA OPERADORA METRO DE MEDELLIN TRANSDEV EOMMT S.A.S.,LICITACIÓN PUBLICACIONES 90GR,PUBLICOMERCIAL,150,1317.43,,470.98,592.69,0.16,25.33,,,25.83,,202.6038095,1.96063548
68024,18/02/2025,ASS,EMPRESA OPERADORA METRO DE MEDELLIN TRANSDEV EOMMT S.A.S.,LICITACIÓN PUBLICACIONES 90GR,PUBLICOMERCIAL,150,3286.16,,1248.84,1404.34,0.16,63.17,,,64.43,,505.367619,1.960647077
68025,18/02/2025,ASS,EMPRESA OPERADORA METRO DE MEDELLIN TRANSDEV EOMMT S.A.S.,LICITACIÓN STICKER EN LAMINA,PUBLICOMERCIAL,150,259.59,,128.46,96.09,0.1,4.99,,,5.09,,24.95,1.960784314
68026,18/02/2025,ASS,EMPRESA OPERADORA METRO DE MEDELLIN TRANSDEV EOMMT S.A.S.,LICITACIÓN folletos,PUBLICOMERCIAL,150,689.8,,242.84,350.56,0.105,13.26,,,13.53,,69.61675978,1.961438098
68027,18/02/2025,BV,PRODUCTOS FAMILIA SANCELA DEL ECUADOR S.A.,STICKERS,PUBLICOMERCIAL,5000,375,,211.11,110.14,0.1,7.14,,,10.92,,35.69444444,2.912
68028,18/02/2025,ASS,EMPRESA OPERADORA METRO DE MEDELLIN TRANSDEV EOMMT S.A.S.,LICITACIÓN Cuadernos pasta dura: 21X30cm tamaño abierto,PUBLICOMERCIAL,5000,14927.09,,5742.61,5017.98,0.25,286.95,,,292.69,,3586.863333,1.960797449
68029,18/02/2025,CTAG,MÓNICA ALMEIDA,LIBRO - PASTA RÚSTICA,EDITORIAL,500,2594.89,,1150.56,929.77,0.17,50.13,,,38.35,,426.0916867,1.477904651
68030,18/02/2025,CTAG,MÓNICA ALMEIDA,LIBRO - PASTA DURA,EDITORIAL,500,3801.46,,2031.62,942.57,0.19,73.44,,,56.18,,697.6495062,1.477853246
68032,18/02/2025,BV,AGRÍCOLA SAN ANDRES,CAJA KIARA - nido acetato,EMPAQUE,5000,5665,,2971.79,420.76,0.38,109.44,,,83.72,,2079.304839,1.477846425
68033,18/02/2025,BV,DIEGO AUQUILLA,AGENDAS A5,PUBLICOMERCIAL,550,2062.5,,1209.14,243.6,0.26,39.26,,,60.07,,510.4221622,2.912484848
68034,18/02/2025,ASS,EMPRESA OPERADORA METRO DE MEDELLIN TRANSDEV EOMMT S.A.S.,LICITACIÓN LIBRETA pasta dura 15x10.5cm tamaño cerrado,PUBLICOMERCIAL,150,1196.47,,400.41,416.1,0.29,23,,,23.46,,333.5040845,1.960767926
68035,18/02/2025,ASS,EMPRESA OPERADORA METRO DE MEDELLIN TRANSDEV EOMMT S.A.S.,LICITACIÓN LIBRETA pasta dura 15x10.5cm tamaño cerrado,PUBLICOMERCIAL,150,936,,271.82,402.92,0.25,17.99,,,18.35,,224.9133333,1.960470085
68031,19/02/2025,MC,YUNNY RIVERA CUSME,BIOLOGÍA 1 bgu,EDITORIAL,1000,3750,23484,1633.19,1791.68,0.073,,,,55.42,,269.7038943,1.477866667
68036,19/02/2025,ASS,EMPRESA OPERADORA METRO DE MEDELLIN TRANSDEV EOMMT S.A.S.,LICITACIÓN agenda pasta dura,PUBLICOMERCIAL,150,3595.73,,1120.08,1625.74,0.195,114.27,,,70.5,,665.1365217,1.960658893
68037,19/02/2025,BV,PRODUCTOS FAMILIA SANCELA DEL ECUADOR S.A.,afiches nosotras jarros,PUBLICOMERCIAL,8000,840,,431.87,191.77,0.22,15.99,,,24.47,,175.8984615,2.913095238
68038,19/02/2025,BV,PRODUCTOS FAMILIA SANCELA DEL ECUADOR S.A.,Colgantes Nosotras JARROS,PUBLICOMERCIAL,4000,1120,,516.04,390.11,0.15,21.32,,,32.62,,159.9088235,2.9125
68039,19/02/2025,BV,HH GLOBAL,Vademecun tipo acordeon Medida cerrada 7x12,PUBLICOMERCIAL,4000,520,,165.58,209,0.15,,,70.51,8.81,,66.10235294,1.694230769
68041,19/02/2025,CTAG,LAKLINK S.A,tarjetas de presentación,PUBLICOMERCIAL,1000,298,,119.54,126.79,0.14,5.73,,,5.84,,40.10023256,1.959731544
68042,19/02/2025,CTAG,LAKLINK S.A,CARPETAS,PUBLICOMERCIAL,1000,550,,241.17,210.82,0.145,10.57,,,10.78,,76.65327485,1.96
68043,19/02/2025,CTAG,ECUAEMPAQUES,IMPRESIÓN PLIEGOS - horarios,PUBLICOMERCIAL,8000,620,,75.04,386.47,0.18,11.26,,,45.93,,101.3070732,7.408064516
68044,19/02/2025,CTAG,ECUAEMPAQUES,IMPRESIÓN HORARIOS A5,PUBLICOMERCIAL,128000,714.99,,75.04,457.18,0.18,12.98,,,52.96,,116.8287805,7.407096603
68045,19/02/2025,BV,DANEC,BIG BOY - 3 MODELOS,PUBLICOMERCIAL,3,450,,359.04,-0.79,0.18,,,,13.11,,78.6402439,2.913333333
68053,20/02/2025,ASS,OTECEL S.A.,reimpresión agendas movistar - ecuador nos mueve - CAYFO39,PUBLICOMERCIAL,200,2320.2,23486,499.27,979.29,0.285,41.36,,168.74,42.19,,589.3560839,1.818377726
68046,20/02/2025,CTAG,AGUIRRE TOPA BYRON EDUARDO,CIVICA Y ACOMPAÑAMIENTO INTEGRAL,EDITORIAL,3000,4347.03,,2043.59,1797,0.09,,,126.61,,,379.8385714,
68048,20/02/2025,CTAG,AGUIRRE TOPA BYRON EDUARDO,ARTISTICA CREACIONES BGU,EDITORIAL,2500,5138.37,,2341.98,2247.64,0.08,,,149.66,,,399.0973913,
68049,20/02/2025,CTAG,AGUIRRE TOPA BYRON EDUARDO,REIMPRESIÓN LIBRO historia 1,EDITORIAL,1700,3383.91,,1342.37,1614.45,0.1,,,98.56,,,328.5355556,
68051,20/02/2025,MC,AGUIRRE TOPA BYRON EDUARDO,libro fisica 1,EDITORIAL,2500,4782.69,,2085.45,2186.47,0.08,,,139.3,,,371.4713043,
68052,20/02/2025,MC,YUNNY RIVERA CUSME,libro,EDITORIAL,1000,2440.62,,1005.91,1084.86,0.1,46.46,,,71.09,,232.3077778,2.912784456
68054,20/02/2025,BV,PRODUCTOS FAMILIA SANCELA DEL ECUADOR S.A.,libreta,PUBLICOMERCIAL,15000,11574.68,,5778.99,3916.15,0.12,220.34,,,337.13,,1322.064545,2.912650717
68055,20/02/2025,MC,YUNNY RIVERA CUSME,libro,EDITORIAL,1000,2400,,980.78,1075.19,0.1,45.69,,,69.9,,228.4411111,2.9125
68058,20/02/2025,CTAG,MÓNICA ALMEIDA,REVISTAS - ENCOLADO,PUBLICOMERCIAL,400,1394.99,,578.12,567.19,0.15,26.95,,,20.62,,202.1135294,1.478146797
68059,20/02/2025,CTAG,MÓNICA ALMEIDA,REVISTAS - GRAPADO,PUBLICOMERCIAL,400,1347.03,,556.85,549.09,0.15,26.02,,,19.91,,195.1658824,1.478066561
68061,21/02/2025,CTAG,ALISERVIS S.A.,REIMPRESIÓN VOLANTES NACIONAL marzo $7.99 inc. IVA,PUBLICOMERCIAL,355225,3729.86,23489,2068.36,1102,0.12,72.05,,,55.12,,432.3218182,1.477803456
68047,21/02/2025,CTAG,AGUIRRE TOPA BYRON EDUARDO,EDUCACION FINANCIERA EGB,EDITORIAL,3000,5737.87,,2876.67,2137,0.1,,,167.12,,,557.0744444,
68050,21/02/2025,CTAG,AGUIRRE TOPA BYRON EDUARDO,REIMPRESIÓN LIBROs BIOLOGÍA 1 - 2 - 3 BGU - COLECCIÓN CREACIONES,EDITORIAL,2600,4690.92,,2242.51,2175.15,0.03,,,136.63,,,136.6286598,
68056,21/02/2025,CTAG,MAQUI PHARMA S.A.,CENEFA GEMTAMOL,PUBLICOMERCIAL,30000,1663.68,,542.8,777.58,0.15,31.07,,79.22,,,233.0082353,
68060,21/02/2025,MC,COMURSE COMUNICACION ESTRATEGICA S.A.,LIBRO INCLUIDOS PLEGABLES,EDITORIAL,500,2745.29,,991.38,1072.95,0.21,52.26,,,79.96,,548.7459494,2.912624896
68062,24/02/2025,ASS,BOOKS & BITS ECUADOR S.A.,REIMPRESIÓN diptico MALLAS CURRICULARES,PUBLICOMERCIAL,400,332,23488,113,116.76,0.28,6.38,,,6.51,,89.35111111,1.960843373
68063,24/02/2025,CTAG,ALISERVIS S.A.,volantes PROMOCIÓN 50% AMBATO,PUBLICOMERCIAL,5000,52.5,23491,70.24,-17.74,0,,,,,,0,
68064,25/02/2025,ASS,OTECEL S.A.,VOLANTE MOVISTAR - VOL122.1,PUBLICOMERCIAL,500,1035,23492,149.34,107.32,0.742,19.9,,,20.29,,738.1462016,1.960386473
68067,25/02/2025,ASS,ATEDUCA CIA. LTDA.,"Educación Cívica, Ética e Integridad 1",EDITORIAL,1500,1725,23493,933.48,757.69,0,,,,33.82,,0,1.96057971
68068,25/02/2025,ASS,ATEDUCA CIA. LTDA.,"Educación Cívica, Ética e Integridad 2",EDITORIAL,2500,2875,23494,1351.56,1326.14,0.05,,,,56.37,,140.9315789,1.960695652
68069,25/02/2025,ASS,ATEDUCA CIA. LTDA.,"Educación Cívica, Ética e Integridad 3",EDITORIAL,2500,2875,23495,1351.56,1326.14,0.05,,,,56.37,,140.9315789,1.960695652
68070,25/02/2025,ASS,ATEDUCA CIA. LTDA.,"Educación Cívica, Ética e Integridad 4",EDITORIAL,2500,2875,23496,1351.56,1326.14,0.05,,,,56.37,,140.9315789,1.960695652
68071,25/02/2025,ASS,ATEDUCA CIA. LTDA.,"Educación Cívica, Ética e Integridad 5",EDITORIAL,2500,2875,23497,1351.56,1326.14,0.05,,,,56.37,,140.9315789,1.960695652
68072,25/02/2025,ASS,ATEDUCA CIA. LTDA.,"Educación Cívica, Ética e Integridad 6",EDITORIAL,2500,2875,23498,1351.56,1326.14,0.05,,,,56.37,,140.9315789,1.960695652
68073,25/02/2025,ASS,ATEDUCA CIA. LTDA.,"Educación Cívica, Ética e Integridad 7",EDITORIAL,2500,2875,23499,1351.56,1326.14,0.05,,,,56.37,,140.9315789,1.960695652
68074,25/02/2025,ASS,ATEDUCA CIA. LTDA.,"Educación Cívica, Ética e Integridad 8",EDITORIAL,2500,2875,23500,1351.56,1326.14,0.05,,,,56.37,,140.9315789,1.960695652
68075,25/02/2025,ASS,ATEDUCA CIA. LTDA.,"Educación Cívica, Ética e Integridad 9",EDITORIAL,2500,2875,23501,1351.56,1326.14,0.05,,,,56.37,,140.9315789,1.960695652
68076,25/02/2025,ASS,ATEDUCA CIA. LTDA.,"Educación Cívica, Ética e Integridad 10",EDITORIAL,2500,2875,23502,1351.56,1326.14,0.05,,,,56.37,,140.9315789,1.960695652
68077,25/02/2025,ASS,INTRIAGO FRAY OSCAR PASTOR,ENSEÑANZA RELIGIOSA ESCOLAR 1 BGU,EDITORIAL,1500,2820,23503,1258.2,1193.85,0.087,,80.57,,53.71,,233.6564622,1.904609929
68078,25/02/2025,BV,JABONERIA WILSON S.A.,AFICHE GOL,PUBLICOMERCIAL,4000,660,23521,289.65,137.53,0.32,12.56,,,19.22,,201.0258824,2.912121212
68080,25/02/2025,BV,JABONERIA WILSON S.A.,Tackers GOL,PUBLICOMERCIAL,1600,865,23522,486.15,194.09,0.19,,,,25.19,,159.5624691,2.912138728
68065,25/02/2025,CTAG,WORLD VISION,THoHM. 6 meses. Costa. Recetario,PUBLICOMERCIAL,976,2484.36,,1228.26,691.46,0.2,47.99,,,36.71,,479.93,1.477644142
68066,25/02/2025,BV,PRODUCTOS FAMILIA SANCELA DEL ECUADOR S.A.,Colgantes Nosotras JARROS,PUBLICOMERCIAL,4000,1600,,817.9,466.7,0.1565,30.46,,,46.6,,238.3401304,2.9125
68081,25/02/2025,BV,JABONERIA WILSON S.A.,"AFICHES POLIPASACALLES LAVA, GOL Y MACHO",PUBLICOMERCIAL,30000,4720,,2512.56,946.8,0.23,89.85,,,137.48,,1033.315325,2.912711864
68082,26/02/2025,ASS,INTRIAGO FRAY OSCAR PASTOR,ENSEÑANZA RELIGIOSA ESCOLAR 2 EGB,EDITORIAL,1500,2820,23504,1244.76,1179.09,0.0975,,80.57,,53.71,,261.8563712,1.904609929
68083,26/02/2025,ASS,INTRIAGO FRAY OSCAR PASTOR,ENSEÑANZA RELIGIOSA ESCOLAR 2 BGU,EDITORIAL,1500,2820,23505,1241.88,1148.4,0.11,,80.57,,53.71,,295.4278652,1.904609929
68084,26/02/2025,ASS,INTRIAGO FRAY OSCAR PASTOR,ENSEÑANZA RELIGIOSA ESCOLAR 3 EGB,EDITORIAL,1500,2820,23506,1241.88,1148.4,0.11,,80.57,,53.71,,295.4278652,1.904609929
68086,26/02/2025,ASS,INTRIAGO FRAY OSCAR PASTOR,ENSEÑANZA RELIGIOSA ESCOLAR 3 bgu,EDITORIAL,1500,2820,23507,1240.88,1149.4,0.11,,80.57,,53.71,,295.4278652,1.904609929
68087,26/02/2025,ASS,INTRIAGO FRAY OSCAR PASTOR,ENSEÑANZA RELIGIOSA ESCOLAR 4 egb,EDITORIAL,1500,2820,23508,1244.76,1179.09,0.0975,,80.57,,53.71,,261.8563712,1.904609929
68088,26/02/2025,ASS,INTRIAGO FRAY OSCAR PASTOR,ENSEÑANZA RELIGIOSA ESCOLAR 5 egb,EDITORIAL,1500,2820,23509,1244.76,1179.09,0.0975,,80.57,,53.71,,261.8563712,1.904609929
68089,26/02/2025,ASS,INTRIAGO FRAY OSCAR PASTOR,ENSEÑANZA RELIGIOSA ESCOLAR 6 egb,EDITORIAL,1500,2820,23510,1240.88,1149.4,0.11,,80.57,,53.71,,295.4278652,1.904609929
68090,26/02/2025,ASS,INTRIAGO FRAY OSCAR PASTOR,ENSEÑANZA RELIGIOSA ESCOLAR 7 egb,EDITORIAL,1500,2820,23511,1244.76,1179.09,0.0975,,80.57,,53.71,,261.8563712,1.904609929
68091,26/02/2025,ASS,INTRIAGO FRAY OSCAR PASTOR,ENSEÑANZA RELIGIOSA ESCOLAR 8 egb,EDITORIAL,1500,2820,23512,1240.88,1149.4,0.11,,80.57,,53.71,,295.4278652,1.904609929
68092,26/02/2025,ASS,INTRIAGO FRAY OSCAR PASTOR,ENSEÑANZA RELIGIOSA ESCOLAR 9 egb,EDITORIAL,1500,2820,23513,1244.76,1179.09,0.0975,,80.57,,53.71,,261.8563712,1.904609929
68093,26/02/2025,ASS,INTRIAGO FRAY OSCAR PASTOR,ENSEÑANZA RELIGIOSA ESCOLAR 10 egb,EDITORIAL,1500,2820,23514,1240.88,1149.4,0.11,,80.57,,53.71,,295.4278652,1.904609929
68085,26/02/2025,ASS,OTECEL S.A.,reimpresión agendas movistar - ecuador nos mueve - CAYFO3,PUBLICOMERCIAL,1500,6088.5,23518,2024.51,2669.69,0.1664,112.62,,229.75,114.88,,937.0380038,1.886835838
68094,26/02/2025,BV,HINODE,CATÁLOGO HINODE - 115gr,PUBLICOMERCIAL,800,1415,,555.45,548.96,0.18,26.94,,,41.21,,242.4314634,2.912367491
68095,26/02/2025,BV,HH GLOBAL,LICITAIÓN Afiche Caballete,PUBLICOMERCIAL,1000,1175.72,,620.91,169.49,0.2,,,158.08,29.64,,197.6,2.521008403
68096,26/02/2025,BV,HH GLOBAL,LICITAIÓN Vibrin,PUBLICOMERCIAL,50,375.77,,170.37,113.83,0.1,,,50.52,9.47,,31.57777778,2.520158608
68097,26/02/2025,BV,HH GLOBAL,LICITAIÓN rompetrafico,PUBLICOMERCIAL,1000,946.81,,520.02,196.05,0.1,,,127.3,23.87,,79.56333333,2.521097158
68098,26/02/2025,BV,HH GLOBAL,LICITAIÓN hablador,PUBLICOMERCIAL,25,362.67,,144.22,111.79,0.16,,,48.76,9.14,,48.76380952,2.520197425
68099,26/02/2025,BV,HH GLOBAL,LICITAIÓN Incerto de Cabecera,PUBLICOMERCIAL,25,248.61,,94.22,81.28,0.16,,,33.43,6.27,,33.42857143,2.522022445
68101,26/02/2025,BV,HH GLOBAL,LICITAIÓN Display Caballete,PUBLICOMERCIAL,250,526.27,,224.89,128.91,0.2,,,70.76,13.27,,88.45,2.521519372
68102,26/02/2025,BV,HH GLOBAL,LICITAIÓN rompetrafico,PUBLICOMERCIAL,250,474.29,,250.66,108.05,0.1,,,63.77,11.96,,39.85666667,2.521663961
68104,26/02/2025,BV,HH GLOBAL,LICITAIÓN cupones,PUBLICOMERCIAL,50000,457.35,,164.04,158.79,0.16,,,61.49,11.53,,61.49142857,2.521045151
68108,27/02/2025,BV,TOYOTA DEL ECUADOR S.A.,impresión banderas y tarjetas,PUBLICOMERCIAL,1,396,23515,299,2.54,0.2,7.54,,,11.53,,75.385,2.911616162
68109,27/02/2025,ASS,INTRIAGO FRAY OSCAR PASTOR,ENSEÑANZA RELIGIOSA ESCOLAR 1 egb,EDITORIAL,1500,2820,23516,1326.45,1248.62,0.0412,,80.57,,53.71,,110.6517355,1.904609929
68111,27/02/2025,BV,JABONERIA WILSON S.A.,reimpresión STICKERS PRUÉBALO GRATIS,PUBLICOMERCIAL,250000,1500,23520,868.32,259.6,0.21,28.56,,,43.69,,299.8268354,2.912666667
68057,27/02/2025,CTAG,MAQUI PHARMA S.A.,caja gemato,PUBLICOMERCIAL,10000,1225.22,,550.18,422.22,0.15,22.88,,58.34,,,171.6,
68079,27/02/2025,BV,JABONERIA WILSON S.A.,"AFICHES POLIPASACALLES LAVA, GOL Y MACHO",PUBLICOMERCIAL,30000,4990,,2837.01,962.73,0.2,94.99,,,145.34,,949.935,2.912625251
68100,27/02/2025,BV,HH GLOBAL,LICITAIÓN rompetrafico,PUBLICOMERCIAL,25000,9736.67,,5001.62,2362.24,0.1,,,1309.13,245.46,,818.2066667,2.520985101
68103,27/02/2025,BV,HH GLOBAL,LICITAIÓN MINICABECERA UDD,PUBLICOMERCIAL,100,385.66,,200.16,91.51,0.1,,,51.85,9.72,,32.40777778,2.520354717
68105,27/02/2025,BV,HH GLOBAL,LICITAIÓN Afiche Caballete,PUBLICOMERCIAL,100,444.89,,175.86,123.23,0.2,,,59.82,11.22,,74.7725,2.521971723
68106,27/02/2025,BV,HH GLOBAL,LICITAIÓN VOLANTES,PUBLICOMERCIAL,5000,479.83,,219.53,103.05,0.2,,,64.52,12.1,,80.645,2.521726445
68107,27/02/2025,BV,HH GLOBAL,LICITAIÓN Guindola de 9 banderines,PUBLICOMERCIAL,100,1018.21,,515.7,203.03,0.16,,,136.9,25.67,,136.9009524,2.521090934
68110,27/02/2025,CTAG,CONGOPE,LIBRO A5,EDITORIAL,1300,2114.24,,948.57,456.71,0.2,35.13,,286.68,35.83,,351.32,1.694698804
68112,27/02/2025,BV,DIEGO AUQUILLA,CUADERNOS PUCE,PUBLICOMERCIAL,3000,5991,,2615.99,2271.01,0.143,114.05,,,174.5,,815.4504084,2.912702387
68113,27/02/2025,BV,DIEGO AUQUILLA,STICKERS PARA CUADERNO,PUBLICOMERCIAL,650,169,,95.8,32.89,0.2,3.22,,,4.92,,32.1725,2.911242604
68114,28/02/2025,MC,YUNNY RIVERA CUSME,LIBRO cALIGRAFITO 5 egb,EDITORIAL,2000,3965,23517,1760.81,1560.34,0.12,75.48,,,115.49,,452.8840909,2.912736444
68115,28/02/2025,CTAG,SILVA VILEMA WILSON RODRIGO,libro EL MISIONERO edi. 1042 y 1045,PUBLICOMERCIAL,2000,1300,23519,416.81,466.69,0.3,37.86,,,,,378.6428571,
68116,28/02/2025,BV,LÍDERES EDICIONES,libros - 6 titulos,EDITORIAL,3000,5297,,2659.43,2298.36,0.05,,,,78.28,,260.9363158,1.477817633
68117,28/02/2025,ASS,BOOKS & BITS ECUADOR S.A.,diptico,PUBLICOMERCIAL,500,350,,144.17,101.4,0.27,6.73,,,6.86,,90.82726027,1.96
68118,28/02/2025,BV,DIEGO AUQILLA,PORTA TITULO - papel especial,PUBLICOMERCIAL,6000,11640,,6679.27,522.34,0.35,221.59,,,339.03,,3877.79,2.912628866
68119,28/02/2025,CTAG,CHAIDE Y CHAIDE S.A,Catálogo Técnico Chaide 2025 - PASTA RÚSTICA,PUBLICOMERCIAL,4000,16405.1,,9187.48,3969.08,0.19,162.43,,,,,3086.106667,
68120,28/02/2025,CTAG,CHAIDE Y CHAIDE S.A,Catálogo Técnico Chaide 2025 - PASTA RÚSTICA,PUBLICOMERCIAL,4000,19863.3,,11357.26,4221.8,0.2,389.48,,,,,3894.765,
68121,28/02/2025,BV,BIOSIDUS,MANUAL DE SITIOS DE INYECCIÓN,PUBLICOMERCIAL,500,235,,65.06,125.07,0.15,4.47,,,6.84,,33.55235294,2.910638298
68122,28/02/2025,BV,BIOSIDUS,CARTILLA DE SITIOS DE INYECCIÓN,PUBLICOMERCIAL,500,165,,65.09,68.4,0.15,3.14,,,4.81,,23.55705882,2.915151515
68123,05/03/2025,BV,JABONERIA WILSON S.A.,AYUDAVENTAS,PUBLICOMERCIAL,100,125,23523,39.57,61.57,0.15,2.38,,,3.64,,17.84823529,2.912
68125,05/03/2025,MC,YUNNY RIVERA CUSME,LIBRO cALIGRAFITO 7 egb,EDITORIAL,2000,3965,23524,1760.81,1560.34,0.12,75.48,,,115.49,,452.8840909,2.912736444
68124,05/03/2025,BV,JABONERIA WILSON S.A.,LETREROS LABA,PUBLICOMERCIAL,500,2950,,2279.04,0.99,0.188,56.16,,,85.92,,527.8887192,2.912542373
68126,05/03/2025,BV,BIOSIDUS,CARTILLAS ABDOMEN,PUBLICOMERCIAL,500,1381.3,,532.16,519.65,0.2,26.3,,,40.23,,262.9525,2.912473757
68127,05/03/2025,BV,BIOSIDUS,CARTILLAS BRAZO,PUBLICOMERCIAL,500,1938.66,,532.16,519.65,0.43,36.91,,,56.47,,793.4707018,2.912836702
68128,05/03/2025,BV,BIOSIDUS,CARTILLAS cadera,PUBLICOMERCIAL,500,1726.62,,532.16,519.65,0.36,32.87,,,50.29,,591.643125,2.912626982
68129,05/03/2025,BV,BIOSIDUS,CARTILLAS pierna,PUBLICOMERCIAL,500,2255.18,,532.16,519.65,0.51,42.93,,,65.68,,1094.74102,2.912406105
68136,06/03/2025,ASS,BOOKS & BITS ECUADOR S.A.,diptico,PUBLICOMERCIAL,1000,396,23525,131.86,119.35,0.34,7.61,,,7.76,,129.4112121,1.95959596
68138,06/03/2025,MC,YUNNY RIVERA CUSME,BIOLOGÍA 3 bgu,EDITORIAL,1000,3700,23526,1556.84,1796.85,0.08,,,,54.68,,291.6252174,1.477837838
68135,06/03/2025,ASS,SANTILLANA S.A.,llaves digitales - acceso digital CONECTA,PUBLICOMERCIAL,10000,1950,23530,918.87,404.5,0.26,35.77,89.42,,36.48,,464.9678378,1.870769231
68130,06/03/2025,BV,INDUSTRIAS ALES C.A,ROMPETRÁFICOS TACKERS NATURELLA,PUBLICOMERCIAL,7000,2455.71,,1434.45,818.93,0.05,47.44,,,36.29,,118.5989474,1.477780357
68131,06/03/2025,BV,INDUSTRIAS ALES C.A,preciador naturella,PUBLICOMERCIAL,7000,326.75,,162.84,136.98,0.05,6.31,,,4.83,,15.78,1.478194338
68132,06/03/2025,BV,INDUSTRIAS ALES C.A,cenefa horizontal naturella,PUBLICOMERCIAL,700,317.42,,165.23,126.04,0.05,6.13,,,4.69,,15.33,1.477537647
68133,06/03/2025,BV,INDUSTRIAS ALES C.A,pizarras naturella,PUBLICOMERCIAL,500,219.39,,111.22,90.1,0.05,4.24,,,3.24,,10.59578947,1.476822098
68134,06/03/2025,BV,INDUSTRIAS ALES C.A,VIBRINES NATURELLA,PUBLICOMERCIAL,150,219.79,,89.22,116.49,0.05,,,,3.25,,10.82684211,1.478684199
68139,06/03/2025,CTAG,MONICA ALMEIDA,AGENDAS,PUBLICOMERCIAL,1000,3950,,2007.57,514.36,0.339,76.31,,,58.37,,1293.395265,1.477721519
68140,06/03/2025,BV,CORPORACION SUPERIOR CORSUPERIOR S.A.,RECERTARIOS - 16 paginas,PUBLICOMERCIAL,3000,670,,324.73,228.18,0.15,,,,19.51,,97.57235294,2.911940299
68141,06/03/2025,BV,CORPORACION SUPERIOR CORSUPERIOR S.A.,RECERTARIOS - 12 paginas,PUBLICOMERCIAL,3000,650,,244.34,323.62,0.1,,,,18.93,,63.10666667,2.912307692
68147,07/03/2025,CTAG,DIDACTICA-EDITORIAL S.A.S.,REIMPRESIÓN LIBRO BIOLOGÍA 1 BGU - COLECCIÓN CREACIONES,EDITORIAL,2600,4690.92,23527,2245.74,2170.1,0.0304,,,136.63,,,138.450429,
68145,07/03/2025,CTAG,DIDACTICA-EDITORIAL S.A.S.,REIMPRESIÓN LIBRO BIOLOGÍA 2 BGU - COLECCIÓN CREACIONES,EDITORIAL,2200,4161.3,23528,1927.59,1971.1,0.035,,,121.2,,,141.4032642,
68146,07/03/2025,CTAG,DIDACTICA-EDITORIAL S.A.S.,REIMPRESIÓN LIBRO BIOLOGÍA 3 BGU - COLECCIÓN CREACIONES,EDITORIAL,1200,2828.52,23529,1150.21,1472.35,0.045,,,82.38,,,123.5761257,
68148,07/03/2025,CTAG,DIDACTICA-EDITORIAL S.A.S.,LIBRO FÍSICA 3 BGU - COLECCIÓN CREACIONES,EDITORIAL,2000,4112.8,23531,2447.86,1545.15,0,,,119.79,,,0,
68142,07/03/2025,CTAG,F.V. - AREA ANDINA S.A.,PLANTILLA PARA INSTALACIÓN,PUBLICOMERCIAL,120,230,23545,117.04,89.97,0.1,,,,,,23.00111111,
68137,07/03/2025,MC,YUNNY RIVERA CUSME,LIBROS ROBOTICA,EDITORIAL,1000,2150.59,,992.97,1010.03,0.05,,,,42.17,,105.4210526,1.960857253
68143,07/03/2025,MC,YUNNY RIVERA CUSME,LIBROS EMPRENDIMIENTO,EDITORIAL,1500,4166.54,,1856.77,1821.7,0.073,,119.04,,79.36,,289.6745523,1.904697903
68144,07/03/2025,BV,MODERNA ALIMENTOS S.A.,AFICHES,PUBLICOMERCIAL,200,257.81,,104.68,116.17,0.1,4.91,,,7.51,,24.53888889,2.912997944
68149,10/03/2025,CTAG,DIDACTICA-EDITORIAL S.A.S.,LIBRO FÍSICA 1 BGU - COLECCIÓN CREACIONES,EDITORIAL,2500,4777.25,23532,2145.81,2207.06,0.0615,,,139.14,,,285.2440117,
68150,10/03/2025,CTAG,DIDACTICA-EDITORIAL S.A.S.,LIBRO FÍSICA 2 BGU - COLECCIÓN CREACIONES,EDITORIAL,2000,4112.8,23533,1763.35,1950.14,0.07,,,119.79,,,279.51,
68151,10/03/2025,CTAG,DIDACTICA-EDITORIAL S.A.S.,REIMPRESIÓN - LIBRO historia 1 BGU - COLECCIÓN CREACIONES,EDITORIAL,2500,4268,23534,1947.05,1985.31,0.051,,,124.31,,,211.3280927,
68152,10/03/2025,CTAG,DIDACTICA-EDITORIAL S.A.S.,LIBRO historia 3 BGU - COLECCIÓN CREACIONES,EDITORIAL,1700,3281.51,23535,1396.59,1623.67,0.052,,,95.58,,,165.66827,
68153,10/03/2025,CTAG,DIDACTICA-EDITORIAL S.A.S.,LIBRO historia 2 BGU - COLECCIÓN CREACIONES,EDITORIAL,2500,4268,23536,1947.05,1985.31,0.051,,,124.31,,,211.3280927,
68156,10/03/2025,ASS,SANTILLANA S.A.,CERTIFICADOS CREO AÑO 1 Y 2,PUBLICOMERCIAL,400,219.87,,87.6,98.57,0.094,,10.27,,4.11,,19.31565121,1.869286397
68160,11/03/2025,CTAG,SILVA VILEMA WILSON RODRIGO,PERIÓDICO EL MISIONERO edi. 1043 y 1044,PUBLICOMERCIAL,2000,1300,23539,416.81,466.69,0.3,37.86,,,,,378.6428571,
68170,11/03/2025,ASS,AGLOMERADOS COTOPAXI S.A,catalogo molduras y paneles decorativos,PUBLICOMERCIAL,700,915,23547,317.41,298.22,0.3,17.59,,,17.94,,263.8414286,1.960655738
68157,11/03/2025,BV,CORPORACION SUPERIOR CORSUPERIOR S.A.,FLYERS - 20 MOTIVOS,PUBLICOMERCIAL,62000,1110.01,,594.86,365.45,0.1,10.67,,,32.33,,106.7011111,2.912586373
68169,11/03/2025,ASS,AGLOMERADOS COTOPAXI S.A,catalogo molduras y paneles decorativos,PUBLICOMERCIAL,1000,750,,285.4,343.21,0.128,14.42,,,14.71,,92.27302752,1.961333333
68171,11/03/2025,ASS,ATEDUCA CIA. LTDA.,impresión dummies,EDITORIAL,250,799.33,,270.27,382.78,0.15,15.37,,,15.67,,115.2441176,1.960391828
68172,12/03/2025,ASS,PROGRAMA MUNDIAL DE ALIMENTOS,TICKETS BLANCO Y NEGRO,PUBLICOMERCIAL,500,100,23540,39.88,31.25,0.26,1.92,,,1.96,,24.99162162,1.96
68173,12/03/2025,ASS,PROGRAMA MUNDIAL DE ALIMENTOS,PORTA TARJETAS,PUBLICOMERCIAL,25000,1000,23541,399.03,369.91,0.2,19.22,,,19.61,,192.235,1.961
68176,12/03/2025,ASS,AGLOMERADOS COTOPAXI S.A,ADHESIVOS para tablilla,PUBLICOMERCIAL,407,395,23549,122.83,169.51,0.23,7.59,,,7.75,,87.32233766,1.962025316
68158,12/03/2025,BV,CORPORACION SUPERIOR CORSUPERIOR S.A.,paleta de Colores,PUBLICOMERCIAL,3000,1200.01,,280.3,747.7,0.1,22.84,,,34.95,,114.2222222,2.912475729
68159,12/03/2025,BV,CORPORACION SUPERIOR CORSUPERIOR S.A.,MINI LIBRETA,PUBLICOMERCIAL,3000,1650,,632.77,808.98,0.1,,,,48.06,,160.1944444,2.912727273
68161,12/03/2025,BV,CORPORACION SUPERIOR CORSUPERIOR S.A.,FOLLETO,PUBLICOMERCIAL,3000,540,,195.26,276.59,0.1,,,,15.73,,52.42777778,2.912962963
68162,12/03/2025,BV,CORPORACION SUPERIOR CORSUPERIOR S.A.,RECETARIO TORTAS,PUBLICOMERCIAL,15000,2130,,901.42,959.74,0.1,,,,62.04,,206.7955556,2.912676056
68163,12/03/2025,BV,CORPORACION SUPERIOR CORSUPERIOR S.A.,CATÁLOGO 2025 A5,PUBLICOMERCIAL,5000,645.01,,224.06,339.54,0.1,,,,18.79,,62.62222222,2.91313313
68164,12/03/2025,BV,CORPORACION SUPERIOR CORSUPERIOR S.A.,CATÁLOGO 2025 A4,PUBLICOMERCIAL,1000,345,,139.68,161.78,0.1,,,,10.05,,33.49555556,2.913043478
68165,12/03/2025,BV,CORPORACION SUPERIOR CORSUPERIOR S.A.,TRÍPTICO,PUBLICOMERCIAL,3000,270,,107,123.67,0.12,,,,7.86,,31.455,2.911111111
68166,12/03/2025,BV,CORPORACION SUPERIOR CORSUPERIOR S.A.,CARTILLA TIPO PASAPORTE,PUBLICOMERCIAL,1000,260,,92.09,132.57,0.11,,,,7.57,,27.76696629,2.911538462
68167,12/03/2025,BV,CORPORACION SUPERIOR CORSUPERIOR S.A.,INVITACIÓN,PUBLICOMERCIAL,750,185,,94.13,67.53,0.1,,,,5.39,,17.96222222,2.913513514
68177,12/03/2025,BV,BIOSIDUS,CARTILLA PACIENTE,PUBLICOMERCIAL,500,150,,57.17,73.9,0.1,,,,4.37,,14.56333333,2.913333333
68187,13/03/2025,MC,YUNNY RIVERA CUSME,LIBRO EMPRENDIMIENTO 1,EDITORIAL,1500,3855,23542,1699.93,1677.79,0.08,,110.14,,73.43,,293.7147826,1.904798962
68188,13/03/2025,MC,YUNNY RIVERA CUSME,LIBRO EMPRENDIMIENTO 2,EDITORIAL,1500,4425,23543,1914.37,1848.96,0.09,,206.78,,82.71,,372.1974725,1.869152542
68189,13/03/2025,MC,YUNNY RIVERA CUSME,LIBRO EMPRENDIMIENTO 3,EDITORIAL,1500,4170,23544,1832.81,1820.91,0.08,,119.14,,79.43,,317.7147826,1.904796163
68196,13/03/2025,MC,YUNNY RIVERA CUSME,LIBRO cALIGRAFITO 6 egb,EDITORIAL,2000,3965,23546,1760.81,1560.34,0.12,75.48,,,115.49,,452.8840909,2.912736444
68197,13/03/2025,ASS,OTECEL S.A.,Volantes Riocentro Sur - VOL123.1,PUBLICOMERCIAL,1000,423,23548,68.07,110.82,0.56,8.13,,,8.29,,227.6781818,1.959810875
68190,13/03/2025,CTAG,MEGAPUBLISHER S.A.S,reimpresion EDUCACION artistica y creativa 1,EDITORIAL,2000,3181.99,,1291.87,1686.35,0.05,,,,47.02,,156.7484211,1.477691633
68191,13/03/2025,CTAG,MEGAPUBLISHER S.A.S,reimpresion EDUCACION ARTISTICA Y CREATIVA 2,EDITORIAL,2000,3113.18,,1287.66,1656.82,0.04,,,,46.01,,122.6866667,1.477910047
68193,13/03/2025,ASS,ATEDUCA CIA. LTDA.,libros VER A JESUS NUEVA EDICION y FILOSOFIA y EDUCACION PARA LA CIUDADANIA 2 BGU NE,EDITORIAL,450,2276.99,,932.28,1147.66,0.05,,43.79,,43.79,,109.4705263,1.923152934
68194,13/03/2025,ASS,ATEDUCA CIA. LTDA.,libros VER A JESUS NUEVA EDICION - anillado,EDITORIAL,250,6334.9,,2642.96,3143.73,0.05,,121.83,,121.83,,304.5626316,1.923155851
68200,14/03/2025,BV,NATURES SUNSHINE PRODUCTS DEL ECUADOR S.A.,DÍPTICO,PUBLICOMERCIAL,4000,245,23550,101.44,112.64,0.1,,,,7.14,,23.78666667,2.914285714
68175,14/03/2025,ASS,SANTILLANA S.A.,TE ACOMPAÑARÁ EL VIENTO LQL (AZ) y YO NUNCA DIGO ADIOS LQL (AZ) y FRANKENSTEIN SERIE ROJA LQL (RO),EDITORIAL,1400,2396.63,,1072.93,1054.92,0.05,,111.99,,44.8,,111.9921053,1.869291463
68178,14/03/2025,BV,EDREDONES ECUADOR,SÁBANAS PIEL DE DURAZNO,PUBLICOMERCIAL,5000,224.32,,103.81,102.03,0.05,4.33,,,3.32,,10.83368421,1.480028531
68179,14/03/2025,BV,EDREDONES ECUADOR,EDREDONES ECUADOR INFO Y COBERTOR SHERPA CASAMIGA,PUBLICOMERCIAL,3000,160.06,,67.98,78.89,0.05,3.09,,,2.37,,7.73,1.480694739
68180,14/03/2025,BV,EDREDONES ECUADOR,COBERTOR CASAMIGA,PUBLICOMERCIAL,3000,160.06,,67.98,78.89,0.05,3.09,,,2.37,,7.73,1.480694739
68181,14/03/2025,BV,EDREDONES ECUADOR,SÁBANAS,PUBLICOMERCIAL,3000,148.9,,64.06,72.57,0.05,2.88,,,2.2,,7.191052632,1.477501679
68182,14/03/2025,BV,EDREDONES ECUADOR,,PUBLICOMERCIAL,5000,242.74,,92.02,130.71,0.05,4.69,,,3.59,,11.72263158,1.478948669
68184,14/03/2025,BV,EDREDONES ECUADOR,COBIJA SHERPA,PUBLICOMERCIAL,3000,312.07,,165.42,120.94,0.05,6.03,,,4.61,,15.07157895,1.477232672
68186,14/03/2025,BV,EDREDONES ECUADOR,CORTINA HOME,PUBLICOMERCIAL,5000,1454.34,,871.2,252.61,0.2,28.1,,,21.49,,280.9525,1.477646218
68192,14/03/2025,ASS,ATEDUCA CIA. LTDA.,libros VER A JESUS NUEVA EDICION con adhesivos,EDITORIAL,400,2969.79,,1410.35,1302.44,0.05,,57.11,,57.11,,142.7784211,1.923031595
68195,14/03/2025,ASS,ATEDUCA CIA. LTDA.,libros VER A JESUS NUEVA EDICION y FILOSOFIA y EDUCACION PARA LA CIUDADANIA 2 BGU NE,EDITORIAL,800,5070.9,,2143.76,2488.31,0.05,,97.52,,97.52,,243.7931579,1.923130016
68198,14/03/2025,CTAG,CNE,DIPTICO,PUBLICOMERCIAL,41000,1745.15,,788.67,484.61,0.15,,224.7,,22.47,,224.6964706,1.287568404
68199,14/03/2025,CTAG,CNE,INSTRUCTIVO,PUBLICOMERCIAL,14500,2208.11,,783.36,827.71,0.15,,284.31,,28.43,,284.3064706,1.287526437
68202,14/03/2025,MC,YUNNY RIVERA CUSME,REIMPRESIÓN BRING UP ENGLISH STUDENT`S BOOK 10 EGB,EDITORIAL,2000,3299.99,,1221.65,1448.25,0.15,62.82,,,96.12,,471.1588235,2.912736099
68203,14/03/2025,MC,YUNNY RIVERA CUSME,REIMPRESIÓN BRING UP ENGLISH STUDENT`S BOOK 2 BGU,EDITORIAL,2000,3200,,1173.24,1561.96,0.102,60.92,,,93.2,,310.6797327,2.9125
68204,14/03/2025,MC,YUNNY RIVERA CUSME,REIMPRESIÓN BRING UP ENGLISH STUDENT`S BOOK 3 BGU,EDITORIAL,2000,3200,,1173.24,1561.96,0.102,60.92,,,93.2,,310.6797327,2.9125
68210,17/03/2025,CTAG,AMC ECUADOR CIA.LTDA.,REIMPRESIÓN PLIEGOS KNL FLORES 60X90,PUBLICOMERCIAL,30000,504,23554,59.45,419.35,0.05,,,,,,25.2,
68211,17/03/2025,CTAG,AMC ECUADOR CIA.LTDA.,REIMPRESIÓN PLIEGOS MJS 60X90,PUBLICOMERCIAL,10000,166.95,23555,18.15,140.45,0.05,,,,,,8.347368421,
68208,17/03/2025,CTAG,F.V. - AREA ANDINA S.A.,ROMPETRÁFICO FV,PUBLICOMERCIAL,2000,650,23556,340.29,264.22,0.07,,,,,,45.50075269,
68212,17/03/2025,CTAG,CHAIDE Y CHAIDE S.A,REIMPRESION COD.1771 ETIQUETA PROTECTOR BORN IMPERMEeable,PUBLICOMERCIAL,1000,500,23557,197.41,64.71,0.4,21.84,,,41.28,,174.7466667,8.256
68213,17/03/2025,CTAG,CHAIDE Y CHAIDE S.A,REIMPRESIÓN - COD.63 ETIQUETA COLCHON BABY CHAIDE,PUBLICOMERCIAL,2000,300,23558,136.22,113.78,0.15,5.88,,,,,44.11764706,
68216,17/03/2025,CTAG,ALISERVIS S.A.,VOLANTES NUEVO LOCAL DOMINOS 9 DE OCTUBRE,PUBLICOMERCIAL,5000,52.5,23559,70.24,-17.74,0,,,,,,0,
68215,17/03/2025,ASS,PROGRAMA MUNDIAL DE ALIMENTOS,PORTA TARJETAS - 2 diseños,PUBLICOMERCIAL,13600,730,23565,308.46,287.95,0.15,14.03,,,14.31,,105.2488235,1.960273973
68209,17/03/2025,BV,GRUPO EDITORIAL AMAZONAS,LIBROS TEXTOS ESCOLARES bond 75gr,EDITORIAL,700,2349.75,,910.8,1008.71,0.13,,110.32,,33.1,,286.8233333,1.408660496
68214,17/03/2025,BV,GRUPO EDITORIAL AMAZONAS,LIBROS TEXTOS ESCOLARES - bond 70gr,EDITORIAL,1100,2410.52,,959.38,1009.78,0.13,,113.17,,33.95,,294.2422989,1.408409804
68217,17/03/2025,ASS,SANTILLANA S.A.,INSERTO PARA BROCHURE TECPRO,PUBLICOMERCIAL,1000,430,,162.53,199.15,0.1,,20.09,,8.04,,40.18666667,1.869767442
68218,17/03/2025,CTAG,AXEL CHAVEZ,MENU GRANDE,PUBLICOMERCIAL,2000,670,,330.61,251.83,0.1,12.94,,,9.9,,64.71555556,1.47761194
68219,17/03/2025,CTAG,AXEL CHAVEZ,MENU DE BEBIDAS,PUBLICOMERCIAL,1000,480,,212.92,204.36,0.1,9.27,,,7.09,,46.36444444,1.477083333
68220,17/03/2025,CTAG,AXEL CHAVEZ,TARJETAS DE PRESENTACION,PUBLICOMERCIAL,1000,350,,143.11,161.16,0.1,6.76,,,5.17,,33.80777778,1.477142857
68222,18/03/2025,BV,ODELLA S.A.S.,BROCHURE TRÍPTICO PACIENTE LIFTERA,PUBLICOMERCIAL,500,230,23560,75.14,129.25,0.08,4.44,,,3.4,,17.77304348,1.47826087
68227,18/03/2025,BV,SEDEMI SERVICIOS DE MECANICA,BROCHURE PMC CONTORNOS,PUBLICOMERCIAL,300,642,23561,225.74,335.23,0.1,,,,18.7,,62.33,2.912772586
68225,18/03/2025,MC,YUNNY RIVERA CUSME,BRING UP ENGLISH STUDENT`S BOOK 1 BGU,EDITORIAL,2000,3640,23567,1532.2,1543.4,0.1123,69.29,,,106.02,,389.0840149,2.912637363
68174,18/03/2025,CTAG,CUERPO DE AGENTES DE CONTROL MUNICIPIO DE QUITO,REVISTA BICENTENARIO DEL CACMQ,EDITORIAL,1000,11799.58,,5808.06,1440.69,0.27,198.6,,1519.26,151.93,,2681.044521,1.287588202
68221,18/03/2025,ASS,SANTILLANA S.A.,tarjetas pequeñas,PUBLICOMERCIAL,11000,550,,139.07,308.13,0.13,,25.7,,10.28,,66.82298851,1.869090909
68223,18/03/2025,MC,YUNNY RIVERA CUSME,libro i know kids 3 y 4- ANILLADO,PUBLICOMERCIAL,1500,3398.76,,1655.32,1112.5,0.12,62.91,94.36,,96.24,,377.43,2.831620944
68228,18/03/2025,ASS,SANTILLANA S.A.,Libro KIDS 1 - OPCIÓN 1,EDITORIAL,1000,5554.33,,2574.68,2356.73,0.05,,259.55,,103.82,,259.5478947,1.869172339
68229,18/03/2025,ASS,SANTILLANA S.A.,Libro KIDS 1 - OPCIÓN 2,EDITORIAL,1000,4114.91,,1918.94,1734.49,0.05,,192.29,,76.91,,192.2857895,1.869056674
68232,19/03/2025,CTAG,CHAIDE Y CHAIDE S.A,REIMPRESION COD.1148 ETIQUETA ALMOHADA ANTIREFLUJO B,PUBLICOMERCIAL,500,600,23562,278.04,64.82,0.4,28.57,,,,,228.5733333,
68236,19/03/2025,MC,TIPAN UMATAMBO SEGUNDO MARCO,reimpresión aventuritas y letritas 2 CUADERNO DE TRABAJO,PUBLICOMERCIAL,2000,4900,23563,1744.43,2310.1,0.12,,154.35,,138.22,,552.8904545,2.820816327
68237,19/03/2025,MC,TIPAN UMATAMBO SEGUNDO MARCO,REIMPRESIÓN PRE ESCRITURA - PRE MATEMATICA - PRE ESCRITURA 1,PUBLICOMERCIAL,2000,4800,23564,1719.31,2295.73,0.11,,153.38,,135.34,,496.2408989,2.819583333
68234,19/03/2025,CTAG,RED DE INTEGRACION ECUATORIANA DE COOPERATIVAS DE AHORRO Y CREDITO,REVISTA ICORED,PUBLICOMERCIAL,2000,2100,23572,993.85,613.12,0.2,60.26,,,31.03,,401.7425,1.477619048
68233,19/03/2025,ASS,PROGRAMA MUNDIAL DE ALIMENTOS,plegable - documento informativo ACR 2024,PUBLICOMERCIAL,300,450,,203.6,164.04,0.15,8.65,,,8.82,,64.87764706,1.96
68235,19/03/2025,ASS,AGLOMERADOS COTOPAXI S.A,labor manual empacado funda con dameros,PUBLICOMERCIAL,,14,,14,,0,,,,,,,
68238,19/03/2025,ASS,SANTILLANA S.A.,CUENTOS,EDITORIAL,1000,1841.45,,728.37,906.56,0.05,,86.05,,34.42,,86.04894737,1.869179179
68240,19/03/2025,BV,CORPORACION SUPERIOR CORSUPERIOR S.A.,CAJA REVOLUCIÓN DE SABORES,EMPAQUE,1200,780,,360.69,307.5,0.1,14.85,,,22.72,,74.24333333,2.912820513
68241,19/03/2025,ASS,SANTILLANA S.A.,CUENTOS 22x22,EDITORIAL,1900,1888.98,,932.51,744.63,0.05,,88.27,,35.31,,88.27052632,1.869262777
68242,19/03/2025,ASS,SANTILLANA S.A.,CUENTOS,EDITORIAL,1600,1849.08,,795.5,846.21,0.05,,86.41,,34.56,,86.40578947,1.869037575
68251,20/03/2025,MC,YUNNY RIVERA CUSME,BRING UP ENGLISH STUDENT`S BOOK 10 EGB,EDITORIAL,2000,3640,23568,1532.2,1543.4,0.1123,69.29,,,106.02,,389.0840149,2.912637363
68244,20/03/2025,ASS,SANTILLANA S.A.,llaves digitales - acceso digital compartir advance,PUBLICOMERCIAL,3000,1400,,425.84,751.73,0.1,,65.42,,26.17,,130.8411111,1.869285714
68245,20/03/2025,ASS,SANTILLANA S.A.,ARTE EN ACCION,EDITORIAL,600,1657.74,,671.85,830.97,0.03,,77.46,,30.99,,46.47896907,1.869412574
68249,20/03/2025,ASS,SANTILLANA S.A.,SISTEMAS LENGUA 2,EDITORIAL,2000,6666.83,,3064.45,2979.32,0.03,,311.53,,124.61,,186.9207216,1.869104207
68250,20/03/2025,ASS,SANTILLANA S.A.,TIMELINE,EDITORIAL,850,2691.7,,1101.62,1338.52,0.03,,125.78,,50.31,,75.46824742,1.869079021
68253,21/03/2025,MC,YUNNY RIVERA CUSME,reimpresión libro i know kids 3 - ANILLADO,PUBLICOMERCIAL,1500,3399,23569,1380.66,1290.73,0.135,61.77,154.42,,94.5,,416.9221387,2.780229479
68255,21/03/2025,MC,YUNNY RIVERA CUSME,REIMPRESIÓN LIBRO “I KNOW 1” LITTLE ONES - PORTADA NUEVA,PUBLICOMERCIAL,2000,2840,23570,1104.75,1285.44,0.1158,54.06,,,82.72,,313.0332527,2.912676056
68256,21/03/2025,CTAG,F.V. - AREA ANDINA S.A.,BANDERINES,PUBLICOMERCIAL,2000,1340,23571,785.4,331.27,0.15,26.27,,,,,197.0594118,
68265,21/03/2025,BV,CORPORACION SUPERIOR CORSUPERIOR S.A.,FLYERS - 16 MOTIVOS,PUBLICOMERCIAL,49600,1095,23574,488.34,345.47,0.2,20.85,,,31.89,,208.4525,2.912328767
68247,21/03/2025,ASS,SANTILLANA S.A.,llaves digitales - acceso digital compartir advance,PUBLICOMERCIAL,25000,5773.97,,1832.77,3293.65,0.05,,269.81,,107.92,,269.8115789,1.869077948
68254,21/03/2025,MC,YUNNY RIVERA CUSME,REIMPRESIÓN LIBRO “I KNOW 5” - LITTLE ONES,PUBLICOMERCIAL,1000,2150,,657.66,1163.68,0.11,40.93,,,62.62,,225.1094382,2.91255814
68257,21/03/2025,BV,CORPORACION SUPERIOR CORSUPERIOR S.A.,RECETARIOS,PUBLICOMERCIAL,6000,2670,,1447.45,914.88,0.084,51.58,,,39.46,,216.6328821,1.477902622
68258,21/03/2025,ASS,SALUDSA,flyers,PUBLICOMERCIAL,1000,180,,69.56,86.15,0.1,3.46,,,3.53,,17.30111111,1.961111111
68259,21/03/2025,CTAG,JOFFRE ANDRANGO,LIBRO ECA 1,EDITORIAL,2000,3348.56,,1349.29,1341.51,0.1,,298.98,,59.8,,298.9777778,1.785842272
68260,21/03/2025,CTAG,JOFFRE ANDRANGO,LIBRO MANATIAL plan lector hoja numerada,EDITORIAL,2000,3513.14,,1318.49,1504.56,0.1,,313.67,,62.73,,313.6722222,1.785582129
68262,21/03/2025,CTAG,JOFFRE ANDRANGO,LIBRO MANATIAL ESCRITURA,EDITORIAL,1000,2474.53,,947.77,1133.62,0.1,,115.63,,46.25,,231.2655556,1.869041798
68263,21/03/2025,CTAG,JOFFRE ANDRANGO,LIBRO MANATIAL ESCRITURA 80pg,EDITORIAL,1000,2063.53,,817.14,918.54,0.1,,96.43,,38.57,,192.8533333,1.869127175
68267,24/03/2025,CTAG,SILVA VILEMA WILSON RODRIGO,PERIÓDICO EL MISIONERO edi. 1040 y 1046,PUBLICOMERCIAL,2000,1300,23573,416.81,466.69,0.3,37.86,,,,,378.6428571,
68183,24/03/2025,BV,EDREDONES ECUADOR,COBIJA BEBÉ,PUBLICOMERCIAL,3000,292.46,,147.42,120.94,0.05,5.65,,,4.32,,14.12421053,1.477125077
68185,24/03/2025,BV,EDREDONES ECUADOR,CORTINA,PUBLICOMERCIAL,5000,422.36,,243.37,144.18,0.05,8.16,,,6.24,,20.39736842,1.477412634
68230,24/03/2025,ASS,SANTILLANA S.A.,Libro KIDS 1 - OPCIÓN 3,EDITORIAL,1000,3984.45,,1768.94,1768.65,0.05,,186.19,,74.48,,186.1889474,1.869266775
68231,24/03/2025,ASS,SANTILLANA S.A.,Cuento KIDS 1,EDITORIAL,1000,816.79,,417.67,307.52,0.05,,38.17,,15.27,,38.16789474,1.869513584
68243,24/03/2025,ASS,SANTILLANA S.A.,CUENTOS,EDITORIAL,1700,2486.59,,1137.48,1070.24,0.05,,116.2,,46.48,,116.1957895,1.869226531
68246,24/03/2025,ASS,SANTILLANA S.A.,COMPARTIR K2 HABILIDADES,EDITORIAL,600,1425.2,,573.75,718.25,0.03,,66.6,,26.64,,39.95876289,1.869211339
68248,24/03/2025,ASS,SANTILLANA S.A.,EMOTILAB,EDITORIAL,250,947.57,,358.57,500.44,0.03,,44.28,,17.71,,26.56731959,1.868991209
68252,24/03/2025,ASS,INTRIAGO FRAY OSCAR PASTOR,libros 13 títulos,EDITORIAL,1000,2248.29,,992.42,1041.75,0.05,,64.24,,42.82,,107.0615789,1.904558576
68261,24/03/2025,CTAG,JOFFRE ANDRANGO,LIBRO MANATIAL ESCRITURA,EDITORIAL,2000,3184.01,,1246.35,1312.23,0.1,,284.29,,56.86,,284.2866667,1.785798411
68264,24/03/2025,CTAG,JOFFRE ANDRANGO,LIBRO inicial,EDITORIAL,2000,8965.08,,3609.31,3594.77,0.1,,800.45,,160.09,,800.4533333,1.785706318
68266,24/03/2025,BV,GRUPO EDITORIAL AMAZONAS,LIBROS TEXTOS ESCOLARES bond 75gr,EDITORIAL,1700,3304.92,,1440.11,1259.69,0.13,,155.16,,46.55,,403.4183908,1.408506106
68268,24/03/2025,BV,PUBLIJOB,VOLANTES,PUBLICOMERCIAL,2000,188.01,,66.15,85.96,0.15,3.58,,,5.48,,26.84294118,2.914738578
68269,24/03/2025,BV,CORPORACION SUPERIOR CORSUPERIOR S.A.,RECETARIO mULTICEREALES,PUBLICOMERCIAL,15000,1730,,749.92,746.76,0.1,16.63,,,50.39,,166.2977778,2.912716763
68270,24/03/2025,BV,CORPORACION SUPERIOR CORSUPERIOR S.A.,RECETARIO hORNIMEX16 pag totales,PUBLICOMERCIAL,15000,1815,,836.91,692,0.115,34.55,,,52.86,,198.6719209,2.912396694
68275,25/03/2025,CTAG,SILVA VILEMA WILSON RODRIGO,PERIÓDICO EL MISIONERO edi. 10470 y 1049,PUBLICOMERCIAL,2000,1300,23575,416.81,466.69,0.3,37.86,,,,,378.6428571,
68276,25/03/2025,CTAG,SALAZAR-EDITORES S.A.S.,expresión artística y creativa 8,PUBLICOMERCIAL,3000,5700,23576,2524.07,2123.83,0.1275,106.54,266.36,,,,679.2060172,
68277,25/03/2025,CTAG,SALAZAR-EDITORES S.A.S.,EXPRESIÓN ARTÍSTICA Y CREATIVA 9,PUBLICOMERCIAL,3000,5700,23577,2524.07,2123.83,0.1275,106.54,266.36,,,,679.2060172,
68278,25/03/2025,CTAG,SALAZAR-EDITORES S.A.S.,EXPRESIÓN ARTÍSTICA Y CREATIVA 10,PUBLICOMERCIAL,3000,5700,23578,2524.07,2123.83,0.1275,106.54,266.36,,,,679.2060172,
68280,25/03/2025,CTAG,ALISERVIS S.A.,VOLANTES NACIONAL ABRIL $7.99 inc. IVA,PUBLICOMERCIAL,412750,4333.88,23579,2406.05,1303.24,0.127,84.98,,,,,539.6103436,
68273,25/03/2025,CTAG,DIDACTICA-EDITORIAL S.A.S.,IMAGINA Y APRENDE 4 AÑOS INICIAL,EDITORIAL,3000,15450,23586,8104.14,6093.36,0.0535,,,450,,,802.5,
68271,25/03/2025,MC,SANCHEZ CARRASCO PAUL VICENTE,LIBROS ARTÍSTICA 1 Y 2 BACHILLERATO - alumno y docente,EDITORIAL,1500,2775,,1252.72,1172.04,0.1,,,,80.83,,269.4177778,2.912792793
68272,25/03/2025,CTAG,DIDACTICA-EDITORIAL S.A.S.,IMAGINANDO SUEÑOS,EDITORIAL,3000,12792.79,,6580.45,4597.72,0.1,,,372.61,,,1242.018889,
68274,25/03/2025,MC,SANCHEZ CARRASCO PAUL VICENTE,LIBROS ARTÍSTICA 1 Y 2 BACHILLERATO -,EDITORIAL,1500,2625,,1159.43,1108.85,0.1,28.23,,,76.46,,252.0311111,2.912761905
68279,25/03/2025,BV,GRUPO EDITORIAL AMAZONAS,LIBROS TEXTOS ESCOLARES bond 75gr - AREAS BÁSICAS,EDITORIAL,700,3843.14,,1649.67,1947.36,0.05,,,,56.8,,189.3173684,1.477958128
68282,25/03/2025,ASS,SANTILLANA S.A.,BROCHURE RICHMOND,PUBLICOMERCIAL,1500,840,,405.53,355.96,0.03,,39.25,,15.7,,23.55123711,1.869047619
68283,26/03/2025,BV,CORPORACION SUPERIOR CORSUPERIOR S.A.,flyer,PUBLICOMERCIAL,3000,198,23580,84.07,95.39,0.08,,,,2.93,,15.60521739,1.47979798
68286,26/03/2025,CTAG,SALAZAR-EDITORES S.A.S.,REIMPRESIÓN Mágicas Travesuras 3-4 años,EDITORIAL,2000,17440.59,23581,6022.66,7621.45,0.131,314.02,785.05,,640.6,,2056.822106,3.673040878
68288,26/03/2025,CTAG,CHAIDE Y CHAIDE S.A,REIMPRESION COD.1148 ETIQUETA ALMOHADA ANTIREFLUJO B,PUBLICOMERCIAL,500,600,23582,278.04,64.82,0.4,28.57,,,,,228.5733333,
68289,26/03/2025,CTAG,SALAZAR-EDITORES S.A.S.,EXPRESIÓN ARTÍSTICA Y CREATIVA 2 BGU,PUBLICOMERCIAL,3000,5700,23583,2524.07,2123.83,0.1275,106.54,266.36,,,,679.2060172,
68290,26/03/2025,CTAG,SALAZAR-EDITORES S.A.S.,EXPRESIÓN ARTÍSTICA Y CREATIVA 1 BGU,PUBLICOMERCIAL,3000,5700,23584,2524.07,2123.83,0.1275,106.54,266.36,,,,679.2060172,
68284,26/03/2025,CTAG,DIDACTICA-EDITORIAL S.A.S.,IMAGINA Y APRENDE 1 EGB PREPARATORIA,EDITORIAL,3000,17850,23585,8688.98,7031.15,0.0929,,,519.9,,,1609.96591,
68285,26/03/2025,CTAG,COMUNIKGRAF S.A.,TRAJETAS DE PRESENTACIÓN,PUBLICOMERCIAL,24,21,,14.55,4.36,0.1,,,,,,2.101111111,
68301,27/03/2025,BV,REDACOPIO S.A.,INDIVIDUALES 1 MOTIVO,PUBLICOMERCIAL,50000,737,23587,358.31,312.22,0.072,,,,14.45,,52.02387931,1.960651289
68291,27/03/2025,CTAG,BOMBEROS QUITO,LIBRO FOLLETO,EDITORIAL,455,5909.77,,2656.4,1351.97,0.22,,,770.84,,,1130.565897,
68292,27/03/2025,BV,CORPORACION SUPERIOR CORSUPERIOR S.A.,CATÁLOGO 2025 A5,PUBLICOMERCIAL,5000,1450,,672.87,580.04,0.11,,,,42.23,,154.8540449,2.912413793
68293,27/03/2025,BV,CORPORACION SUPERIOR CORSUPERIOR S.A.,CATÁLOGO 2025 A4,PUBLICOMERCIAL,1000,1050,,456.69,450.59,0.11,,,,30.58,,112.1357303,2.912380952
68294,27/03/2025,MC,TIPAN UMATAMBO SEGUNDO MARCO,REIMPRESION LIBRO INICAL 2 aprendiendo con andresito,PUBLICOMERCIAL,1500,12616.45,,4540.83,4578.66,0.2406,240.18,,,367.47,,2889.319587,2.912625976
68295,27/03/2025,MC,FUNDACIÓN CORAZONES VALIENTES,TARJETAS ,PUBLICOMERCIAL,2004,464.21,,213.47,204.32,0.1,,,,,,46.42111111,
68296,27/03/2025,BV,HH GLOBAL,DÍPTICOS,PUBLICOMERCIAL,24300,1180.01,,597.69,255.09,0.14,,,158.66,29.75,,138.8246512,2.521165075
68297,27/03/2025,MC,TIPAN UMATAMBO SEGUNDO MARCO,DIARIOS ECOLARES,EDITORIAL,1400,1385.99,,556.74,604.2,0.12,26.38,,,40.37,,158.31,2.912719428
68298,27/03/2025,CTAG,GAD RIOBAMBA,CARPETAS - 2 MODELOS,PUBLICOMERCIAL,20000,5934.46,,3280.61,1305.11,0.15,,,539.5,,,809.2447059,
68299,27/03/2025,MC,TIPAN UMATAMBO SEGUNDO MARCO,DIARIOS ECOLARES,EDITORIAL,1400,1750,,767.05,732.1,0.1,33.31,,,50.97,,166.5722222,2.912571429
68300,27/03/2025,CTAG,MEGABOOKS,libros,EDITORIAL,1000,2583.47,,1215.3,1239,0.05,,,,,,129.1736842,
68302,27/03/2025,ASS,ORGANIZACION PANAMERICANA DE LA SALUD - ORGANIZACION MUNDIAL DE LA SALUD,CARTILLAS TIPO DIPTCO 30 motivos,PUBLICOMERCIAL,100000,11895,,4861.01,3599.48,0.26,228.66,,,233.24,,2972.604595,1.960823876
68281,28/03/2025,BV,CORPORACION SUPERIOR CORSUPERIOR S.A.,FUNDAS SUPERIOR MEDIANAS,EMPAQUE,1000,1195,,463.92,502.91,0.15,22.75,,,34.81,,170.6170588,2.912970711
68287,28/03/2025,CTAG,SALAZAR-EDITORES S.A.S.,REIMPRESIÓN Mágicas Travesuras 3-4 años,EDITORIAL,2000,18106.08,,6640.26,7857.29,0.131,333.66,834.15,,255.25,,2185.476467,1.409747444
68303,28/03/2025,MC,YUNNY RIVERA CUSME,LIBROS CÍVICA 7,EDITORIAL,1000,2550,,1044.91,1124.28,0.1,,67.49,,72.31,,241.0211111,2.835686275
68304,28/03/2025,MC,TIPAN UMATAMBO SEGUNDO MARCO,DIARIOS ECOLARES - 2 PORTADAS,EDITORIAL,2500,2875,,1322.02,1140.86,0.1,54.73,,,83.74,,273.6533333,2.912695652
68309,31/03/2025,CTAG,SALAZAR-EDITORES S.A.S.,magica travesuras 4-5 años,PUBLICOMERCIAL,2000,18000,23588,7689.65,7096.06,0.1375,,857.14,,,,2357.142174,
68314,31/03/2025,ASS,INTRIAGO FRAY OSCAR PASTOR,FLYER A4 - DANIEL NOBOA,PUBLICOMERCIAL,20000,500,23592,125.86,334.14,0.08,,,,,,40,
68305,31/03/2025,BV,GRUPO EDITORIAL AMAZONAS,LIBROS TEXTOS ESCOLARES bond 75gr - AREAS BÁSICAS,EDITORIAL,700,3651.49,,1559.21,1858.44,0.05,,,,53.96,,179.8763158,1.477752917
68306,31/03/2025,CTAG,WE ARE,libro INICIAL,EDITORIAL,1000,10405.03,,4532.25,4559.53,0.1,303.06,,,,,1010.197778,
68307,31/03/2025,BV,HH GLOBAL,REVISTA 16 PG,PUBLICOMERCIAL,100,861,,227.9,379.87,0.16,,,115.76,21.71,,115.7657143,2.521486643
68308,31/03/2025,BV,HH GLOBAL,REVISTA 24 PG,PUBLICOMERCIAL,100,907,,257.62,382.61,0.16,,,121.95,22.87,,121.9485714,2.521499449
68311,31/03/2025,CTAG,DIDACTICA-EDITORIAL S.A.S.,DIARIO ESCOALR PASTA DURA,EDITORIAL,1400,3570,,1538.67,1475.68,0.1,66.99,,102.49,51.24,,334.9277778,1.435294118
68312,31/03/2025,BV,MODERNA ALIMENTOS S.A.,sticker ciruclar,PUBLICOMERCIAL,30000,530,,310.73,152.38,0.1,,,,15.44,,51.45666667,2.913207547
68313,31/03/2025,BV,MODERNA ALIMENTOS S.A.,sticker rectangular,PUBLICOMERCIAL,30000,680,,416.97,177.2,0.1,,,,19.81,,66.01888889,2.913235294
68315,31/03/2025,BV,GRUPO EDITORIAL AMAZONAS,CREA Y APRENDE CON GUCHITO PRIMERO DE BÁSICA,EDITORIAL,700,17017.76,,6349.09,8301.05,0.1,488.34,,,251.49,,1627.793333,1.477809065
68318,31/03/2025,ASS,GRUPO TRANSBEL,Guía Frangancias APF Engrapado,PUBLICOMERCIAL,125,334.93,,95.93,193.8,0.1,6.44,,,6.57,,32.19222222,1.961603917
68319,31/03/2025,ASS,GRUPO TRANSBEL,KIT POSITIONING MAGNAT,PUBLICOMERCIAL,125,221.76,,72.76,122.92,0.1,,,,4.35,,21.74222222,1.961580087
68320,31/03/2025,ASS,GRUPO TRANSBEL,KIT POSITIONING MAGNAT - 300gr,PUBLICOMERCIAL,50000,2700,,1550.91,396.21,0.25,,51.92,,51.92,,649.04,1.922962963
68321,31/03/2025,ASS,GRUPO TRANSBEL,KIT POSITIONING MAGNAT - 250gr,PUBLICOMERCIAL,50000,2350.32,,1310.2,384.75,0.25,,45.2,,45.2,,564.9833333,1.923142381
68322,31/03/2025,ASS,GRUPO TRANSBEL,KIT POSITIONING MAGNAT - 250gr,PUBLICOMERCIAL,50000,2050.59,,1103.87,374.92,0.25,,39.43,,39.43,,492.93,1.922861225
68324,01/04/2025,CTAG,SILVA VILEMA WILSON RODRIGO,PERIÓDICO EL MISIONERO edi. 1050,PUBLICOMERCIAL,1000,650,23591,238,292.09,0.16,18.93,,,,,100.9695238,
68326,01/04/2025,ASS,BOOKS & BITS ECUADOR S.A.,PLANIFICADOR REGION COSTA 2025 - 2026,PUBLICOMERCIAL,1000,1100,23593,413.82,537.73,0.1,21.15,,,21.57,,105.7277778,1.960909091
68323,01/04/2025,BV,BMP,SUPLEMENTOS,PUBLICOMERCIAL,5000,1411.68,,621.39,520.74,0.15,26.87,,,41.12,,201.5523529,2.912841437
68325,01/04/2025,MC,EDICIONES COQUITO,LIBRO INICIAL encolado,EDITORIAL,2000,25943.23,,13432.65,10849.19,0.05,,,,383.4,,1277.991579,1.477842196
68328,01/04/2025,BV,NATURES SUNSHINE PRODUCTS DEL ECUADOR S.A.,cATÁLOGO TIENDA CUMPLIMIENTO,PUBLICOMERCIAL,100,1032.3,,334.79,500.41,0.15,19.65,,,30.07,,147.3882353,2.912912913
68331,01/04/2025,MC,EDICIONES COQUITO,LIBRO INICIAL taco hojas sueltas,EDITORIAL,1000,11901.77,,5565.77,5746.8,0.04,,,,117.84,,471.3570833,0.990104833
68333,02/04/2025,BV,JABONERIA WILSON S.A.,paletas y roll ups,PUBLICOMERCIAL,42,378,23594,312.36,0.66,0.13,7.2,,,11.01,,46.77310345,2.912698413
68334,02/04/2025,BV,JABONERIA WILSON S.A.,"DUMMIE, ARAÑAS Y EXTRAVISIBILIDAD VENTANAL",PUBLICOMERCIAL,17,1089,23595,704.14,0.72,0.32,20.73,,,31.72,,331.6988235,2.912764004
68339,02/04/2025,BV,CABASCANGO PROAÑO SONIA GERMANIA,INFORMATIVO CON MEDIDAS,PUBLICOMERCIAL,5000,236.25,23596,109.22,88.67,0.12,4.5,,,6.88,,26.985,2.912169312
68336,02/04/2025,MC,YUNNY RIVERA CUSME,REIMPRESIÓN LIBRO I KNOW KIDS 4 - ANILLADO,PUBLICOMERCIAL,1500,3399,23597,1329.96,1282.76,0.154,61.77,154.42,,94.5,,475.601513,2.780229479
68340,02/04/2025,BV,CABASCANGO PROAÑO SONIA GERMANIA,INFORMATIVO,PUBLICOMERCIAL,5000,186.28,23598,80.66,71.83,0.14,3.55,,,5.43,,24.82395349,2.914966717
68335,02/04/2025,BV,SEDEMI SERVICIOS DE MECANICA,Díptico páginas interiores BROCHURE PMC CONTORNOS,PUBLICOMERCIAL,300,250,,84.1,134.35,0.1,,,,7.28,,24.27222222,2.912
68338,02/04/2025,BV,OMNILIFE DEL ECUADOR S.A.,Catálogos de Productos,PUBLICOMERCIAL,10000,7325,,4210.23,2501.35,0.07,,,,108.25,,505.1726882,1.4778157
68341,02/04/2025,BV,LIBCO,Libro,EDITORIAL,1000,16975.88,,8015.48,8040.53,0.04,,,,250.88,,669.0004167,1.477861531
68342,02/04/2025,ASS,OTECEL S.A.,reimpresion libreta tuenti - CARPLE286,PUBLICOMERCIAL,500,768.17,,324.19,303.4,0.15,14.77,,,15.06,,110.7511765,1.960503534
68343,02/04/2025,BV,SEDEMI SERVICIOS DE MECANICA,STICKER,PUBLICOMERCIAL,300,130,,53.04,60.55,0.1,,,,3.79,,12.62111111,2.915384615
68345,02/04/2025,MC,EDICIONES COQUITO,LIBRO INICIAL taco hojas sueltas,EDITORIAL,1000,12635.12,,6231.13,5778.49,0.04,,,,125.1,,500.4008333,0.990097443
68350,03/04/2025,CTAG,SALAZAR-EDITORES S.A.S.,Magicas Travesuras - CUADERNO de fortalecimiento del nivel PREPARATORIA,PUBLICOMERCIAL,3000,11700,23600,5196.56,4163.44,0.16,,557.14,,,,1782.857143,
68349,03/04/2025,MC,TIPAN UMATAMBO SEGUNDO MARCO,DIARIOS ECOLARES - 2 PORTADAS,EDITORIAL,2500,2875,23601,1322.02,1140.86,0.1,54.73,,,83.74,,273.6533333,2.912695652
68337,03/04/2025,MC,INSTITUTO NACIONAL DE BIODIVERSIDAD,LIBRO FLORA Y FAUNA,EDITORIAL,1000,3400,,1520.83,1229.98,0.15,64.73,,,99.03,,485.4370588,2.912647059
68344,03/04/2025,BV,CORPORACION SUPERIOR CORSUPERIOR S.A.,INDIVIDUALES,PUBLICOMERCIAL,1200,186,,56.25,105.44,0.1,3.59,,,2.75,,17.96555556,1.478494624
68347,03/04/2025,CTAG,F.V. - AREA ANDINA S.A.,BANDERINES - 1.600 juegos,PUBLICOMERCIAL,8000,2880,,1841.8,322.44,0.2335,56.47,,,,,659.2955512,
68348,03/04/2025,ASS,WORKFORCE,CARPETA A4,PUBLICOMERCIAL,500,525,,244.44,184.48,0.15,10.09,,,10.29,,75.69176471,1.96
68351,03/04/2025,CTAG,MINISTERIO DE LA MUJER,TRITICO,PUBLICOMERCIAL,5000,422.2,,137.25,157.65,0.17,7.11,,54.36,5.44,,60.40120482,1.288488868
68352,03/04/2025,CTAG,MINISTERIO DE LA MUJER,FLYER,PUBLICOMERCIAL,5000,442.52,,159.02,157.51,0.15,7.45,,56.98,5.7,,55.85823529,1.288077375
68353,03/04/2025,CTAG,MINISTERIO DE LA MUJER,FOLLETOS,PUBLICOMERCIAL,5000,1255.14,,407.69,490.13,0.15,21.12,,161.61,16.16,,158.4388235,1.287505776
68355,03/04/2025,MC,BIENES Y SERVICIOS BSOAS S.A.S.,LIBROS DE QUÍMICA,EDITORIAL,1000,2950,,1378.42,1483.96,0.02,,,,29.21,,58.41591837,0.990169492
68356,03/04/2025,ASS,EMPRESA OPERADORA METRO DE MEDELLIN TRANSDEV EOMMT S.A.S.,COLGANTES,PUBLICOMERCIAL,4400,462,,227.39,145.63,0.16,8.88,,,9.06,,71.05142857,1.961038961
68357,03/04/2025,ASS,SANTILLANA S.A.,# SOY ECUADOR 1 al 10,EDITORIAL,2050,2641.84,,1334.41,1106.15,0.03,,75.48,,50.32,,75.48123711,1.904733065
68362,04/04/2025,CTAG,COMERCIAL EL ARBOLITO CIA. LTDA,REIMPRESIÓN INDIVIDUALES 2 MOTIVOS,PUBLICOMERCIAL,20000,625,23602,234.84,255.38,0.18,17.93,,,9.24,,107.6092683,1.4784
68363,04/04/2025,BV,JABONERIA WILSON S.A.,dummie y araña,PUBLICOMERCIAL,2,115,23603,99.04,-13.41,0.21,3.25,,,3.35,,22.76240506,2.913043478
68366,04/04/2025,ASS,WORKFORCE S.A,CARPETA A4,PUBLICOMERCIAL,1000,800,23606,418.16,235.43,0.15,15.38,,,15.69,,115.3394118,1.96125
68358,04/04/2025,ASS,SANTILLANA S.A.,libros con data variable,EDITORIAL,800,2546.69,,1093.27,1259.39,0.03,,72.76,,48.51,,72.76268041,1.904825479
68359,04/04/2025,ASS,SANTILLANA S.A.,SOBRE MANILA F5,PUBLICOMERCIAL,150,297,,138.7,121.53,0.08,,8.49,,5.66,,22.62869565,1.905723906
68360,04/04/2025,ASS,SANTILLANA S.A.,libros,EDITORIAL,3500,9121.98,,4637.13,3789.84,0.03,,260.63,,173.75,,260.6279381,1.90473998
68364,04/04/2025,ASS,EMPRESA OPERADORA METRO DE MEDELLIN TRANSDEV EOMMT S.A.S.,COLGANTES - couche 350gr - 44 DISEÑOS,PUBLICOMERCIAL,4400,2420.44,,1102.72,572.33,0.28,46.53,,,47.46,,651.4083333,1.960800516
68365,04/04/2025,ASS,AGLOMERADOS COTOPAXI S.A,BOCETEROS,PUBLICOMERCIAL,1000,880,,455.92,246.12,0.17,16.92,,,17.25,,143.7913253,1.960227273
68368,07/04/2025,CTAG,CHAIDE Y CHAIDE S.A,Catálogo Técnico Chaide 2025 - PASTA DURA,PUBLICOMERCIAL,4000,18600,23604,10724.43,3980.62,0.2015,184.16,,,,,3710.792204,
68375,07/04/2025,ASS,WORKFORCE S.A,CUADERNO PASTA DURA,PUBLICOMERCIAL,500,1934,23605,742.5,760.43,0.1915,37.18,,,37.92,,355.9815646,1.960703206
68332,07/04/2025,CTAG,CARLOS MEJIA AGUIRRE,LIBRO PASTA DURA,PUBLICOMERCIAL,150,5650.36,,2943.42,2141.91,0.1,,,,,,565.0366667,
68354,07/04/2025,CTAG,MINISTERIO DE LA MUJER,MANUAL,PUBLICOMERCIAL,5000,1934.05,,745.12,638.32,0.15,32.55,,249.02,24.9,,244.1364706,1.287453789
68361,07/04/2025,ASS,SANTILLANA S.A.,libros grapados,EDITORIAL,250,956.58,,401.5,482.19,0.03,,27.33,,18.22,,27.33061856,1.904702168
68367,07/04/2025,CTAG,MAGAP,LIBRETINES,PUBLICOMERCIAL,2400,3962.14,,1472.51,1228.27,0.19,66.69,,510.15,51.01,,633.5162963,1.287435578
68377,08/04/2025,CTAG,COMUNIKGRAF S.A.,REIMPRESIÓN OP 21882 - PORTADA BLOCK DE NOTAS LM,PUBLICOMERCIAL,1000,110.38,23607,55.21,53.54,0,,,,1.63,,0,1.476716797
68378,08/04/2025,ASS,OTECEL S.A.,SLEEVES para caja LISTO PACK - CAYFO335,PUBLICOMERCIAL,600,594,23610,214.72,193.16,0.265,11.1,16.65,,11.32,,147.0587755,1.905723906
68369,08/04/2025,BV,JABONERIA WILSON S.A.,CUPONES,PUBLICOMERCIAL,20000,450,,175.16,201.77,0.12,8.57,,,13.11,,51.39954545,2.913333333
68376,08/04/2025,CTAG,F.V. - AREA ANDINA S.A.,BANDERINES,PUBLICOMERCIAL,10000,1880,,1064.91,342.77,0.24,,,,27.78,,444.5305263,1.477659574
68379,08/04/2025,ASS,SANTILLANA S.A.,LET'S SCIENCE,EDITORIAL,100,731.06,,115.18,533.89,0.05,,34.16,,13.66,,34.16157895,1.868519684
68380,08/04/2025,ASS,SANTILLANA S.A.,SISTEMAS KIDS 5 AÑOS_Actividades,EDITORIAL,300,3178.61,,1428.26,1508.16,0.03,,90.82,,60.54,,90.8171134,1.904606101
68381,08/04/2025,ASS,SANTILLANA S.A.,HISTORIA DE EXPERIENCIA _Cuento,EDITORIAL,300,777.55,,440.05,278.26,0.03,,22.22,,14.81,,22.2157732,1.904700662
68382,08/04/2025,BV,FIBRAN,ETIQUETAS,PUBLICOMERCIAL,10000,360,,172.87,135.52,0.1,6.85,,,10.49,,34.26555556,2.913888889
68383,08/04/2025,BV,JABONERIA WILSON S.A.,EXHIBIDORES MODELO BASE - AGUA DE LINOS,EMPAQUE,250,890,,426.26,336.17,0.1,16.94,,,25.92,,84.71444444,2.912359551
68384,09/04/2025,BV,BUSSINES MARKETING PUBLICIDAD CIA LTDA,SUPLEMENTOS AEBE,PUBLICOMERCIAL,10500,2570.68,23608,1158.66,862.46,0.174,48.94,,,74.87,,425.7565133,2.91245896
68390,09/04/2025,CTAG,F.V. - AREA ANDINA S.A.,REIMPRESIÍON BANDERINES,PUBLICOMERCIAL,8000,1504,23609,928.19,320.13,0.17,,,,,,255.68,
68370,09/04/2025,BV,OMNILIFE DEL ECUADOR S.A.,hoja aviso privacidad,PUBLICOMERCIAL,12400,535,,207.58,259.89,0.1,,,,15.58,,51.94111111,2.912149533
68371,09/04/2025,BV,OMNILIFE DEL ECUADOR S.A.,HOJAS CONSTANCIA,PUBLICOMERCIAL,12400,430,,199.02,176.7,0.1,,,,12.52,,41.74666667,2.911627907
68372,09/04/2025,BV,OMNILIFE DEL ECUADOR S.A.,CONTRATOS 4 HOJAS,PUBLICOMERCIAL,49600,4395,,643.64,3196.64,0.1,,,,128.01,,426.6977778,2.912627986
68373,09/04/2025,BV,OMNILIFE DEL ECUADOR S.A.,CARPETAS,PUBLICOMERCIAL,12000,4355,,2494.08,1057.57,0.16,,,,126.84,,676.5047619,2.912514351
68374,09/04/2025,BV,OMNILIFE DEL ECUADOR S.A.,trípticos,PUBLICOMERCIAL,12400,850,,440.35,294.11,0.11,,,,24.76,,90.77595506,2.912941176
68385,09/04/2025,CTAG,F.V. - AREA ANDINA S.A.,BANDERINES,PUBLICOMERCIAL,2000,376,,307.64,68.36,0,,,,,,0,
68386,09/04/2025,BV,OMNILIFE DEL ECUADOR S.A.,FUNDAS SHOPPING DÍA DE LA MADRE 2 modelos 1.000 y 500 de cada uno,EMPAQUE,2000,1550,,640.09,687.72,0.1,29.51,,,45.15,,147.5344444,2.912903226
68387,09/04/2025,BV,MODERNA ALIMENTOS S.A.,CUPONES,PUBLICOMERCIAL,30200,480,,150.51,260.69,0.1,9.14,,,13.98,,45.68888889,2.9125
68388,09/04/2025,BV,MODERNA ALIMENTOS S.A.,AFICHES,PUBLICOMERCIAL,160,320,,160.32,113.81,0.1,6.09,,,9.32,,30.45888889,2.9125
68389,09/04/2025,BV,MODERNA ALIMENTOS S.A.,ANFORA,PUBLICOMERCIAL,160,4000.02,,1527.03,1518.86,0.2,76.15,,,116.51,,761.4725,2.912735436
68399,10/04/2025,MC,TIPAN UMATAMBO SEGUNDO MARCO,REIMPRESIÓN LIBRO AVENTURAS DE ESCRIBIR PLUS 4,EDITORIAL,2000,3200,23612,1088.99,1537.42,0.13,,90.57,,90.57,,392.452069,2.8303125
68400,10/04/2025,MC,TIPAN UMATAMBO SEGUNDO MARCO,REIMPRESIÓN LIBRO AVENTURAS DE ESCRIBIR PLUS 5,EDITORIAL,2000,4093.76,23613,1530.89,1829.08,0.13,,115.86,,115.86,,502.0644828,2.830161026
68401,10/04/2025,MC,TIPAN UMATAMBO SEGUNDO MARCO,REIMPRESIÓN LIBRO AVENTURAS DE ESCRIBIR PLUS 6,EDITORIAL,2000,3200,23614,1088.99,1537.42,0.13,,90.57,,90.57,,392.452069,2.8303125
68402,10/04/2025,MC,TIPAN UMATAMBO SEGUNDO MARCO,REIMPRESION LIBRO INICAL 2 aprendiendo con andresito,PUBLICOMERCIAL,2000,15300,23615,5201.88,5720.45,0.25,291.26,,,445.63,,3640.776667,2.912614379
68394,10/04/2025,ASS,EMPRESA OPERADORA METRO DE MEDELLIN TRANSDEV EOMMT S.A.S.,TRIPTICO SAFETY FIRST,PUBLICOMERCIAL,1000,444.44,23621,148.92,188.55,0.21,8.54,,,8.71,,89.70721519,1.959769598
68391,10/04/2025,MC,TRAMA DISENO,Libro Futuro arquitectura,EDITORIAL,250,2995,,1586.12,1046.4,0.09,43.39,,,58.73,,260.3591209,1.960934891
68392,10/04/2025,MC,TRAMA DISENO,"Revista Trama
",PUBLICOMERCIAL,250,1740,,660.75,763.58,0.14,33.12,,,50.68,,231.8676744,2.912643678
68393,10/04/2025,MC,TRAMA DISENO,"Cuaderno de Arquitectos del Ecuador Moscoso
",PUBLICOMERCIAL,250,2080,,953.45,768.99,0.13,39.6,,,60.58,,257.376092,2.9125
68397,10/04/2025,CTAG,FEDERACION DE CHOFERES,reimpresión libro conductor modulo 2,PUBLICOMERCIAL,1000,3472.89,,1846.76,1047.31,0.15,68.1,,,,,510.7182353,
68398,10/04/2025,BV,TOYOTA DEL ECUADOR S.A.,MANUAL DE SEGURIDAD,PUBLICOMERCIAL,5000,1395,,582.85,585.62,0.12,26.56,,,40.63,,159.3368182,2.912544803
68403,10/04/2025,MC,TIPAN UMATAMBO SEGUNDO MARCO,libros inicial INGLES 1 Y 2,PUBLICOMERCIAL,2000,4752.36,,2033.05,1947.61,0.12,90.47,,,138.42,,542.8172727,2.912658132
68404,10/04/2025,MC,TIPAN UMATAMBO SEGUNDO MARCO,libros inicial primaria,PUBLICOMERCIAL,2000,14546.59,,6161.61,6022.85,0.12,276.92,,,423.69,,1661.517273,2.912641382
68408,11/04/2025,MC,YUNNY RIVERA CUSME,LIBROS ROBOTICA 1 INTERMEDIO,EDITORIAL,1000,2490,23616,1092.13,1226.98,0.05,,,,48.82,,122.0584211,1.96064257
68410,11/04/2025,MC,BIENES Y SERVICIOS BSOAS S.A.S.,LIBROS DE QUÍMICA 2 bgu,EDITORIAL,1000,2950,23617,1349.77,1454.19,0.04,,,,29.21,,116.8316667,0.990169492
68405,11/04/2025,ASS,SANTILLANA S.A.,LIBROS INGLES,EDITORIAL,1000,1334.3,,1275.11,59.2,0,,,,,,0,
68406,11/04/2025,CTAG,EMAPS,FALLETO,PUBLICOMERCIAL,2400,3469.47,,1762.11,719.63,0.15,58.39,,446.71,44.67,,437.9541176,1.287516537
68407,11/04/2025,MC,TIPAN UMATAMBO SEGUNDO MARCO,CUADERNO A5 PASTA DURA,PUBLICOMERCIAL,1000,1990,,927.57,777.17,0.1,37.88,,,57.96,,189.4155556,2.912562814
68417,14/04/2025,BV,ANDRANGO PINEIDA JOFFRE EFRAIN,LIBROS ROBOSTEAM B1,EDITORIAL,2000,3380,23618,1411.93,1412.08,0.135,65.3,,,49.95,,440.7414451,1.477810651
68419,14/04/2025,BV,ANDRANGO PINEIDA JOFFRE EFRAIN,LIBROS ROBOSTEAM B2,EDITORIAL,1800,3348,23619,1405.92,1456.03,0.115,64.68,,,49.48,,371.8918079,1.477897252
68420,14/04/2025,BV,ANDRANGO PINEIDA JOFFRE EFRAIN,LIBROS ROBOSTEAM B3,EDITORIAL,1700,3077,23620,1277.6,1315.55,0.1275,59.44,,,45.47,,378.9416905,1.477738057
68415,14/04/2025,BV,OMNILIFE DEL ECUADOR S.A.,Catálogos de Productos,PUBLICOMERCIAL,10000,7520,23627,4524.74,2513.68,0.05,,,,111.13,,370.4431579,1.477792553
68418,14/04/2025,BV,ANDRANGO PINEIDA JOFFRE EFRAIN,CUPONES LIBROS ROBOSTEAM 3 modelos,PUBLICOMERCIAL,5500,875,23634,138.14,495.74,0.25,16.9,,,12.93,,211.2933333,1.477714286
68396,14/04/2025,BV,TOYOTA DEL ECUADOR S.A.,DIPLOMAS,PUBLICOMERCIAL,13,55,,21.99,25.12,0.1,1.05,,,1.6,,5.234444444,2.909090909
68409,14/04/2025,MC,BIENES Y SERVICIOS BSOAS S.A.S.,LIBROS DE QUÍMICA,EDITORIAL,1000,2950,,1378.42,1483.96,0.02,,,,29.21,,58.41591837,0.990169492
68414,14/04/2025,CTAG,SALAZAR-EDITORES S.A.S.,agenda 2025,PUBLICOMERCIAL,500,1697.91,,658.46,742.73,0.15,,49.45,,,,247.2688235,
68422,15/04/2025,MC,YUNNY RIVERA CUSME,REIMPRESIÓN LIBRO CALIGRAFITO 1 ANTIGUO,PUBLICOMERCIAL,1500,3000,23622,1201.77,1474.7,0.09,,,,58.82,,264.7058242,1.960666667
68423,15/04/2025,MC,YUNNY RIVERA CUSME,LIBRO ECA 1 - crearte,EDITORIAL,1500,3225,23623,1558.79,1400.5,0.05,62.3,,,47.66,,155.7521053,1.477829457
68424,15/04/2025,MC,YUNNY RIVERA CUSME,REIMPRESIÓN LIBRO ECA 2 - crearte,EDITORIAL,1500,3000,23624,1189.75,1351.66,0.11,57.11,,,87.38,,314.1068539,2.912666667
68432,15/04/2025,MC,BIENES Y SERVICIOS BSOAS S.A.S.,LIBROS DE QUÍMICA 3 bgu,EDITORIAL,1000,2950,23625,1349.77,1454.19,0.04,,,,29.21,,116.8316667,0.990169492
68433,15/04/2025,MC,BIENES Y SERVICIOS BSOAS S.A.S.,LIBROS DE QUÍMICA 1 bgu,EDITORIAL,1000,2950,23626,1319.77,1412.25,0.06,,,,43.6,,174.3842553,1.477966102
68439,15/04/2025,MC,YUNNY RIVERA CUSME,REIMPRESIÓN LIBRO ECA 5 - crearte,EDITORIAL,1500,3000,23628,1173.92,1421.49,0.1,28.84,,,87.38,,288.3788889,2.912666667
68434,15/04/2025,ASS,OTECEL S.A.,COLGANTES MOVISTAR - CAYFO161 ,PUBLICOMERCIAL,1169,1830.65,23629,850.29,282.97,0.35,,52.3,,34.87,,610.2169231,1.904787917
68438,15/04/2025,ASS,OTECEL S.A.,VOLANTES MOVISTAR - VOL151.1,PUBLICOMERCIAL,109000,1962,23630,1049.42,398.72,0.225,,56.06,,37.37,,420.4277419,1.904689093
68421,15/04/2025,BV,CORPORACION SUPERIOR CORSUPERIOR S.A.,AGENDAS PASTA DURA,PUBLICOMERCIAL,40,426.01,,193.87,130.52,0.2,8.11,,,12.41,,81.0975,2.913077158
68429,15/04/2025,MC,SANCHEZ CARRASCO PAUL VICENTE,LIBROS ARTÍSTICA 1 Y 2 BACHILLERATO - alumno y docente,EDITORIAL,2000,3200,,1463.94,1310.43,0.107,,,,93.2,,332.4273124,2.9125
68430,15/04/2025,MC,LOPEZ ROBLERO VIVIANA DEL CARMEN,LIBROS CORAZON LITERARIO,EDITORIAL,1500,5742.64,,2266.55,2379.6,0.15,109.32,,,167.26,,819.9088235,2.91259769
68431,15/04/2025,BV,JABONERIA WILSON S.A.,COLGANTES,PUBLICOMERCIAL,3000,935.03,,459.58,323.61,0.12,17.8,,,27.23,,106.7986364,2.912206025
68442,16/04/2025,MC,YUNNY RIVERA CUSME,LIBRO ECA 4 - crearte,EDITORIAL,1500,3225,23631,1569.98,1448.5,0.05,,,,47.66,,158.8673684,1.477829457
68443,16/04/2025,BV,ANDRANGO PINEIDA JOFFRE EFRAIN,LIBROS TRAVESIA CULTURAL 1 BGU,EDITORIAL,1000,3850,23632,1512.02,1704.68,0.135,74.37,,,56.9,,502.0283237,1.477922078
68444,16/04/2025,BV,ANDRANGO PINEIDA JOFFRE EFRAIN,LIBROS TRAVESIA CULTURAL 2 BGU,EDITORIAL,1000,3600,23633,1402.98,1587.45,0.14,69.54,,,53.2,,486.814186,1.477777778
68416,16/04/2025,MC,TRAMA DISENO,REVISTA TRAMA - DIGITAL,PUBLICOMERCIAL,50,1255,,990.09,61.12,0.12,23.89,,,36.55,,143.3468182,2.912350598
68435,16/04/2025,MC,CHRISTIAN MOGROBEJO,LIBRO INFANTIL,EDITORIAL,500,1450,,597.43,617.11,0.12,27.6,,,42.23,,165.6190909,2.912413793
68436,16/04/2025,MC,CHRISTIAN MOGROBJO,LIBTO INFANTIL PORTADA SANDUCHADA,EDITORIAL,500,1550,,659.4,627.1,0.128,29.51,,,45.15,,188.8440367,2.912903226
68437,16/04/2025,MC,CRISTIAN MOGROBEJO,LIBRO INFANTIL PASTA DURA,EDITORIAL,500,2200,,1329.71,513.05,0.12,41.88,,,64.08,,251.2854545,2.912727273
68440,16/04/2025,MC,YUNNY RIVERA CUSME,reimpresión LIBRO cALIGRAFITOs plus eGB,EDITORIAL,2000,3480,,1351.85,1579.62,0.115,66.25,,,101.36,,380.9254802,2.912643678
68441,16/04/2025,BV,Luis Pineda,DÍPTICOS NATURE´S SUNSHINE,PUBLICOMERCIAL,1000,220,,84.2,104.26,0.1,4.19,,,6.41,,20.94,2.913636364
68445,16/04/2025,BV,HH GLOBAL,BLOCK DE NOTAS 10X7,PUBLICOMERCIAL,4000,2200,,581.03,971.91,0.16,,,295.8,55.46,,295.7980952,2.520909091
68447,16/04/2025,BV,HH GLOBAL,BLOCK DE NOTAS 10.3X6.5,PUBLICOMERCIAL,5000,2650,,697.16,1173.43,0.16,,,356.3,66.81,,356.3028571,2.521132075
68448,17/04/2025,MC,YUNNY RIVERA CUSME,LIBROS ROBOTIC INTERMEDIO 2,EDITORIAL,1000,2330,23635,1010.02,1045.86,0.1,,,,45.69,,228.4311111,1.960944206
68450,17/04/2025,MC,YUNNY RIVERA CUSME,LIBROS ROBOTIC INTERMEDIO 3,EDITORIAL,1000,2100,23636,901.84,962.42,0.0945,,,,41.18,,194.5583324,1.960952381
68458,17/04/2025,MC,CARRERA MIRIAN SUSANA,tarjetas,PUBLICOMERCIAL,5004,545,23637,243.92,246.58,0.1,,,,,,54.5,
68460,17/04/2025,CTAG,ALISERVIS S.A.,REIMPRESIÓN ETIQUETA MEDIUM - GARDEN SALAD,PUBLICOMERCIAL,10000,850,23638,426.06,307.28,0.12,16.67,,,,,100.0009091,
68446,17/04/2025,BV,HH GLOBAL,BLOCK DE NOTAS 10.8X8,PUBLICOMERCIAL,4000,2480,,664.47,1086.12,0.16,,,333.45,62.52,,333.4457143,2.520967742
68449,17/04/2025,BV,CORPORACION SUPERIOR CORSUPERIOR S.A.,AFICHES 115G,PUBLICOMERCIAL,520,198,,86.86,82.76,0.1,3.77,,,5.77,,18.84666667,2.914141414
68451,17/04/2025,BV,CORPORACION SUPERIOR CORSUPERIOR S.A.,Afiche 115g con UV,PUBLICOMERCIAL,520,250,,110.85,103.32,0.1,4.76,,,7.28,,23.79666667,2.912
68452,17/04/2025,BV,CORPORACION SUPERIOR CORSUPERIOR S.A.,AFICHE 150G,PUBLICOMERCIAL,520,210,,96.98,82.91,0.1,4,,,6.12,,19.98777778,2.914285714
68453,17/04/2025,BV,CORPORACION SUPERIOR CORSUPERIOR S.A.,AFICHE 150G CON UV,PUBLICOMERCIAL,520,262,,120.97,103.48,0.1,4.99,,,7.63,,24.93888889,2.91221374
68454,17/04/2025,BV,HINODE,TRÍPTICO ESPECIAL,PUBLICOMERCIAL,400,260,,86.88,135.85,0.1,4.95,,,7.57,,24.74777778,2.911538462
68455,17/04/2025,BV,HINODE,TRÍPTICO FLIP FAST,PUBLICOMERCIAL,400,286,,118.17,126.83,0.1,5.44,,,8.33,,27.22222222,2.912587413
68456,17/04/2025,BV,HINODE,FOLLETO EBOOK KIT DE NEGOCIO,PUBLICOMERCIAL,400,640,,218.91,323.26,0.11,12.18,,,18.64,,67.00977528,2.9125
68457,17/04/2025,BV,HINODE,CARTA SANDRO ESPAÑOL,PUBLICOMERCIAL,400,160,,60.94,76.12,0.1,3.05,,,4.66,,15.22888889,2.9125
68461,17/04/2025,BV,INDUSTRIAS ALES C.A,VIBRINES 3 MODELOS,PUBLICOMERCIAL,6000,900,,295.29,520.47,0.08,,,,13.3,,70.93565217,1.477777778
68462,21/04/2025,CTAG,CHAIDE Y CHAIDE S.A,reimpresión COD. 694 ETIQUETA CHN BABY CHAIDE ANTIACAROS,PUBLICOMERCIAL,1000,210,23639,101.18,97.28,0.055,,,,,,11.55058201,
68463,21/04/2025,BV,ANDRANGO PINEIDA JOFFRE EFRAIN,LIBROS LENGUA Y LITERATURA 10 EGB,EDITORIAL,700,3640,23641,1566.84,1840.06,0.05,,,,53.79,,179.3105263,1.477747253
68471,21/04/2025,BV,ANDRANGO PINEIDA JOFFRE EFRAIN,LIBROS ESTUDIOS SOCIALES 7 EGB,EDITORIAL,700,3339,23642,1422.21,1630.59,0.072,,,,49.34,,236.8551724,1.477687931
68472,21/04/2025,BV,ANDRANGO PINEIDA JOFFRE EFRAIN,LIBROS LENGUA Y LITERATURA 1 BGU,EDITORIAL,700,3619,23643,1558.05,1829.19,0.05,,,,53.48,,178.2757895,1.477756286
68474,21/04/2025,BV,ANDRANGO PINEIDA JOFFRE EFRAIN,LIBROS LENGUA Y LITERATURA 4 EGB,EDITORIAL,700,3423,23644,1445.16,1758.64,0.05,,,,50.59,,168.6210526,1.477943325
68475,21/04/2025,BV,ANDRANGO PINEIDA JOFFRE EFRAIN,LIBROS LENGUA Y LITERATURA 5 EGB,EDITORIAL,700,3423,23645,1445.16,1758.64,0.05,,,,50.59,,168.6210526,1.477943325
68476,21/04/2025,BV,ANDRANGO PINEIDA JOFFRE EFRAIN,LIBROS ESTUDIOS SOCIALES 9 EGB,EDITORIAL,700,3640,23646,1566.84,1840.06,0.05,,,,53.79,,179.3105263,1.477747253
68468,21/04/2025,MC,YUNNY RIVERA CUSME,REIMPRESION LIBROS I KNOW 8,PUBLICOMERCIAL,1000,2200,23647,708.16,1092.72,0.14,41.88,,,64.08,,293.1665116,2.912727273
68469,21/04/2025,MC,YUNNY RIVERA CUSME,REIMPRESIÓN LIBRO “I KNOW 1 BGU”,PUBLICOMERCIAL,1000,2200,23648,708.16,1092.72,0.14,41.88,,,64.08,,293.1665116,2.912727273
68466,21/04/2025,MC,YUNNY RIVERA CUSME,REIMPRESIÓN - LIBRO CALIGRAFITO 5,PUBLICOMERCIAL,1000,2300,23652,799.82,1155.16,0.107,43.78,,,66.99,,234.2473236,2.912608696
68467,21/04/2025,MC,YUNNY RIVERA CUSME,REIMPRESIÓN LIBRO CALIGRAFITOS 6,PUBLICOMERCIAL,1000,2300,23654,831.03,1139.28,0.1,43.78,,,66.99,,218.9233333,2.912608696
68465,21/04/2025,MC,YUNNY RIVERA CUSME,REIMPRESIÓN LIBRO CALIGRAFITOS 3,PUBLICOMERCIAL,1000,2240.75,,819.47,1100.08,0.1,42.66,,,65.26,,213.2833333,2.912417717
68470,21/04/2025,ASS,BFS ECUADOR,EMPAQUE COUPLE - SANDUCHADO 2 motivos,EMPAQUE,100,415,,195.59,145.14,0.15,8.02,,,6.13,,60.12882353,1.477108434
68473,21/04/2025,BV,SEDEMI SERVICIOS DE MECANICA,CARPETAS CON VINCHA,PUBLICOMERCIAL,1000,660,,332.35,201.64,0.15,12.56,,,19.22,,94.23352941,2.912121212
68477,21/04/2025,BV,SEDEMI SERVICIOS DE MECANICA,cuadernos,PUBLICOMERCIAL,500,1250,,469.63,577.39,0.12,23.8,,,36.41,,142.7754545,2.9128
68478,21/04/2025,CTAG,ROMMEL VERNAZA,AGENDA PASTA DURA,PUBLICOMERCIAL,300,1321.32,,381.43,728.91,0.13,25.53,,,19.53,,165.9128736,1.478067387
68480,22/04/2025,MC,YUNNY RIVERA CUSME,REIMPRESIÓN LIBRO CALIGRAFITOS PLUS 2 EGB,EDITORIAL,2000,3480,23649,1321.68,1583.28,0.123,66.25,,,101.36,,407.4231243,2.912643678
68481,22/04/2025,MC,YUNNY RIVERA CUSME,REIMPRESIÓN LIBRO CALIGRAFITOS PLUS 3 EGB,EDITORIAL,2000,3480,23650,1321.68,1583.28,0.123,66.25,,,101.36,,407.4231243,2.912643678
68482,22/04/2025,MC,YUNNY RIVERA CUSME,REIMPRESIÓN LIBRO CALIGRAFITOS PLUS 4 EGB,EDITORIAL,2000,3480,23651,1321.68,1583.28,0.123,66.25,,,101.36,,407.4231243,2.912643678
68485,22/04/2025,BV,HINODE ECUADOR CIA.LTDA.,CATÁLOGO HINODE - CLICLO 03,PUBLICOMERCIAL,800,1669,23653,658.15,588.91,0.215,31.77,,,48.61,,341.551465,2.912522469
68479,22/04/2025,BV,JORGE VINICIO ALENCASTRO,REVISTA FELIRUM 2025,PUBLICOMERCIAL,3000,2940,,1528.69,894.73,0.134,55.97,,,85.63,,374.9864665,2.912585034
68483,22/04/2025,ASS,AGLOMERADOS COTOPAXI S.A,FLYERS A5,PUBLICOMERCIAL,2500,199,,72.97,93.43,0.13,3.83,,,3.9,,24.86436782,1.959798995
68484,22/04/2025,CTAG,José Salazar,CAJAS 2 motivos,EMPAQUE,220000,6380,,3190.09,2362.87,0.06,,,472.59,,,354.4442553,
68486,22/04/2025,ASS,BFS ECUADOR,EMPAQUE COUPLE - SANDUCHADO 1 motivos,EMPAQUE,300,797.69,,369.77,238.92,0.21,15.41,,,11.79,,161.8036709,1.478017776
68487,22/04/2025,ASS,GRUPO TRANSBEL,Poster Sebastian Ruli,PUBLICOMERCIAL,39742,2107.6,,1291.86,531.32,0.1,40.52,,,41.33,,202.5755556,1.960998292
68489,22/04/2025,MC,TIPAN UMATAMBO SEGUNDO MARCO,LIBRO AVENTURAS DE ESCRIBIR PLUS 5 y 6,PUBLICOMERCIAL,2000,3700,,1494.92,1522.18,0.127,69.12,69.12,,105.75,,438.9137457,2.858108108
68492,22/04/2025,MC,BIENES Y SERVICIOS BSOAS S.A.S.,LIBROS DE QUÍMICA,EDITORIAL,1000,3187.92,,1491.9,1601.33,0.02,,,,31.56,,63.12714286,0.989987202
68493,22/04/2025,BV,SEDEMI SERVICIOS DE MECANICA,CARPETAS sin VINCHA,PUBLICOMERCIAL,1000,610,,292.35,201.19,0.15,11.61,,,17.77,,87.09529412,2.913114754
68494,22/04/2025,BV,SEDEMI SERVICIOS DE MECANICA,CARPETAS sin VINCHA + plastico y selectivo,PUBLICOMERCIAL,1000,800,,413.75,233.51,0.15,15.23,,,23.3,,114.2223529,2.9125
68495,22/04/2025,BV,SEDEMI SERVICIOS DE MECANICA,CARPETAS 4x4 sin VINCHA + plastico y selectivo,PUBLICOMERCIAL,1000,870,,428.23,275.66,0.15,16.56,,,25.34,,124.2158824,2.912643678
68496,22/04/2025,BV,SEDEMI SERVICIOS DE MECANICA,CARPETAS 4x4 sin VINCHA + plastico y selectivo sin bolsillo,PUBLICOMERCIAL,1000,720,,322.11,260.41,0.15,13.71,,,20.97,,102.7976471,2.9125
68497,23/04/2025,MC,YUNNY RIVERA CUSME,LIBRO CALIGRAFITOS 2,PUBLICOMERCIAL,1000,2700,23655,1189,1300.81,0.05,52.42,,,26.73,,131.0426316,0.99
68498,23/04/2025,MC,YUNNY RIVERA CUSME,LIBRO CALIGRAFITOS 3,PUBLICOMERCIAL,1000,2700,23656,1189,1300.81,0.05,52.42,,,26.73,,131.0426316,0.99
68500,23/04/2025,CTAG,ALISERVIS S.A.,VOLANTES NACIONAL MAYO $7.99 inc. IVA,PUBLICOMERCIAL,412750,4333.88,23658,2430.49,1308.54,0.12,84.98,,,,,509.8677273,
68503,23/04/2025,ASS,AGLOMERADOS COTOPAXI S.A,ADHESIVOS para tablilla 18x14,PUBLICOMERCIAL,6200,1178,23666,372.16,511.01,0.22,22.65,,,23.1,,249.0992308,1.960950764
68488,23/04/2025,BV,MODERNA ALIMENTOS S.A.,VIBRINES KV,PUBLICOMERCIAL,500,320,,152.5,121.63,0.1,6.09,,,9.32,,30.45888889,2.9125
68490,23/04/2025,BV,MODERNA ALIMENTOS S.A.,AFICHES KV,PUBLICOMERCIAL,500,260,,137.12,85.61,0.1,4.95,,,7.57,,24.74777778,2.911538462
68491,23/04/2025,BV,MODERNA ALIMENTOS S.A.,CUPONES KV,PUBLICOMERCIAL,31000,430,,173.35,195.01,0.1,8.19,,,12.52,,40.92888889,2.911627907
68501,23/04/2025,MC,TRAMA DISENO,Libro Futuro arquitectura,EDITORIAL,250,2980,,1586.12,1047.6,0.085,43.18,,,58.43,,244.6625137,1.960738255
68502,23/04/2025,BV,BUSSINES MARKETING PUBLICIDAD CIA LTDA,HOJA,PUBLICOMERCIAL,250,150,,49.5,71.86,0.15,2.86,,,4.37,,21.41647059,2.913333333
68504,23/04/2025,ASS,AGLOMERADOS COTOPAXI S.A,ADHESIVOS para tablilla 14x9,PUBLICOMERCIAL,8050,1190,,309.74,616.73,0.19,22.88,,,23.33,,217.3201235,1.960504202
68505,23/04/2025,ASS,OTECEL S.A.,VIBRIN,PUBLICOMERCIAL,16100,1668.43,,671.49,771.79,0.1,32.07,,,32.71,,160.3644444,1.960525764
68508,24/04/2025,MC,YUNNY RIVERA CUSME,REIMPRESIÓN LIBRO ECA 7 - crearte,EDITORIAL,1500,3000,23659,1189.75,1351.66,0.11,57.11,,,87.38,,314.1068539,2.912666667
68506,24/04/2025,CTAG,DIDACTICA-EDITORIAL S.A.S.,REIMPRESIÓN cuaderno pasta dura,PUBLICOMERCIAL,2000,3722,23660,1759.52,1404.18,0.15,,,,,,558.3,
68507,24/04/2025,BV,JABONERIA WILSON S.A.,CUPONES - 2 motivos,PUBLICOMERCIAL,52000,1170,23662,407.79,554.41,0.136,22.27,,,34.08,,151.4574074,2.912820513
68511,25/04/2025,CTAG,CHAIDE Y CHAIDE S.A,REIMPRESIÓN - COD.63 ETIQUETA COLCHON BABY CHAIDE,PUBLICOMERCIAL,5000,750,23661,353.11,139.54,0.33,14.71,,,,,242.6485075,
68513,25/04/2025,BV,JABONERIA WILSON S.A.,AFICHES 2 MOTIVOS,PUBLICOMERCIAL,114,570,23663,226.85,163.78,0.28,10.85,,,16.6,,151.9116667,2.912280702
68509,25/04/2025,BV,REDACOPIO S.A.,INDIVIDUALES 4 MOTIVO,PUBLICOMERCIAL,150000,1690.01,23664,913.31,627.58,0.07,,,,33.14,,115.9809677,1.960935142
68512,25/04/2025,CTAG,MANOSALVAS MARTINEZ JANETH,REVISTA,PUBLICOMERCIAL,1000,600,23669,379.52,184.83,0.05,5.94,,,,,29.70263158,
68510,25/04/2025,CTAG,MANOSALVAS MARTINEZ JANETH,folleto,PUBLICOMERCIAL,1000,475,,217.22,195.7,0.1,9.18,,,7.02,,45.88,1.477894737
68521,28/04/2025,BV,JABONERIA WILSON S.A.,ROTULOS FRASES DE SEGURIDAD,PUBLICOMERCIAL,6,48.9,23665,51.5,-13.52,0.2,,,,1.42,,9.495,2.903885481
68514,28/04/2025,CTAG,AMC ECUADOR CIA.LTDA.,IMPRESION PLIEGOS,PUBLICOMERCIAL,15000,362.58,,49.17,295.28,0.05,,,,,,18.12894737,
68515,28/04/2025,BV,HINODE ECUADOR CIA.LTDA.,FLYERS,PUBLICOMERCIAL,3000,270,,106.08,112.37,0.15,5.14,,,7.86,,38.55,2.911111111
68516,28/04/2025,ASS,2 LATIDOS,LIBRO CUENTO INFANTIL PASTA DURA,EDITORIAL,100,1365,,627.78,465.96,0.15,25.74,,,52.5,,193.0129412,3.846153846
68517,28/04/2025,CTAG,FUER AÉREA ECUATORIANA,REVISTA DIRSIN,PUBLICOMERCIAL,1000,1586.9,,645.7,489.42,0.15,26.71,,204.32,20.43,,200.3152941,1.287415716
68518,28/04/2025,CTAG,FUER AÉREA ECUATORIANA,calendarios de seguridad,PUBLICOMERCIAL,400,1353.35,,539.06,429,0.15,22.78,,174.25,17.43,,170.8341176,1.287915173
68519,28/04/2025,CTAG,FUER AÉREA ECUATORIANA,AGENDA DIRSIN,PUBLICOMERCIAL,400,2633.85,,992.57,891.44,0.15,44.33,,339.12,33.91,,332.4723529,1.287468914
68520,28/04/2025,CTAG,CASA DE LA CULTURA ECUATORIANA,libro,EDITORIAL,1000,3516.88,,1155.38,1212.29,0.2,59.19,,452.82,45.28,,591.9175,1.287504834
68531,29/04/2025,BV,NATURES SUNSHINE PRODUCTS DEL ECUADOR S.A.,ROLL UP,PUBLICOMERCIAL,20,434.8,23667,345,-3.07,0.19,,,,12.66,,80.20580247,2.911683533
68532,29/04/2025,BV,SMYLIFE DENTAL ESTHETIC,roll up,PUBLICOMERCIAL,1,39,23668,40.1,-13.6,0.3,,,,1.14,,11.35714286,2.923076923
68522,29/04/2025,BV,NATURES SUNSHINE PRODUCTS DEL ECUADOR S.A.,CATÁLOGO de producto,PUBLICOMERCIAL,500,1855,,710.48,790.33,0.15,35.31,,,54.03,,264.8488235,2.912668464
68524,29/04/2025,ASS,AGLOMERADOS COTOPAXI S.A,catalogo molduras 18x14,PUBLICOMERCIAL,2850,998,,365.7,401.69,0.2,19.18,,,19.57,,191.8475,1.960921844
68525,29/04/2025,ASS,AGLOMERADOS COTOPAXI S.A,catalogo molduras 14x9,PUBLICOMERCIAL,8050,1280,,482.95,501.28,0.2,24.61,,,25.1,,246.0575,1.9609375
68526,29/04/2025,ASS,SANTILLANA S.A.,libros textos 21x27.5,EDITORIAL,3000,7691.13,,3671.07,3287.57,0.05,,,219.75,146.5,,366.2442105,1.904791624
68527,29/04/2025,BV,NATURES SUNSHINE PRODUCTS DEL ECUADOR S.A.,CATÁLOGO de producto,PUBLICOMERCIAL,500,1940,,777.02,792.56,0.15,36.93,,,56.5,,276.9847059,2.912371134
68529,29/04/2025,CTAG,CHAIDE Y CHAIDE S.A,Reglamento 2025-2027,PUBLICOMERCIAL,800,864,,276.12,433.24,0.15,16.69,,,12.77,,125.1811765,1.478009259
68530,29/04/2025,CTAG,LIBRO TEX,LIBRO,EDITORIAL,2000,5316.25,,1500.16,2930.05,0.15,104.24,,,,,781.8017647,
68533,30/04/2025,CTAG,COMERCIAL EL ARBOLITO CIA. LTDA,catalogo menu el arbolito,PUBLICOMERCIAL,2500,995,,476.06,292.8,0.2,19.22,,,14.7,,192.215,1.477386935
68534,30/04/2025,MC,SANCHEZ CARRASCO PAUL VICENTE,LIBROS inicial 1 y 2 + 2 hojas de adhesivo,EDITORIAL,1500,11541.81,,4889.34,4119.12,0.18,219.72,,,336.17,,1977.466829,2.912628089
68536,30/04/2025,ASS,UMCO S.A.,REIMPRESIÓN SEPARADOR 27X27,PUBLICOMERCIAL,40000,840,,419.77,302.33,0.11,16.23,,,12.41,,89.24831461,1.477380952
68537,30/04/2025,CTAG,ESCUELA NAVAL,"LIBRO “COOPNA, PASADO Y PRESENTE",EDITORIAL,250,9631.66,,4830.49,2059.1,0.15,162.11,,1240.13,124.01,,1215.81,1.287524684
68539,01/05/2025,ASS,UMCO S.A.,SEPARADOR 27X27,PUBLICOMERCIAL,40000,840,23670,419.77,302.33,0.11,16.23,,,12.41,,89.24831461,1.477380952
68540,01/05/2025,CTAG,AMC ECUADOR CIA.LTDA.,REIMPRESIÓN PLIEGOS KNL FLORES 60X90,PUBLICOMERCIAL,15000,256.97,23671,35.95,213.31,0.03,,,,,,7.709072165,
68541,01/05/2025,CTAG,AMC ECUADOR CIA.LTDA.,REIMPRESIÓN PLIEGOS MJS FLORES 60X90,PUBLICOMERCIAL,3000,50.6,23672,17.95,32.65,0,,,,,,0,
68542,01/05/2025,CTAG,AMC ECUADOR CIA.LTDA.,REIMPRESIÓN PLIEGOS NINA FLOWERS FLORES 60X90,PUBLICOMERCIAL,50000,858.97,23673,88.45,744.75,0.03,,,,,,25.76907216,
68546,01/05/2025,BV,BUSSINES MARKETING PUBLICIDAD CIA LTDA,SUPLEMENTO,PUBLICOMERCIAL,2000,742.6,23674,275.63,268.63,0.23,14.14,,,21.63,,162.5711688,2.912739025
68543,01/05/2025,ASS,EMPRESA OPERADORA METRO DE MEDELLIN TRANSDEV EOMMT S.A.S.,SEPARADOR,PUBLICOMERCIAL,180,221.33,,47.81,63.88,0.475,4.25,,,4.34,,101.0528571,1.960872905
68544,01/05/2025,CTAG,F.V. - AREA ANDINA S.A.,CERTIFICADO DE GARANTIA,PUBLICOMERCIAL,1000,665,,315.94,187.89,0.231,,,,9.83,,151.3455527,1.478195489
68545,01/05/2025,BV,CORPORACIÓN LÍDERES,libro TALENTOS 2 N.E 2025,EDITORIAL,1000,2880,,1330.91,1312.57,0.05,,55.65,,41.74,,139.1305263,1.449305556
68547,05/05/2025,MC,YUNNY RIVERA CUSME,REIMPRESIÓN LIBRO ECA 3 - crearte,EDITORIAL,1500,3000,23675,1189.75,1351.66,0.11,57.11,,,87.38,,314.1068539,2.912666667
68548,05/05/2025,MC,YUNNY RIVERA CUSME,REIMPRESIÓN LIBRO ECA 6 - crearte,EDITORIAL,1500,3000,23676,1152.06,1469.3,0.1,,,,87.38,,291.2622222,2.912666667
68549,05/05/2025,MC,YUNNY RIVERA CUSME,LIBROS ROBOTIC AVANZADO 1,EDITORIAL,1000,1910,23677,893.8,893.89,0.05,,,,28.23,,94.08894737,1.478010471
68550,05/05/2025,MC,YUNNY RIVERA CUSME,LIBROS ROBOTIC AVANZADO 2,EDITORIAL,1000,2560,23678,1096.1,1199.08,0.09,,,,37.83,,226.9958242,1.477734375
68551,05/05/2025,MC,YUNNY RIVERA CUSME,LIBROS ROBOTIC AVANZADO 3,EDITORIAL,1000,2350,23679,1041.62,1065.28,0.09,,,,34.73,,208.3747253,1.47787234
68552,05/05/2025,MC,TRAMA DISENO,Libro Futuro arquitectura,EDITORIAL,250,2980,23680,1638.31,1083.32,0.073,,,,44.04,,214.3246926,1.477852349
68554,05/05/2025,ASS,EMPRESA OPERADORA METRO DE MEDELLIN TRANSDEV EOMMT S.A.S.,SEPARADOR,PUBLICOMERCIAL,180,221.33,23681,47.81,63.88,0.475,4.25,,,4.34,,101.0528571,1.960872905
68553,05/05/2025,ASS,AGLOMERADOS COTOPAXI S.A,BOCETEROS,PUBLICOMERCIAL,1000,1000,23687,460.48,413.14,0.1,9.71,,,19.61,,97.06888889,1.961
68556,06/05/2025,BV,JABONERIA WILSON S.A.,VIBRINES,PUBLICOMERCIAL,114,456,23683,217.83,0.32,0.49,12.83,,2.2,13.22,,209.595098,2.899122807
68557,06/05/2025,BV,JABONERIA WILSON S.A.,ANFORAS,PUBLICOMERCIAL,57,3277.5,23684,2260.39,0.38,0.254,90.92,,62.43,93.64,,769.7527882,2.857055683
68558,06/05/2025,BV,JABONERIA WILSON S.A.,ROLL UPS,PUBLICOMERCIAL,57,2508,23685,1751.74,1.43,0.244,69.57,,47.77,71.66,,565.8379365,2.857256778
68559,06/05/2025,BV,JABONERIA WILSON S.A.,VINIL PARA PEGAR EN ROLL UPS,PUBLICOMERCIAL,1,74,23686,59.64,-0.06,0.15,1.75,,,2.16,,10.51411765,2.918918919
68561,06/05/2025,CTAG,FEDERACION DE CHOFERES,reimpresión libro conductor modulo 2,PUBLICOMERCIAL,1000,3472.89,23688,1846.76,1047.31,0.15,68.1,,,,,510.7182353,
68563,06/05/2025,ASS,ORGANIZACION PANAMERICANA DE LA SALUD - ORGANIZACION MUNDIAL DE LA SALUD,CARTILLAS TIPO DIPTCO - REGIÓN SIERRA,PUBLICOMERCIAL,40420,4809.98,23689,2069.73,1374.55,0.255,92.46,,,94.31,,1178.914631,1.960715013
68564,06/05/2025,ASS,ORGANIZACION PANAMERICANA DE LA SALUD - ORGANIZACION MUNDIAL DE LA SALUD,CARTILLAS TIPO DIPTCO - REGIÓN COSTA,PUBLICOMERCIAL,43960,5231.24,23690,2270.27,1500.81,0.25,100.56,,,102.57,,1257.026667,1.960720594
68565,06/05/2025,ASS,ORGANIZACION PANAMERICANA DE LA SALUD - ORGANIZACION MUNDIAL DE LA SALUD,CARTILLAS TIPO DIPTCO - REGIÓN AMAZONÍA,PUBLICOMERCIAL,15620,1858.78,23691,935.58,672.36,0.1,35.73,,,36.45,,178.66,1.960963643
68535,06/05/2025,CTAG,COMERCIAL EL ARBOLITO CIA. LTDA,INDIVIDUAL base molde,PUBLICOMERCIAL,10000,826,,275.59,402.57,0.15,15.96,,,12.21,,119.6752941,1.478208232
68560,06/05/2025,CTAG,CUERPO DE BOMBEROS DEL DISTRITO METROPOLITANO DE QUITO,Folleto Política de Género,EDITORIAL,455,5951.4,,2481.71,1140.88,0.3,,,776.27,,,1552.538571,
68562,06/05/2025,ASS,INTRIAGO FRAY OSCAR PASTOR,LIBOS SERIE ROBÓTICA - ALUMNO Y DOCENTE,EDITORIAL,1000,2743.4,,1150.28,1201.21,0.1,,78.38,,52.26,,261.2766667,1.904935482
68567,07/05/2025,BV,CABASCANGO PROAÑO SONIA GERMANIA,ETIQUETA COBIJA TÉRMICA CASAMIGA,PUBLICOMERCIAL,2000,298,23692,145.75,109.54,0.1,5.67,,,8.68,,28.36555556,2.912751678
68570,07/05/2025,ASS,PROGRAMA MUNDIAL DE ALIMENTOS,PORTA TARJETAS,PUBLICOMERCIAL,1500,275,23693,99.56,125.12,0.15,5.29,,,5.39,,39.64941176,1.96
68572,07/05/2025,CTAG,SALAZAR-EDITORES S.A.S.,agenda 2025,PUBLICOMERCIAL,1000,3350,23694,1427.93,1382.16,0.136,,97.57,,,,442.3289815,
68566,07/05/2025,MC,TANIA VILLEGAS,FOLLETOS,PUBLICOMERCIAL,1000,2440,,1107.91,935.87,0.12,46.45,,,71.07,,278.6972727,2.912704918
68568,07/05/2025,BV,CABASCANGO PROAÑO SONIA GERMANIA,ETIQUETA CÓDIGO CASAMIGA,PUBLICOMERCIAL,2000,235,,72.53,128.79,0.1,4.47,,,6.84,,22.36888889,2.910638298
68569,07/05/2025,ASS,INTRIAGO FRAY OSCAR PASTOR,LIBOS SERIE ROBÓTICA - ALUMNO,EDITORIAL,1000,2544.15,,1058.62,1122.08,0.1,,72.69,,48.46,,242.3,1.904761905
68571,07/05/2025,MC,TANIA VILLEGAS,FOLLETOS GRAPADO,PUBLICOMERCIAL,1000,1050,,445.72,423.78,0.13,19.99,,,30.58,,129.9252874,2.912380952
68580,08/05/2025,ASS,UMCO S.A.,SEPARADOR 64x45,PUBLICOMERCIAL,5000,438.5,23695,186.65,194.54,0.1,8.47,,,6.48,,42.35444444,1.477765108
68523,08/05/2025,ASS,SANTILLANA S.A.,SOY CREYENTE 9,EDITORIAL,850,2960.16,,1331.43,1346.81,0.05,,84.58,,56.38,,140.96,1.904626777
68573,08/05/2025,ASS,WORKFORCE S.A,FICHAS COUCHE 300GR 4X0,PUBLICOMERCIAL,766,270.21,,119.54,101.23,0.15,5.19,,,5.3,,38.95941176,1.961437401
68574,08/05/2025,ASS,WORKFORCE S.A,FICHAS 300GR 4X4,PUBLICOMERCIAL,6128,940.23,,504.84,263.32,0.15,18.07,,,18.44,,135.5576471,1.961222254
68575,08/05/2025,ASS,WORKFORCE S.A,FICHAS bond 90gr 4X4,PUBLICOMERCIAL,23684,820.63,,281.22,389.23,0.15,15.78,,,16.09,,118.3147059,1.960688739
68576,08/05/2025,ASS,BFS ECUADOR,EMPAQUE SANDUCHADO,EMPAQUE,100,550,,272.48,150.43,0.2,10.57,,,10.78,,105.7275,1.96
68577,08/05/2025,BV,EDICIONES HOLGUÍN,LIBRO,EDITORIAL,500,1300,,496.09,659.13,0.08,25.11,,,19.21,,100.453913,1.477692308
68578,08/05/2025,BV,HHGLOBAL,TARJETON TOS FERINA,PUBLICOMERCIAL,16600,2075,,1050.46,414.25,0.16,,,278.99,52.31,,278.992381,2.520963855
68581,09/05/2025,ASS,SANTILLANA S.A.,LIBRO 23 x 28.7,EDITORIAL,600,2751.16,,1246.93,1306.78,0.03,,78.98,,39.49,,78.98072165,1.435394524
68582,09/05/2025,ASS,SANTILLANA S.A.,LIBRO 23 x 28.7 con adhesivo 18pg,EDITORIAL,1200,5964.91,,3183.37,2353.44,0.03,,171.24,,85.62,,171.2415464,1.435394666
68583,09/05/2025,ASS,SANTILLANA S.A.,LIBRO 23 x 28.7 - couhce 90gr,EDITORIAL,900,4045.11,,1995.67,1759.13,0.03,,116.13,,58.06,,116.1278351,1.435313255
68586,09/05/2025,ASS,SANTILLANA S.A.,LIBRO 21.5 x 28 - couhce 90gr + data varable,EDITORIAL,900,2967.18,,1448.5,1305.73,0.03,,85.18,,42.59,,85.18237113,1.43536961
68587,09/05/2025,ASS,SANTILLANA S.A.,LIBRO 21x29.7,EDITORIAL,1000,1945.97,,836.54,969.77,0.03,,55.87,,27.93,,55.86525773,1.435273925
68590,09/05/2025,ASS,ATEDUCA CIA. LTDA.,LIBRO PASTA DURA,EDITORIAL,100,3345.81,,1311.55,778.78,0.35,64.32,,,65.6,,1125.562308,1.960661245
68594,12/05/2025,CTAG,COMERCIAL EL ARBOLITO CIA. LTDA,REIMPRESIÓN INDIVIDUALES 2 MOTIVOS,PUBLICOMERCIAL,20000,625,23696,234.84,255.38,0.18,17.93,,,9.24,,107.6092683,1.4784
68604,12/05/2025,MC,YUNNY RIVERA CUSME,LIBROS CREARTE ECA 1 BGU,PUBLICOMERCIAL,800,3240,23701,1318.44,1529.43,0.09,62.59,,,47.88,,281.6574725,1.477777778
68592,12/05/2025,BV,NATURES SUNSHINE PRODUCTS DEL ECUADOR S.A.,CATÁLOGO de producto,PUBLICOMERCIAL,3000,2886,23703,1382.03,815.57,0.2,54.94,,,84.06,,549.4,2.912681913
68599,12/05/2025,CTAG,MANOSALVAS MARTINEZ JANETH,REVISTA 8 pg,PUBLICOMERCIAL,1000,425,23740,220.62,179.13,0.05,4.21,,,,,21.03947368,
68584,12/05/2025,ASS,SANTILLANA S.A.,LIBRO 23 x 28.7 - couhce 90gr - con 8 insertos,EDITORIAL,500,3379.13,,1567.89,1568.72,0.03,,97.01,,48.5,,97.0085567,1.435280679
68593,12/05/2025,ASS,SANTILLANA S.A.,textos 21x27.5 bond 90gr,EDITORIAL,250,2118.96,,868.9,1088.61,0.03,,60.54,,40.36,,60.54154639,1.90470797
68595,12/05/2025,ASS,SANTILLANA S.A.,textos 21x27.5 mate 115gr,EDITORIAL,5300,12057.3,,7210.86,3927.78,0.03,,344.49,,229.66,,344.4940206,1.904738208
68596,12/05/2025,ASS,SANTILLANA S.A.,textos 21x27.5 mate 115gr,EDITORIAL,5300,12057.3,,7210.86,3927.78,0.03,,344.49,,229.66,,344.4940206,1.904738208
68598,12/05/2025,ASS,SANTILLANA S.A.,textos 21x28.5 mate 90gr,EDITORIAL,5300,10708.12,,6115.28,3776.98,0.03,,305.95,,203.96,,305.9461856,1.904722771
68600,12/05/2025,ASS,SANTILLANA S.A.,textos 21x28.5 mate 90gr - grapado,EDITORIAL,2000,2499.08,,1297.51,1011.16,0.03,,71.4,,47.6,,71.40216495,1.90470093
68601,12/05/2025,ASS,SANTILLANA S.A.,LIBRO 21 x 27.5 con adhesivo 20pg,EDITORIAL,1700,6700.6,,3721.58,2498.12,0.03,,192.36,,96.18,,192.3618557,1.435393845
68602,12/05/2025,ASS,SANTILLANA S.A.,LIBRO 21 x 27.5 con,EDITORIAL,1700,4960.04,,2369.57,2234.49,0.03,,142.39,,71.2,,142.3936082,1.435472295
68606,12/05/2025,ASS,SANTILLANA S.A.,textos con bristol,EDITORIAL,700,6220.5,,3219.84,1519.59,0.2,,,177.73,118.49,,1184.8575,1.904830801
68607,12/05/2025,ASS,SANTILLANA S.A.,textos a4 couche 90gr,EDITORIAL,800,2709.03,,1250.31,1252.32,0.03,,77.4,,51.6,,77.40092784,1.904740811
68609,12/05/2025,ASS,SANTILLANA S.A.,LIBRO 23 x 28.7 - 1X1,EDITORIAL,600,2082.64,,861.19,1071.98,0.03,,59.79,,29.89,,59.78876289,1.435197634
68611,12/05/2025,ASS,SANTILLANA S.A.,textos 21x27.5 mate 115gr,EDITORIAL,400,3935.74,,1609.24,1576.84,0.15,,112.45,,74.97,,562.2494118,1.904851438
68612,12/05/2025,ASS,SANTILLANA S.A.,textos 21x27.5 mate 115gr,EDITORIAL,200,2332.48,,943.31,944.88,0.15,,66.64,,44.43,,333.21,1.904839484
68613,12/05/2025,ASS,SANTILLANA S.A.,textos a4 BOND 90gr 1X1,EDITORIAL,400,999.42,,397.78,525.49,0.03,,28.55,,19.04,,28.55474227,1.905104961
68614,13/05/2025,CTAG,AMC ECUADOR CIA.LTDA.,IMPRESIÓN PLIEGOS MYSTIC 80X50,PUBLICOMERCIAL,1000,99,23697,27.17,71.83,0,,,,,,0,
68615,13/05/2025,MC,SANCHEZ CARRASCO PAUL VICENTE,LIBROS ARTE VIVO 1 BACHILLERATO,EDITORIAL,2000,3200,23698,1463.94,1310.43,0.107,,,,93.2,,332.4273124,2.9125
68616,13/05/2025,MC,SANCHEZ CARRASCO PAUL VICENTE,LIBROS ARTE VIVO 2 BACHILLERATO,EDITORIAL,2000,3200,23699,1463.94,1310.43,0.107,,,,93.2,,332.4273124,2.9125
68617,13/05/2025,MC,YUNNY RIVERA CUSME,REIMPRESIÓN LIBRO “I KNOW 2 BGU”,PUBLICOMERCIAL,1500,2700,23700,929.39,1285.91,0.138,51.4,,,78.64,,354.6535963,2.912592593
68619,13/05/2025,ASS,AGLOMERADOS COTOPAXI S.A,flyer y adhesivos para tablila,PUBLICOMERCIAL,1000,510,,167.96,248.71,0.15,9.8,,,10,,73.53,1.960784314
68620,14/05/2025,MC,YUNNY RIVERA CUSME,LIBROS CREARTE ECA 2 BGU,PUBLICOMERCIAL,800,3223.27,23702,1305.42,1527.74,0.09,62.27,,,47.63,,280.2026374,1.477691909
68626,14/05/2025,BV,OMNILIFE DEL ECUADOR S.A.,FLYER BIENVENIDA EOS,PUBLICOMERCIAL,10000,370,23704,187.31,112.04,0.15,7.04,,,10.78,,52.82647059,2.913513514
68528,14/05/2025,ASS,SANTILLANA S.A.,Keep it Real! B1+ Student's Book (nuevo ISBN 9786070633805),EDITORIAL,600,2793.91,,1218.87,1308.95,0.05,,,79.83,53.22,,133.0431579,1.90485735
68538,14/05/2025,CTAG,ESCUELA NAVAL,Revista INHIMA N° 75,PUBLICOMERCIAL,500,4875.19,,2483.86,1003.4,0.15,82.05,,627.71,62.77,,615.3988235,1.287539563
68579,14/05/2025,BV,MEDITEACH,libros módulos,EDITORIAL,1000,4009.44,,1903.12,1582.34,0.1,77.45,,,59.25,,387.2733333,1.477762481
68585,14/05/2025,ASS,SANTILLANA S.A.,LIBRO 23 x 28.7 con adhesivo 16pg,EDITORIAL,300,3725.52,,1801.91,1656.23,0.03,,106.95,,53.48,,106.9527835,1.435504305
68588,14/05/2025,ASS,SANTILLANA S.A.,LIBRO 21x29.7 + data variable,EDITORIAL,2400,6685.35,,3362.05,2843.49,0.03,,191.92,,95.96,,191.9239175,1.435377355
68589,14/05/2025,ASS,SANTILLANA S.A.,CATÁLOGO CREO,PUBLICOMERCIAL,900,1005.48,,526.64,402.24,0.03,,28.73,,19.15,,28.72824742,1.904562995
68591,14/05/2025,ASS,ATEDUCA CIA. LTDA.,AFICHES 10 MOTIVOS,PUBLICOMERCIAL,1000,2514.29,,1136.32,555.34,0.3,48.33,,,49.3,,724.9971429,1.960792112
68597,14/05/2025,ASS,SANTILLANA S.A.,textos 21x27.5 mate 90gr y 150gr - grapado,EDITORIAL,5300,3823.34,,2073.1,1458.94,0.03,,109.24,,72.83,,109.2383505,1.90487898
68603,14/05/2025,ASS,SANTILLANA S.A.,textos 21x27.5 mate 90gr - ANILLO,EDITORIAL,400,3386.19,,1391.44,1736.76,0.03,,96.75,,64.5,,96.74845361,1.904795655
68605,14/05/2025,ASS,SANTILLANA S.A.,textos 21x27.5 mate 115gr,EDITORIAL,700,4799.97,,2402.64,1483.05,0.15,,137.14,,91.43,,685.71,1.904803572
68608,14/05/2025,ASS,SANTILLANA S.A.,textos a4 BOND 90gr,EDITORIAL,600,1875.49,,849.85,882.75,0.03,,53.59,,35.72,,53.58556701,1.904568939
68610,14/05/2025,ASS,SANTILLANA S.A.,PREESCHOOL FLUHIGER 3 TALES,PUBLICOMERCIAL,500,1052.59,,353.92,502.25,0.15,,30.22,,15.11,,151.0888235,1.435506703
68618,14/05/2025,MC,IVAN RUBIO,REVISTAS,PUBLICOMERCIAL,1000,2870,,1245.88,1076.13,0.15,54.64,,,83.59,,409.7664706,2.912543554
68621,14/05/2025,MC,SANCHEZ CARRASCO PAUL VICENTE,LIBROS inicial 1 RINCONES MÁGICOS PRE ESCOLAR 3 a 4 años,EDITORIAL,1500,8625.05,,3125.9,2802.24,0.24,195,390.01,,239.86,60 DIAS CREDITO,1872.044211,2.780969386
68622,14/05/2025,BV,JABONERIA WILSON S.A.,CUPONES - 2 motivos,PUBLICOMERCIAL,52000,840,,317.79,401.8,0.1,15.99,,,24.47,60 DIAS CREDITO,79.95444444,2.913095238
68623,14/05/2025,BV,JABONERIA WILSON S.A.,VIBRINES,PUBLICOMERCIAL,114,200,,127.83,2.87,0.3,5.6,,1.92,5.77,15 DIAS CREDITO,56.01428571,2.885
68624,14/05/2025,BV,JABONERIA WILSON S.A.,AFICHES 2 MOTIVOS,PUBLICOMERCIAL,114,370,,136.85,162.5,0.15,7.04,,,10.78,120 DIAS CREDITO,52.82647059,2.913513514
68625,14/05/2025,CTAG,RESIFLEX,CATÁLOGO,PUBLICOMERCIAL,200,1100,,392.45,497.51,0.15,20.94,,,32.04,120 DIAS CREDITO,157.0517647,2.912727273
68627,14/05/2025,ASS,Centro de Derechos Económicos y Sociales,GUIA,PUBLICOMERCIAL,250,3618.97,,1539.63,1243.13,0.2,69.57,,,70.96,120 DIAS CREDITO,695.69,1.960778896
68635,15/05/2025,ASS,EMPRESA OPERADORA METRO DE MEDELLIN TRANSDEV EOMMT S.A.S.,TARJETAS DE PRESENTACIÓN - 2 NOMBRES,PUBLICOMERCIAL,1000,444.44,23720,165.05,180.97,0.19,8.54,,,8.71,,81.16518519,1.959769598
68628,15/05/2025,ASS,Centro de Derechos Económicos y Sociales,GUIA - anillada,PUBLICOMERCIAL,250,3464.01,,1307.69,1355.9,0.2,66.59,,,67.92,120 DIAS CREDITO,665.8975,1.96073337
68629,15/05/2025,CTAG,ECU 911,FOLLETOS DIDACTICOS,PUBLICOMERCIAL,3000,660.03,,245.95,226.17,0.15,11.11,,84.98,8.5,120 DIAS CREDITO,83.31529412,1.287820251
68630,15/05/2025,CTAG,ECU 911,lbireta de apuntes,PUBLICOMERCIAL,1000,2750.03,,1094.56,872.56,0.15,46.29,,354.08,35.41,120 DIAS CREDITO,347.1388235,1.287622317
68631,15/05/2025,BV,REDACOPIO S.A.,INDIVIDUALES 3 MODELOS,PUBLICOMERCIAL,60000,1089.99,,556.88,436.94,0.07,,,,21.37,120 DIAS CREDITO,74.80365591,1.960568446
68632,15/05/2025,CTAG,ECU 911,CUADERNO PARA COLOREAR,PUBLICOMERCIAL,2500,870,,265.63,356.69,0.15,14.64,,112.02,11.2,120 DIAS CREDITO,109.8211765,1.287356322
68633,15/05/2025,CTAG,ECU 911,TRIPTICOS,PUBLICOMERCIAL,3000,451.47,,150.68,164.67,0.17,7.6,,58.13,5.81,120 DIAS CREDITO,64.58975904,1.286907214
68634,15/05/2025,CTAG,ECU 911,CARPETA,PUBLICOMERCIAL,1000,650.97,,223.75,225.46,0.18,10.96,,83.82,8.38,120 DIAS CREDITO,98.60707317,1.287309707
68637,16/05/2025,MC,SANCHEZ CARRASCO PAUL VICENTE,LIBRO INTEGRADO RINCONES MAGICOS 1 PRE ESCOLAR,EDITORIAL,1500,5970,23705,2508.28,2549.12,0.11,113.65,,,173.88,,625.0719101,2.912562814
68636,16/05/2025,CTAG,FONAG,Periódico Agua a Fondo,PUBLICOMERCIAL,500,1568.32,,659.64,266.57,0.3,26.46,198.47,,20.24,90 DIAS CREDITO,396.9471429,1.290552948
68638,16/05/2025,CTAG,ECU 911,Fundas de Papel Ensure,PUBLICOMERCIAL,2000,1983.06,,670.35,753.38,0.16,,,254.24,33.9,60 DIAS CREDITO,271.1866667,1.70947929
68639,19/05/2025,ASS,OTECEL S.A.,reimpresión agendas movistar - ecuador nos mueve - CAYFO1,PUBLICOMERCIAL,100,1312.2,23706,336.45,705.56,0.15,24.52,36.78,,25.01,,183.8841176,1.905959457
68654,19/05/2025,BV,JABONERIA WILSON S.A.,microperforados macor,PUBLICOMERCIAL,1,368,23707,283.04,0.54,0.175,6.87,6.87,,10.52,,60.15333333,2.858695652
68644,19/05/2025,MC,TIPAN UMATAMBO SEGUNDO MARCO,REIMPRESIÓN LIBRO AVENTURAS DEL ARTE 1,EDITORIAL,2000,3040,23708,1273.94,1448.97,0.064,,87.27,,43.64,,186.1818803,1.435526316
68645,19/05/2025,MC,TIPAN UMATAMBO SEGUNDO MARCO,REIMPRESIÓN LIBRO AVENTURAS DEL ARTE 2,EDITORIAL,2000,3040,23709,1273.94,1448.97,0.064,,87.27,,43.64,,186.1818803,1.435526316
68646,19/05/2025,MC,TIPAN UMATAMBO SEGUNDO MARCO,REIMPRESIÓN LIBRO AVENTURAS DEL ARTE 3,EDITORIAL,2000,3040,23710,1273.94,1448.97,0.064,,87.27,,43.64,,186.1818803,1.435526316
68647,19/05/2025,MC,TIPAN UMATAMBO SEGUNDO MARCO,REIMPRESIÓN LIBRO AVENTURAS DEL ARTE 4,EDITORIAL,2000,3040,23711,1273.94,1448.97,0.064,,87.27,,43.64,,186.1818803,1.435526316
68648,19/05/2025,MC,TIPAN UMATAMBO SEGUNDO MARCO,REIMPRESIÓN LIBRO AVENTURAS DEL ARTE 5,EDITORIAL,2000,3040,23712,1273.94,1448.97,0.064,,87.27,,43.64,,186.1818803,1.435526316
68649,19/05/2025,MC,TIPAN UMATAMBO SEGUNDO MARCO,REIMPRESIÓN LIBRO AVENTURAS DEL ARTE 6,EDITORIAL,2000,3040,23713,1273.94,1448.97,0.064,,87.27,,43.64,,186.1818803,1.435526316
68650,19/05/2025,MC,TIPAN UMATAMBO SEGUNDO MARCO,REIMPRESIÓN LIBRO AVENTURAS DEL ARTE 7,EDITORIAL,2000,3040,23714,1273.94,1448.97,0.064,,87.27,,43.64,,186.1818803,1.435526316
68651,19/05/2025,MC,TIPAN UMATAMBO SEGUNDO MARCO,REIMPRESIÓN LIBRO AVENTURAS DEL ARTE 8,EDITORIAL,2000,3040,23715,1273.94,1448.97,0.064,,87.27,,43.64,,186.1818803,1.435526316
68652,19/05/2025,MC,TIPAN UMATAMBO SEGUNDO MARCO,REIMPRESIÓN LIBRO AVENTURAS DEL ARTE 9,EDITORIAL,2000,3040,23716,1273.94,1448.97,0.064,,87.27,,43.64,,186.1818803,1.435526316
68653,19/05/2025,MC,TIPAN UMATAMBO SEGUNDO MARCO,REIMPRESIÓN LIBRO AVENTURAS DEL ARTE 10,EDITORIAL,2000,3040,23717,1273.94,1448.97,0.064,,87.27,,43.64,,186.1818803,1.435526316
68656,19/05/2025,MC,YUNNY RIVERA CUSME,REIMPRESIÓN LIBRO CALIGRAFITOS PLUS 5 EGB,EDITORIAL,2000,3480,23718,1351.85,1579.62,0.115,66.25,,,101.36,,380.9254802,2.912643678
68657,19/05/2025,MC,YUNNY RIVERA CUSME,REIMPRESIÓN LIBRO CALIGRAFITOS PLUS 6 EGB,EDITORIAL,2000,3480,23719,1351.85,1579.62,0.115,66.25,,,101.36,,380.9254802,2.912643678
68640,19/05/2025,MC,TIPAN UMATAMBO SEGUNDO MARCO,LIBRO PREPARATORIA,EDITORIAL,2000,17700,,8077.17,6631.87,0.102,327.6,491.39,,501.22,90 DIAS CREDITO,1670.737283,2.831751412
68641,19/05/2025,BV,SEDEMI SERVICIOS DE MECANICA,CARPETAS 4x4 sin VINCHA + plastico y selectivo sin bolsillo,PUBLICOMERCIAL,1000,800,,363.06,253.73,0.19,15.23,,,23.3,45 DIAS CREDITO,144.6791358,2.9125
68643,19/05/2025,BV,BUSSINES MARKETING PUBLICIDAD CIA LTDA,CUADERNOS,PUBLICOMERCIAL,3000,5880,,2463.34,2293.94,0.15,111.94,,,171.26,60 DIAS CREDITO,839.52,2.912585034
68655,19/05/2025,BV,BUSSINES MARKETING PUBLICIDAD CIA LTDA,CARPETAS,PUBLICOMERCIAL,1000,900,,500.55,227.6,0.15,17.13,,,26.21,90 DIAS CREDITO,128.4970588,2.912222222
68658,19/05/2025,CTAG,RESIFLEX,CATÁLOGO,PUBLICOMERCIAL,200,1160,,403.47,535.04,0.15,22.08,,,33.79,60 DIAS CREDITO,165.6194118,2.912931034
68659,19/05/2025,MC,TIPAN UMATAMBO SEGUNDO MARCO,libros de ingles del 1 al 10 - 70GR,EDITORIAL,2000,3315.01,,1393.62,1367.36,0.1,61.36,92.03,,93.87,120 DIAS CREDITO,306.7755556,2.831665666
68660,19/05/2025,MC,TIPAN UMATAMBO SEGUNDO MARCO,libros de ingles del 1 al 10 - 90GR,EDITORIAL,2000,3500,,1548.86,1387.38,0.1,65.25,72.43,,99.83,90 DIAS CREDITO,326.2488889,2.852285714
68661,19/05/2025,CTAG,ILUSTRACION GRAFICA S.A. ILUGRAFSA,afiches,PUBLICOMERCIAL,9000,2250,,1155.96,300.14,0.33,43.47,,,33.25,90 DIAS CREDITO,717.1835821,1.477777778
68662,19/05/2025,ASS,AGLOMERADOS COTOPAXI S.A,flyer para tablila,PUBLICOMERCIAL,1000,300,,99.99,145.11,0.15,5.77,,,5.88,60 DIAS CREDITO,43.25294118,1.96
68663,19/05/2025,ASS,AGLOMERADOS COTOPAXI S.A,adhesivos pegados en tablillas a5,PUBLICOMERCIAL,30000,1380,,390.61,736.84,0.15,26.53,,,27.06,60 DIAS CREDITO,198.9617647,1.960869565
68664,19/05/2025,ASS,AGLOMERADOS COTOPAXI S.A,adhesivos 12x15 pegados en tablillas,PUBLICOMERCIAL,1000,390,,155.61,163.02,0.15,7.5,,,7.65,120 DIAS CREDITO,56.22882353,1.961538462
68665,20/05/2025,BV,UMCO S.A.,SEPARADOR PAPEL EARTH 32 x 30,PUBLICOMERCIAL,50000,1400,23721,521.2,571.51,0.18,26.65,,,40.78,,239.8631707,2.912857143
68667,20/05/2025,MC,TIPAN UMATAMBO SEGUNDO MARCO,REIMPRESIÓN PRE ESCRITURA - PRE MATEMATICA - PRE ESCRITURA 1,PUBLICOMERCIAL,2000,4800,23722,1719.31,2295.73,0.11,,153.38,,135.34,,496.2408989,2.819583333
68671,20/05/2025,CTAG,FEDERACION DE CHOFERES,LEY ORGÁNICA TRANSPORTE,EDITORIAL,1500,2220,23723,898.62,1143.78,0.08,,,,,,177.6,
68668,20/05/2025,MC,SANCHEZ CARRASCO PAUL VICENTE,LIBRO RINCONES MÁGICOS EDUCACIÓN INICIAL 2,EDITORIAL,1500,13956,23724,6127.44,5148.43,0.135,260.71,260.71,,398.89,,1759.817861,2.858197191
68669,20/05/2025,ASS,BFS ECUADOR,EMPAQUE DÙO SANDUCHADO - 4 motivos,EMPAQUE,150,489,23741,189.35,228.96,0.11,9.4,,,9.59,,51.70123596,1.961145194
68666,20/05/2025,ASS,AGLOMERADOS COTOPAXI S.A,adhesivos 9x14 pegados en tablillas,PUBLICOMERCIAL,30160,2100,,767.69,907.63,0.17,40.37,,,41.18,120 DIAS CREDITO,343.1378313,1.960952381
68670,20/05/2025,BV,OMNILIFE DEL ECUADOR S.A.,MANUAL PRIMEROS AUXILIOS,PUBLICOMERCIAL,100,397,,137.29,183.91,0.15,7.56,,,11.56,120 DIAS CREDITO,56.68235294,2.911838791
68672,20/05/2025,BV,THAT BOOK´S,LIBROS AREAS BASICAS,EDITORIAL,1100,4742.2,,2088.31,2210.04,0.08,,,,70.08,60 DIAS CREDITO,373.7695652,1.477795116
68674,20/05/2025,BV,AUQUILLA FREIRE DIEGO SEBASTIAN,CUADERNOS PUCE,PUBLICOMERCIAL,3000,6325,,3010.49,2046.62,0.16,120.41,,,184.22,90 DIAS CREDITO,963.2590476,2.91256917
68675,20/05/2025,BV,BUSSINES MARKETING PUBLICIDAD CIA LTDA,REVISTA SOSTENIBILIDAD,PUBLICOMERCIAL,10000,3160,,1177.33,1469.54,0.12,60.16,,,92.04,60 DIAS CREDITO,360.9368182,2.912658228
68676,20/05/2025,BV,AUQUILLA FREIRE DIEGO SEBASTIAN,FUNDAS SHOPPING GRANDES,EMPAQUE,1500,1485,,591.96,627.25,0.15,28.69,,,21.95,60 DIAS CREDITO,215.1547059,1.478114478
68677,20/05/2025,ASS,OTECEL S.A.,STICKER AFICHE COMBOS - STIC574,PUBLICOMERCIAL,63500,1143,,429.63,384.98,0.23,21.16,42.32,,21.58,150 DIAS CREDITO,243.3250649,1.888013998
68673,21/05/2025,BV,EDICIONES HOLGUIN S.A.,LIBRO,EDITORIAL,1000,2950,,1186.85,1292.14,0.13,56.99,,,43.6,150 DIAS CREDITO,370.4237931,1.477966102
68678,21/05/2025,ASS,SANTILLANA S.A.,textos a4 couche 90gr con 8 inserto,EDITORIAL,300,2079.31,,873.78,1047.11,0.03,,59.41,,39.61,30% anticipo - 30% a 90 días - 40% a 120 dias,59.40896907,1.904958857
68680,21/05/2025,BV,EDICIONES HOLGUIN S.A.,LIBRO,EDITORIAL,1000,3710,,1478.97,1567.01,0.15,71.67,,,54.83,120 DIAS CREDITO,537.5258824,1.477897574
68681,21/05/2025,CTAG,ECUAEMPAQUES,SOBRES 2 MOTIVOS,PUBLICOMERCIAL,10000,1700,,494.47,950.53,0.12,32.84,,,25.12,120 DIAS CREDITO,197.0454545,1.477647059
68682,21/05/2025,BV,GRUPO TRANSBEL S.A,FUNDAS SHOPPING MINI,EMPAQUE,800,700,,235.89,363.76,0.1,13.33,,,20.39,120 DIAS CREDITO,66.62777778,2.912857143
68683,21/05/2025,CTAG,PETROECUADOR,TARJETA KARDEX - 2 motivos,PUBLICOMERCIAL,99600,5614.02,,1772.01,2007.53,0.2,94.49,,722.84,72.28,120 DIAS CREDITO,944.885,1.28749096
68685,22/05/2025,MC,YUNNY RIVERA CUSME,LIBROS MENTE RÁPIDA 6,EDITORIAL,1000,2040,23736,895.57,888.74,0.09,39.22,,,40,,176.4702198,1.960784314
68679,22/05/2025,CTAG,WORL VISION,TRIPTICOS EDUCOMUNICACIONELES LAVADO DE MANOS,PUBLICOMERCIAL,3060,512.87,,220.62,200.46,0.15,9.91,,,7.58,120 DIAS CREDITO,74.30823529,1.477957377
68684,22/05/2025,MC,TIPAN UMATAMBO SEGUNDO MARCO,CUADERNOS PASTA DURA,PUBLICOMERCIAL,2000,3760,,1663.79,1485.65,0.12,71.58,,,109.51,120 DIAS CREDITO,429.4690909,2.9125
68687,22/05/2025,CTAG,CHAIDE Y CHAIDE S.A,Catálogo Técnico Chaide 2025 - PASTA DURA,PUBLICOMERCIAL,1600,6640,,3698.2,1548.25,0.19,64.77,,,98.13,120 DIAS CREDITO,1230.648765,1.477861446
68688,22/05/2025,ASS,BOKER TOV,funda papel kraft,EMPAQUE,3000,2420.73,,1506,239.05,0.25,46.53,,,47.47,120 DIAS CREDITO,581.6833333,1.960978713
68689,22/05/2025,ASS,BOKER TOV,papel cera,PUBLICOMERCIAL,3000,368.81,,178.59,87.28,0.25,7.09,,,7.23,120 DIAS CREDITO,88.62333333,1.960358992
68690,22/05/2025,ASS,BOKER TOV,CAJA PEQUEÑA,PUBLICOMERCIAL,3000,1307.89,,266.29,739.39,0.2,25.14,,,25.64,60 DIAS CREDITO,251.42,1.960409515
68692,22/05/2025,ASS,BOKER TOV,sticker 3 cm,PUBLICOMERCIAL,3000,269.96,,126.13,94.43,0.15,5.19,,,5.29,90 DIAS CREDITO,38.92235294,1.959549563
68693,22/05/2025,ASS,BOKER TOV,sticker 5 cm,PUBLICOMERCIAL,3000,289,,140.57,95.54,0.15,5.56,,,5.67,60 DIAS CREDITO,41.66647059,1.961937716
68694,22/05/2025,ASS,AGLOMERADOS COTOPAXI S.A,flyer y adhesivos para tablila,PUBLICOMERCIAL,1000,495,,213.04,150.93,0.235,9.52,,,9.71,60 DIAS CREDITO,111.8077778,1.961616162
68695,22/05/2025,ASS,EMPRESA OPERADORA METRO DE MEDELLIN TRANSDEV EOMMT S.A.S.,CARTILLA PLEGABLE CON BOLSILLOS - 6 cuerpos,PUBLICOMERCIAL,120000,52822.3,,26454.99,10839.32,0.23,1453.03,1937.37,,997.74,"50% ANTICIPO, SALDO CONTRA ENTREGA",11139.85883,1.888861333
68696,22/05/2025,ASS,OTECEL S.A.,FUNDA 15x21,EMPAQUE,200,531,,237.04,163.56,0.2,10.02,10.02,,10.22,90 DIAS CREDITO,100.15,1.924670433
68697,22/05/2025,ASS,OTECEL S.A.,cuadernos,PUBLICOMERCIAL,1000,2547,,927.61,951.89,0.2175,48.04,48.04,,49,15 DIAS CREDITO,522.4169329,1.923831959
68698,26/05/2025,MC,YUNNY RIVERA CUSME,REIMPRESIÓN LIBRO cALIGRAFITO plus 1 egb,EDITORIAL,2000,4800,23725,1821.12,2290.82,0.1,91.38,,,139.81,,456.8822222,2.912708333
68699,26/05/2025,ASS,INTRIAGO FRAY OSCAR PASTOR,REIMPRESIÓN LIBROS EXPRESS ARTE 8,EDITORIAL,1500,2700,23726,1129.4,1061.16,0.14,,101.89,,50.94,,356.6027907,1.886666667
68700,26/05/2025,ASS,INTRIAGO FRAY OSCAR PASTOR,REIMPRESIÓN LIBROS EXPRESS ARTE 9,EDITORIAL,1500,2700,23727,1129.4,1061.16,0.14,,101.89,,50.94,,356.6027907,1.886666667
68701,26/05/2025,ASS,INTRIAGO FRAY OSCAR PASTOR,REIMPRESIÓN LIBROS EXPRESS ARTE 10,EDITORIAL,1500,2700,23728,1129.4,1061.16,0.14,,101.89,,50.94,,356.6027907,1.886666667
68702,26/05/2025,ASS,INTRIAGO FRAY OSCAR PASTOR,REIMPRESIÓN LIBROS EXPRESS ARTE 1 BGU,EDITORIAL,1500,2700,23729,1129.4,1061.16,0.14,,101.89,,50.94,,356.6027907,1.886666667
68703,26/05/2025,ASS,INTRIAGO FRAY OSCAR PASTOR,REIMPRESIÓN LIBROS EXPRESS ARTE 2 BGU,EDITORIAL,1500,2700,23730,1129.4,1061.16,0.14,,101.89,,50.94,,356.6027907,1.886666667
68709,26/05/2025,CTAG,ALISERVIS S.A.,VOLANTES NACIONAL JUNIO $7.99 inc. IVA - 1 INGREDIENTE MEDIANA,PUBLICOMERCIAL,417775,4386.64,23731,2433.07,1304.03,0.118,84.74,,,64.83,,499.9748299,1.477896522
68710,26/05/2025,BV,JABONERIA WILSON S.A.,ARAÑA,PUBLICOMERCIAL,1,32.5,23732,39.24,-14.06,0.194,0.62,,,0.64,,6.060694789,1.969230769
68711,26/05/2025,BV,SEDEMI SERVICIOS DE MECANICA,CARPETAS SEDEMI,PUBLICOMERCIAL,1000,720,23733,345.18,230.5,0.16,13.71,,,20.97,,109.6533333,2.9125
68712,26/05/2025,BV,SEDEMI SERVICIOS DE MECANICA,cuadernos,PUBLICOMERCIAL,500,1250,23734,509.15,442.69,0.2,23.8,,,36.41,,237.96,2.9128
68707,26/05/2025,ASS,AGLOMERADOS COTOPAXI S.A,CARTA PRESENTACIÓN,PUBLICOMERCIAL,1000,330,23743,132.91,136.7,0.15,6.34,,,6.47,,47.57823529,1.960606061
68704,26/05/2025,BV,SEDEMI SERVICIOS DE MECANICA,cuadernos - portada sanduchada,PUBLICOMERCIAL,500,1300,,508.31,533.55,0.15,24.51,12.26,,37.51,30 DIAS CREDITO,183.8576471,2.885384615
68706,26/05/2025,ASS,EMPRESA OPERADORA METRO DE MEDELLIN TRANSDEV EOMMT S.A.S.,COLGANTES,PUBLICOMERCIAL,7560,1378.19,,668.26,325.25,0.25,26.49,,,27.02,90 DIAS CREDITO,331.17,1.960542451
68708,26/05/2025,ASS,LA VICHERIA,stickers,PUBLICOMERCIAL,500,245,,106.63,94.52,0.15,4.73,,,3.62,30 DIAS CREDITO,35.49705882,1.47755102
68715,27/05/2025,MC,TRAMA DISENO,"Revista Trama
",PUBLICOMERCIAL,250,1675.01,23735,707.72,810.51,0.08,,,,24.75,,132.02,1.477603119
68716,27/05/2025,MC,YUNNY RIVERA CUSME,LIBROS MENTE RÁPIDA 1,EDITORIAL,1000,2160,23737,930.7,958.57,0.09,41.52,,,42.35,,186.8508791,1.960648148
68717,27/05/2025,MC,YUNNY RIVERA CUSME,LIBROS MENTE RÁPIDA 5,EDITORIAL,1000,2300,23738,1004.25,1007.47,0.09,44.21,,,45.1,,198.9613187,1.960869565
68718,27/05/2025,CTAG,AMC ECUADOR CIA.LTDA.,REIMPRESIÓN PLIEGOS NINA FLOWERS FLORES 60X90,PUBLICOMERCIAL,50000,860,23739,89.45,714.65,0.065,,,,,,55.9,
68714,27/05/2025,MC,TIPAN UMATAMBO SEGUNDO MARCO,LIBROS ECA 1 BGU,EDITORIAL,2000,3320,23744,1349.04,1385.37,0.11,61.45,92.17,,94.01,,337.9607865,2.831626506
68691,27/05/2025,ASS,BOKER TOV,CAJA MEDIANA,PUBLICOMERCIAL,3000,1536.37,,394.94,786.43,0.2,29.53,,,30.12,60 DIAS CREDITO,295.3425,1.960465253
68721,28/05/2025,MC,YUNNY RIVERA CUSME,REIMPRESION LIBRO CALIGRAFITO 7 PLUS egb,EDITORIAL,2000,3480,23742,1401.85,1532.93,0.114,66.25,,,101.36,,377.6127765,2.912643678
68719,28/05/2025,BV,THAT BOOK,LIBRO Aventureros 1,EDITORIAL,1500,13391.49,,5763.62,4619.21,0.12,,1415.84,,176.98,90 DIAS CREDITO,1415.840455,1.321585574
68720,28/05/2025,BV,EDICIONES HOLGUIN S.A.,BROCHURE,PUBLICOMERCIAL,250,615,,256.2,258.93,0.12,11.71,,,17.91,90 DIAS CREDITO,70.245,2.912195122
68722,28/05/2025,CTAG,SALAZAR-EDITORES S.A.S.,libros pre escritura,EDITORIAL,1000,2526.63,,1160.23,1193,0.05,,24.77,,24.77,60 DIAS CREDITO,123.8542105,0.980357235
68723,28/05/2025,MC,TRAMA DISENO,LIBRO Desde el Color - Cristobal Gonzalez Guzman,EDITORIAL,1000,9500,,4552.02,2889.83,0.185,182.62,,,186.27,90 DIAS CREDITO,1689.254294,1.960736842
68726,29/05/2025,MC,TIPAN UMATAMBO SEGUNDO MARCO,LIBROS ECA 2 BGU,EDITORIAL,2000,3320,23745,1349.04,1385.37,0.11,61.45,92.17,,94.01,,337.9607865,2.831626506
68724,29/05/2025,MC,YUNNY RIVERA CUSME,REIMPRESION LIBROS I KNOW 10,PUBLICOMERCIAL,1000,2200,23746,708.16,1092.6,0.1155,40.72,61.08,,62.3,,235.1472923,2.831818182
68725,29/05/2025,ASS,PROGRAMA MUNDIAL DE ALIMENTOS,BROCHURE DE ALIMENTACIÓN ESCOLAR,PUBLICOMERCIAL,100,394.79,,188.53,152.99,0.1,7.59,,,7.74,30 DIAS CREDITO,37.94666667,1.960535981
68727,29/05/2025,ASS,Evelyn Orellana,CUADERNOS,PUBLICOMERCIAL,250,1372.71,,351.9,758.71,0.15,26.13,,,39.98,POR COTIZAR,195.99,2.912486978
68728,29/05/2025,BV,AUQUILLA FREIRE DIEGO SEBASTIAN,CUADERNOS PUCE,PUBLICOMERCIAL,3000,5910,,2760.38,1964.92,0.16,112.51,,,172.14,60 DIAS CREDITO,900.0571429,2.912690355
68729,29/05/2025,MC,TRAMA DISENO,LIBRO Desde el Color - Cristobal Gonzalez Guzman,EDITORIAL,1000,9960,,4824.58,2929.75,0.19,191.46,,,195.29,CONTADO,1818.916914,1.960742972
68730,29/05/2025,CTAG,NGK,FLYER INFORMATIVO,PUBLICOMERCIAL,1000,560,,157.98,139.52,0.45,10.82,,,8.28,30 DIAS CREDITO,243.4090909,1.478571429
68733,30/05/2025,ASS,OTECEL S.A.,REIMPRESIÓN cuadernos TUENTI - PUBLI35,PUBLICOMERCIAL,1000,3300,23771,1402.8,847.76,0.27,61.66,92.49,,62.89,,832.3989041,1.905757576
68731,30/05/2025,MC,SANCHEZ CARRASCO PAUL VICENTE,REIMPRESIÍON LIBROS civica 2 - 10,EDITORIAL,1500,2475,,880.56,1200.05,0.1,46.24,46.24,,70.74,45 DIAS CREDITO,231.1788889,2.858181818
68732,30/05/2025,ASS,OTECEL S.A.,BOLSA DE PAPEL TUENTI,EMPAQUE,500,841.5,,335.07,260.11,0.25,15.87,15.87,,16.19,60 DIAS CREDITO,198.3933333,1.923945336
68734,30/05/2025,BV,HH GLOBAL,Vademécum Lady Care,PUBLICOMERCIAL,10000,2990,,989.74,1054.83,0.17,49.27,,402.02,75.38,POR COTIZAR,418.7673494,2.521070234
68735,02/06/2025,ASS,AGLOMERADOS COTOPAXI S.A,adhesivos pegados en tablillas,PUBLICOMERCIAL,30160,2100,23747,767.69,907.63,0.17,40.37,,,41.18,,343.1378313,1.960952381
68738,02/06/2025,ASS,AGLOMERADOS COTOPAXI S.A,flyer y adhesivos para tablila,PUBLICOMERCIAL,1000,495,23748,213.04,150.93,0.235,9.52,,,9.71,,111.8077778,1.961616162
68739,02/06/2025,CTAG,FEDERACION DE CHOFERES,REIMPRESIÓN MANUAL CAPACITACION TIPO E,EDITORIAL,1000,4630,23749,1424.14,2397.39,0.1,84.92,212.31,,86.62,,424.6144444,1.870842333
68743,02/06/2025,MC,TIPAN UMATAMBO SEGUNDO MARCO,libros OVERCOME YOUR ENGLISH 1,EDITORIAL,2000,3500,23750,1533.8,1294.55,0.13,65.02,84.53,,99.48,,422.6270115,2.842285714
68744,02/06/2025,MC,TIPAN UMATAMBO SEGUNDO MARCO,libros OVERCOME YOUR ENGLISH 2,EDITORIAL,2000,3500,23751,1533.8,1294.55,0.13,65.02,84.53,,99.48,,422.6270115,2.842285714
68745,02/06/2025,MC,TIPAN UMATAMBO SEGUNDO MARCO,LIBROS OVERCOME YOUR ENGLISH 3,EDITORIAL,2000,3500,23752,1534.19,1408.08,0.1,65.38,65.38,,100.04,,326.9188889,2.858285714
68746,02/06/2025,MC,TIPAN UMATAMBO SEGUNDO MARCO,LIBROS OVERCOME YOUR ENGLISH 4,EDITORIAL,2000,3500,23753,1534.19,1408.08,0.1,65.38,65.38,,100.04,,326.9188889,2.858285714
68747,02/06/2025,MC,TIPAN UMATAMBO SEGUNDO MARCO,LIBROS OVERCOME YOUR ENGLISH 5,EDITORIAL,2000,3500,23754,1534.19,1408.08,0.1,65.38,65.38,,100.04,,326.9188889,2.858285714
68748,02/06/2025,MC,TIPAN UMATAMBO SEGUNDO MARCO,LIBROS OVERCOME YOUR ENGLISH 6,EDITORIAL,2000,3500,23755,1593.27,1443.32,0.08,66.01,66.01,,67.33,,264.0513043,1.923714286
68749,02/06/2025,MC,TIPAN UMATAMBO SEGUNDO MARCO,LIBROS OVERCOME YOUR ENGLISH 7,EDITORIAL,2000,3500,23756,1593.27,1443.32,0.08,66.01,66.01,,67.33,,264.0513043,1.923714286
68750,02/06/2025,MC,TIPAN UMATAMBO SEGUNDO MARCO,LIBROS OVERCOME YOUR ENGLISH 8,EDITORIAL,2000,3760,23757,1577.5,1583.34,0.1,70.24,70.24,,107.47,,351.2044444,2.858244681
68751,02/06/2025,MC,TIPAN UMATAMBO SEGUNDO MARCO,LIBROS OVERCOME YOUR ENGLISH 9,EDITORIAL,2000,3760,23758,1577.5,1583.34,0.1,70.24,70.24,,107.47,,351.2044444,2.858244681
68752,02/06/2025,MC,TIPAN UMATAMBO SEGUNDO MARCO,LIBROS OVERCOME YOUR ENGLISH 10,EDITORIAL,2000,3760,23759,1577.5,1583.34,0.1,70.24,70.24,,107.47,,351.2044444,2.858244681
68737,02/06/2025,MC,TIPAN UMATAMBO SEGUNDO MARCO,CARPETAS,PUBLICOMERCIAL,500,283,23760,135.99,147.01,0,,,,,,0,
68740,02/06/2025,ASS,AGLOMERADOS COTOPAXI S.A,flyer para tablila,PUBLICOMERCIAL,1000,315,23764,95.6,131.48,0.25,6.06,,,6.18,,75.69333333,1.961904762
68736,02/06/2025,MC,YUNNY RIVERA CUSME,reimpresión BRING UP ENGLISH STUDENT`S BOOK 10 EGB,EDITORIAL,2000,3158.68,,1144.84,1561.05,0.1,60.13,,,92,30 DIAS CREDITO,300.6544444,2.912609065
68741,02/06/2025,ASS,GRUPO TRANSBEL,CARTILLA A6,PUBLICOMERCIAL,33500,660,,349.85,179.19,0.15,12.45,12.45,,12.7,POR COTIZAR,93.36,1.924242424
68759,03/06/2025,BV,AUQUILLA FREIRE DIEGO SEBASTIAN,CUADERNOS PUCE,PUBLICOMERCIAL,1000,2552,23761,1101.61,841.66,0.2,48.58,,,74.33,,485.8175,2.912617555
68760,03/06/2025,MC,YUNNY RIVERA CUSME,REIMPRESIÓN LIBRO “I KNOW 1” LITTLE ONES,PUBLICOMERCIAL,2000,2800,23762,1081.31,1270.69,0.1175,53.3,,,81.55,,313.1558074,2.9125
68763,03/06/2025,ASS,UMCO S.A.,REIMPRESIÓN SEPARADOR 64x45,PUBLICOMERCIAL,5000,438.5,23763,186.65,194.54,0.1,8.47,,,6.48,,42.35444444,1.477765108
68761,03/06/2025,MC,YUNNY RIVERA CUSME,REIMPRESION LIBROS I KNOW 8,PUBLICOMERCIAL,1000,2200,23765,708.16,1092.72,0.14,41.88,,,64.08,,293.1665116,2.912727273
68754,03/06/2025,CTAG,CAAMAÑO MORILLO DAVID ALEJANDRO,REVISTA,PUBLICOMERCIAL,500,1773,23797,698.32,716.13,0.17,34.08,,,34.76,,289.7066265,1.960518895
68753,03/06/2025,ASS,EMPRESA OPERADORA METRO DE MEDELLIN TRANSDEV EOMMT S.A.S.,TRÍPICOS A4,PUBLICOMERCIAL,100,269.13,,85.5,147.32,0.1,5.17,,,5.28,,25.86888889,1.96187716
68755,03/06/2025,MC,TIPAN UMATAMBO SEGUNDO MARCO,EL MUNDO DE LETRITAS IMPRENTA 2,PUBLICOMERCIAL,2000,5100,,2269.92,2233.51,0.0813,98.04,,,100,90 DIAS CREDITO,398.5292903,1.960784314
68756,03/06/2025,MC,TIPAN UMATAMBO SEGUNDO MARCO,LIBRO sueños de mar y sol inicial 2,PUBLICOMERCIAL,2000,16600,,6926.08,5730.11,0.199,316.01,,,483.5,90 DIAS CREDITO,3144.296891,2.912650602
68757,03/06/2025,MC,TIPAN UMATAMBO SEGUNDO MARCO,LIBROS mis huellitas preparatoria 1,PUBLICOMERCIAL,2000,18900.01,,8045.56,6670.03,0.182,359.79,,,550.49,POR COTIZAR,3274.128826,2.912643962
68758,03/06/2025,ASS,ATEDUCA CIA. LTDA.,AFICHES 10 MOTIVOS,PUBLICOMERCIAL,1200,2445,,1172.42,472.62,0.3,47,,,47.94,,705.0171429,1.960736196
68765,03/06/2025,MC,TRAMA DISENO,LIBRO Atlas Latan arquitectura,EDITORIAL,500,10900,,4861.66,3645.86,0.18,207.5,,,317.48,45 DIAS CREDITO,1867.50439,2.91266055
68768,04/06/2025,CTAG,SILVA VILEMA WILSON RODRIGO,Folleto Política de Género,EDITORIAL,455,5185,23766,2491.87,1135.08,0.29,,,,76.63,,1481.430282,1.477917068
68770,04/06/2025,MC,SANCHEZ CARRASCO PAUL VICENTE,LIBROS RINCONES MÁGICOS EDUCACIÓN INICIAL 3 a 4 años,EDITORIAL,1500,12063.21,23768,5336.92,4486.91,0.12,223.27,334.9,,341.6,,1339.613182,2.831750421
68769,04/06/2025,MC,YUNNY RIVERA CUSME,REIMPRESIÓN LIBRO CALIGRAFITO 7,EDITORIAL,500,2250,23769,506.52,1242.51,0.16,41.64,62.47,,63.71,,333.1485714,2.831555556
68771,04/06/2025,BV,THATBOOK S.A.S. B.I.C.,LIBROS grandes artistas plus 7,EDITORIAL,500,2230,23781,775.88,878.17,0.195,41.09,102.74,,31.44,,400.6704969,1.409865471
68766,04/06/2025,ASS,GRUPO TRANSBEL,Metodología,PUBLICOMERCIAL,1500,920.13,,380.56,400.39,0.1,17.35,17.35,,17.7,POR COTIZAR,86.77222222,1.923641225
68767,04/06/2025,MC,CARRERA MIRIAN SUSANA,FOLLETOS,PUBLICOMERCIAL,500,2050,,843.37,912.77,0.1,39.03,,,59.71,,195.1266667,2.912682927
68773,05/06/2025,BV,HINODE ECUADOR CIA.LTDA.,CATÁLOGO HINODE - CLICLO 04,PUBLICOMERCIAL,800,1350,23796,545.45,482.54,0.2,25.7,,,39.32,,256.9975,2.912592593
68764,05/06/2025,ASS,CAMARA DE INDUSTRIAS Y COMERCIO ECUATORIANO-BRITANICA,revista institucional LINKS edición 82,PUBLICOMERCIAL,500,1985.19,,834.6,692.11,0.1845,37.44,37.44,,38.19,30 DIAS CREDITO,345.4052667,1.923745334
68772,05/06/2025,BV,THAT BOOK´S,LIBROS 6 titulos,EDITORIAL,1500,3287.76,,1409.01,1548.41,0.06,,94.39,,47.19,,188.7714894,1.435323746
68774,05/06/2025,BV,JABONERIA WILSON S.A.,juego de hojas 18 motivos,PUBLICOMERCIAL,20,490,,174.53,238.61,0.14,,,,9.61,60 DIAS CREDITO,67.25534884,1.96122449
68775,06/06/2025,MC,YUNNY RIVERA CUSME,LIBRO CALIGRAFITO 4,EDITORIAL,500,2250,23770,885.06,1179.56,0.05,43.47,,,33.25,,108.6642105,1.477777778
68778,06/06/2025,ASS,AGLOMERADOS COTOPAXI S.A,CARTA PRESENTACIÓN,PUBLICOMERCIAL,30,60,23772,20.81,32.14,0.1,,,,1.18,,5.883333333,1.966666667
68777,06/06/2025,ASS,AGLOMERADOS COTOPAXI S.A,flyer y adhesivos para tablila,PUBLICOMERCIAL,243,140,23773,53.35,54.3,0.2,2.69,,,2.75,,26.9125,1.964285714
68782,06/06/2025,MC,SANCHEZ CARRASCO PAUL VICENTE,REIMPRESION LIBROS CIVICA Y ACOMPÑAMIENTO INTEGRAL 5,EDITORIAL,1500,2475,23774,880.56,1200.05,0.1,46.24,46.24,,70.74,,231.1788889,2.858181818
68783,06/06/2025,MC,SANCHEZ CARRASCO PAUL VICENTE,REIMPRESION LIBROS CIVICA Y ACOMPÑAMIENTO INTEGRAL 6,EDITORIAL,1500,2475,23775,880.56,1200.05,0.1,46.24,46.24,,70.74,,231.1788889,2.858181818
68784,06/06/2025,MC,SANCHEZ CARRASCO PAUL VICENTE,REIMPRESION LIBROS CIVICA Y ACOMPÑAMIENTO INTEGRAL 7,EDITORIAL,1500,2475,23776,880.56,1200.05,0.1,46.24,46.24,,70.74,,231.1788889,2.858181818
68780,06/06/2025,ASS,OTECEL S.A.,cuadernos - portadas 3 modelos - PUBLI31,PUBLICOMERCIAL,1000,2664,23777,1024.07,1010.87,0.19,50.25,50.25,,51.25,,477.3316049,1.923798799
68776,06/06/2025,MC,YUNNY RIVERA CUSME,BRING UP ENGLISH STUDENT`S BOOK 2 BGU,EDITORIAL,2000,3920,,1663.96,1574.72,0.132,74.62,,,114.17,30 DIAS CREDITO,492.5181567,2.9125
68779,06/06/2025,ASS,MUNACAO,CAJA CHOCOLATE RECTANGULAR,EMPAQUE,30000,2100,,1178.07,436.69,0.2,40.37,,,41.18,,403.69,1.960952381
68781,06/06/2025,ASS,MUNACAO,CAJA CHOCOLATE TRIANGULAR,EMPAQUE,20000,2055.05,,1230.08,233.58,0.259,39.5,,,40.3,,511.5896626,1.961022846
68785,09/06/2025,MC,YUNNY RIVERA CUSME,reimpresión LIBRO ECA 1 - crearte,EDITORIAL,2000,3900.01,23778,1491.38,1641.45,0.14,72.86,72.86,,111.47,,509.9955814,2.858197799
68789,09/06/2025,ASS,OTECEL S.A.,VOLANTE POS PAGO,PUBLICOMERCIAL,106000,1908,23779,884.68,387.32,0.3,,54.51,,36.34,,545.1428571,1.904612159
68790,09/06/2025,ASS,OTECEL S.A.,COLGANTES MOVISTAR - CARPLE212,PUBLICOMERCIAL,1304,2370.67,23780,1002.42,555.45,0.31,,67.73,,45.16,,699.9126087,1.904946703
68787,09/06/2025,BV,JABONERIA WILSON S.A.,AFICHES LAVA Y GOL 2 motivos,PUBLICOMERCIAL,12000,3480.01,,2065.17,253.51,0.3,66.25,,,101.36,60 DIAS CREDITO,993.72,2.912635309
68788,09/06/2025,BV,JABONERIA WILSON S.A.,AFICHES LAVA UVA Y GOL FAMILIA 2 MODELOS,PUBLICOMERCIAL,8000,960,,494.96,200.49,0.25,18.55,,,14.19,60 DIAS CREDITO,231.8166667,1.478125
68791,09/06/2025,ASS,INTRIAGO FRAY OSCAR PASTOR,REIMPRESIÓN LIBROS primaria,EDITORIAL,1150,2180.79,,935.77,951.45,0.1,,41.94,,41.94,150 DIAS CREDITO,209.6911111,1.923156287
68792,09/06/2025,BV,JABONERIA WILSON S.A.,ROMPETRÁFICOS LAVA / GOL Y lava / macho 2 MODELOS,PUBLICOMERCIAL,8800,4480.02,,2363.72,804.62,0.257,85.29,,,130.49,60 DIAS CREDITO,1095.913028,2.912710211
68793,09/06/2025,BV,JABONERIA WILSON S.A.,MARCAPRECIOS LAVA GRANADA 400 Y 900G 2 MODELOS,PUBLICOMERCIAL,36000,625,,321.09,154.83,0.2,11.9,,,18.2,60 DIAS CREDITO,118.98,2.912
68795,09/06/2025,CTAG,RESIFLEX,CATÁLOGO,PUBLICOMERCIAL,200,1070,,422.88,442.82,0.15,20.37,,,31.17,,152.7705882,2.913084112
68799,10/06/2025,BV,THATBOOK S.A.S. B.I.C.,LIBROS grandes artistas plus 10,EDITORIAL,500,2230,23782,775.88,878.17,0.195,41.09,102.74,,31.44,,400.6704969,1.409865471
68798,10/06/2025,MC,TIPAN UMATAMBO SEGUNDO MARCO,REIMPRESIÓN LIBRO AVENTURAS DE ESCRIBIR PLUS 3,PUBLICOMERCIAL,2000,3300,23783,1088.99,1619.5,0.13,,93.4,,93.4,,404.7168966,2.83030303
68802,10/06/2025,ASS,INTRIAGO FRAY OSCAR PASTOR,REIMPRESIÓN libros EXPRESS ARTE 2,EDITORIAL,1150,2334.5,23784,894.58,1217.58,0.05,,66.7,,44.47,,111.1663158,1.904904691
68803,10/06/2025,ASS,INTRIAGO FRAY OSCAR PASTOR,REIMPRESIÓN libros EXPRESS ARTE 3,EDITORIAL,1150,2334.5,23785,901.06,1144.4,0.08,,66.7,,44.47,,177.866087,1.904904691
68804,10/06/2025,ASS,INTRIAGO FRAY OSCAR PASTOR,REIMPRESIÓN libros EXPRESS ARTE 4,EDITORIAL,1150,2116,23786,814.82,1039.19,0.08,,60.46,,40.3,,161.2182609,1.904536862
68805,10/06/2025,ASS,INTRIAGO FRAY OSCAR PASTOR,REIMPRESIÓN libros EXPRESS ARTE 5,EDITORIAL,1150,2116,23787,813.56,1100.91,0.05,,60.46,,40.3,,100.7615789,1.904536862
68806,10/06/2025,ASS,INTRIAGO FRAY OSCAR PASTOR,REIMPRESIÓN libros EXPRESS ARTE 6,EDITORIAL,1150,2116,23788,765.91,1047.8,0.1,,60.46,,40.3,,201.5233333,1.904536862
68807,10/06/2025,ASS,INTRIAGO FRAY OSCAR PASTOR,REIMPRESIÓN LIBROS EXPRESS ARTE 7,EDITORIAL,1150,2116,23789,765.91,1047.8,0.1,,60.46,,40.3,,201.5233333,1.904536862
68808,10/06/2025,MC,SANCHEZ CARRASCO PAUL VICENTE,REIMPRESION LIBROS CIVICA Y ACOMPÑAMIENTO INTEGRAL 2,EDITORIAL,1500,2475,23790,880.56,1200.05,0.1,46.24,46.24,,70.74,,231.1788889,2.858181818
68809,10/06/2025,MC,SANCHEZ CARRASCO PAUL VICENTE,REIMPRESION LIBROS CIVICA Y ACOMPÑAMIENTO INTEGRAL 3,EDITORIAL,1500,2475,23791,880.56,1200.05,0.1,46.24,46.24,,70.74,,231.1788889,2.858181818
68810,10/06/2025,MC,SANCHEZ CARRASCO PAUL VICENTE,REIMPRESION LIBROS CIVICA Y ACOMPÑAMIENTO INTEGRAL 4,EDITORIAL,1500,2475,23792,880.56,1200.05,0.1,46.24,46.24,,70.74,,231.1788889,2.858181818
68797,10/06/2025,MC,ASOCIACION DE FOTOGRAFOS ECUATORIANOS,Directorio # 6,EDITORIAL,500,4650.01,,1906.36,1501.7,0.23,88.52,,,135.44,"50% ANTICIPO, SALDO CONTRA ENTREGA",1017.991948,2.912681908
68800,10/06/2025,MC,TIPAN UMATAMBO SEGUNDO MARCO,LIBRO AVENTURAS DE SAN JUAN BOSCO,EDITORIAL,1500,4470,,1890.84,2292.91,0.05,,,,66.06,90 DIAS CREDITO,220.1973684,1.477852349
68801,10/06/2025,ASS,ATEDUCA CIA. LTDA.,AFICHES 6 MOTIVOS,PUBLICOMERCIAL,1200,3199.14,,1550.42,602.02,0.3,61.5,,,62.73,,922.4742857,1.960839476
68811,10/06/2025,BV,EDICIONEL HOLGUIN,LIBROS BÁSICA Y BACHILLERATO,EDITORIAL,1000,3957.92,,1756.95,1916.91,0.03,,113.62,,56.81,,113.6245361,1.435349881
68816,11/06/2025,ASS,AGLOMERADOS COTOPAXI S.A,ETIQUETAS ADHESIVAS,PUBLICOMERCIAL,600,96,23793,72.04,1.78,0.2,1.85,,,1.88,,18.455,1.958333333
68817,11/06/2025,MC,TIPAN UMATAMBO SEGUNDO MARCO,EL MUNDO DE LETRITAS IMPRENTA 2 - ALUMNO Y DOCENTE,PUBLICOMERCIAL,2000,5500,23798,2506.38,2357.14,0.08,105.73,,,107.84,,422.9147826,1.960727273
68812,11/06/2025,CTAG,GRÁFICAS GL,REVISTAS A4,PUBLICOMERCIAL,400,1820,,785,701.93,0.15,34.99,,,35.69,"50% ANTICIPO, SALDO CONTRA ENTREGA",262.3994118,1.960989011
68813,11/06/2025,CTAG,MÓNICA ALMEIDA,LIBRO A5,EDITORIAL,1000,2160,,839.25,925.45,0.15,41.52,,,42.35,,311.4176471,1.960648148
68814,11/06/2025,CTAG,MÓNICA ALMEIDA,LIBRO A4,EDITORIAL,1000,2430,,944.61,1040.68,0.15,46.71,,,47.65,,350.3452941,1.96090535
68815,11/06/2025,ASS,SANTILLANA S.A.,BROCHURE IPA,PUBLICOMERCIAL,300,315,,139.95,141.94,0.0425,,14.72,,5.89,120 DIAS CREDITO,12.51208877,1.86984127
68818,12/06/2025,ASS,OTECEL S.A.,REIMPRESIÓN SLEEVES para caja LISTO PACK - CAYFO335,PUBLICOMERCIAL,600,594,23795,214.72,193.16,0.265,11.1,16.65,,11.32,,147.0587755,1.905723906
68819,12/06/2025,ASS,SANTILLANA S.A.,Catálogo LOQUELEO,PUBLICOMERCIAL,200,2708.49,,1159.18,1291.36,0.05,,77.39,,51.59,,128.9757895,1.904751356
68820,13/06/2025,MC,YUNNY RIVERA CUSME,REIMPRESIÓN LIBRO CALIGRAFITOS PLUS 3 EGB,EDITORIAL,2000,3480,23794,1321.68,1583.28,0.123,66.25,,,101.36,,407.4231243,2.912643678
68821,13/06/2025,ASS,AGLOMERADOS COTOPAXI S.A,FLYERS A5,PUBLICOMERCIAL,2500,200,,71.88,93.44,0.14,3.84,,,3.92,POR COTIZAR,26.91255814,1.96
68822,13/06/2025,ASS,AGLOMERADOS COTOPAXI S.A,catalogo molduras 18x14,PUBLICOMERCIAL,500,625,,207.25,264.33,0.215,12.01,,,12.25,60 DIAS CREDITO,129.1588535,1.96
68825,16/06/2025,BV,CABASCANGO PROAÑO SONIA GERMANIA,REIMPRESIÓN INFORMATIVO,PUBLICOMERCIAL,5000,187.5,23799,80.66,72.83,0.14,3.57,,,5.46,,24.98674419,2.912
68823,16/06/2025,MC,TIPAN UMATAMBO SEGUNDO MARCO,REIMPRESION LIBRO INICAL 2 aprendiendo con andresito,PUBLICOMERCIAL,1000,8950,23801,2806.79,4366.04,0.15,168.77,84.39,,258.22,,1265.793529,2.885139665
68827,17/06/2025,MC,TANIA VILLEGAS,PUBLICACIÓN MIRA MATAJE,PUBLICOMERCIAL,1000,2440,23800,1051.65,992.14,0.12,46.45,,,71.07,,278.6986364,2.912704918
68826,17/06/2025,CTAG,RED DE INTEGRACION ECUATORIANA DE COOPERATIVAS DE AHORRO Y CREDITO,REVISTA ICORED,PUBLICOMERCIAL,2000,2100,23812,993.85,613.12,0.2,60.26,,,31.03,,401.7425,1.477619048
68828,17/06/2025,CTAG,MARIANA REYES TIPAN,LIBRO AÑORANZA DE MI TIERRA - SANTA ELENA,EDITORIAL,500,1925,,870.24,803.18,0.1,37.19,,,28.45,,185.9355556,1.477922078
68834,18/06/2025,CTAG,COMERCIAL EL ARBOLITO CIA. LTDA,REIMPRESIÓN INDIVIDUALES 2 MOTIVOS,PUBLICOMERCIAL,20000,625,23802,234.84,255.38,0.18,17.93,,,9.24,,107.6092683,1.4784
68830,18/06/2025,MC,TIPAN UMATAMBO SEGUNDO MARCO,REIMPRESIÓN aventuritas y letritas 2 CUADERNO DE TRABAJO,PUBLICOMERCIAL,1500,3756,23804,1324.02,1997.32,0.08,72.2,,,73.65,,288.8121739,1.96086262
68824,18/06/2025,BV,NATURES SUNSHINE PRODUCTS DEL ECUADOR S.A.,LIBRETAS APUNTES VIAJE,PUBLICOMERCIAL,70,343.01,,87.06,206.78,0.1,6.53,,,9.99,POR COTIZAR,32.64888889,2.912451532
68829,18/06/2025,CTAG,MARIANA REYES TIPAN,LIBRO PASTA DURA AÑORANZA DE MI TIERRA - SANTA ELENA,EDITORIAL,500,2677.41,,1327.87,782.4,0.2,,,,39.57,"50% ANTICIPO, SALDO CONTRA ENTREGA",527.5675,1.477920826
68831,18/06/2025,BV,OMNILIFE DEL ECUADOR S.A.,FLYER HOJAS TMK,PUBLICOMERCIAL,10000,565,,244.97,212.15,0.15,10.76,,,16.46,30 DIAS CREDITO,80.66823529,2.913274336
68832,18/06/2025,ASS,SANTILLANA S.A.,LIBRETA A6 ANILLADA,PUBLICOMERCIAL,3000,1681.53,,863.53,689.88,0.03,,48.04,,32.03,120 DIAS CREDITO,48.04360825,1.904812879
68833,18/06/2025,ASS,SANTILLANA S.A.,CUADERNO GRAPADO A5,PUBLICOMERCIAL,3000,1135.65,,634.34,414.79,0.03,,32.45,,21.63,120 DIAS CREDITO,32.44731959,1.904636111
68839,19/06/2025,CTAG,SILVA VILEMA WILSON RODRIGO,PERIÓDICO EL MISIONERO edi. 1071,PUBLICOMERCIAL,1000,650,23803,238,292.09,0.16,18.93,,,,,100.9695238,
68842,19/06/2025,MC,YUNNY RIVERA CUSME,reimpresión LIBROS caligrafitos 8,EDITORIAL,1500,2739,23805,950.67,1344.88,0.12,,52.17,,78.26,,313.0295455,2.857247171
68835,19/06/2025,CTAG,MEGAPUBLISHER S.A.S,libros apaisados 12 titulos,EDITORIAL,1000,2366.58,,940.13,1170.9,0.05,,111.11,,33.33,90 DIAS CREDITO,111.1068421,1.408361433
68836,19/06/2025,CTAG,MEGAPUBLISHER S.A.S,libros regulares 12 titulos,EDITORIAL,1000,2265.65,,916.06,1104.94,0.05,,106.37,,31.91,90 DIAS CREDITO,106.3684211,1.408425838
68837,19/06/2025,CTAG,MEGAPUBLISHER S.A.S,libros INICIALES 2 TITULOS,EDITORIAL,2000,21829.73,,10932.52,8540,0.05,,1024.87,,307.46,90 DIAS CREDITO,1024.869474,1.408446188
68838,19/06/2025,CTAG,MEGAPUBLISHER S.A.S,libros PREPARATORIA 2 TITULOS,EDITORIAL,2000,11357.85,,5625.93,4505.49,0.05,,533.23,,159.97,90 DIAS CREDITO,533.2326316,1.408453184
68840,19/06/2025,BV,GUEVARA MARITZA,REVISTA BUEN VIAJE # 171,PUBLICOMERCIAL,1600,2064,,813.17,768.32,0.195,39.29,,,60.12,"50% ANTICIPO, SALDO CONTRA ENTREGA",383.0938509,2.912790698
68841,19/06/2025,ASS,MUNACAO,CAJA CHOCOLATE 30gr,EMPAQUE,30000,2420,,1379.41,248.82,0.3,46.52,,,47.45,,697.8128571,1.960743802
68843,20/06/2025,BV,GUEVARA FANNY MARITZA,REVISTA BUEN VIAJE # 171,PUBLICOMERCIAL,1600,2272,23806,961.45,768.61,0.2,43.25,,,66.17,,432.515,2.912411972
68844,20/06/2025,MC,BIENES Y SERVICIOS BSOAS S.A.S.,LIBROS TEXTOS ESCOLARES,EDITORIAL,1000,5033.93,,2321.29,2219.11,0.08,,,,98.7,30 DIAS CREDITO,394.8173913,1.960694726
68845,23/06/2025,ASS,AGLOMERADOS COTOPAXI S.A,ADHESIVO 12X15,PUBLICOMERCIAL,800,360,,154.04,122.78,0.2,6.92,,,7.06,POR COTIZAR,69.205,1.961111111
68851,24/06/2025,MC,YUNNY RIVERA CUSME,REIMPRESIÓN LIBRO CALIGRAFITOS 3,PUBLICOMERCIAL,500,2250,23807,517.14,1211.07,0.17,41.64,62.47,,63.71,,353.9707229,2.831555556
68855,24/06/2025,CTAG,MANOSALVAS MARTINEZ JANETH,REVISTA 8 pg,PUBLICOMERCIAL,1000,425,23810,220.62,179.13,0.05,4.21,,,,,21.03947368,
68856,24/06/2025,BV,NATURES SUNSHINE PRODUCTS DEL ECUADOR S.A.,TARJETAS,PUBLICOMERCIAL,70,32,23814,21.93,2.44,0.2,0.61,,,0.93,,6.0925,2.90625
68705,24/06/2025,ASS,EMPRESA OPERADORA METRO DE MEDELLIN TRANSDEV EOMMT S.A.S.,CARTILLA PLEGABLE CON BOLSILLOS - 4 cuerpos,PUBLICOMERCIAL,20000,9967.25,,4501.7,1621.59,0.33,274.18,365.57,,188.27,POR COTIZAR,3015.948806,1.888886102
68713,24/06/2025,MC,TIPAN UMATAMBO SEGUNDO MARCO,libros de ingles del 1 al 10 - 90GR,EDITORIAL,2000,3996.86,,1768.87,1560,0.1,73.97,110.96,,113.18,90 DIAS CREDITO,369.8744444,2.831722902
68786,24/06/2025,MC,TIPAN UMATAMBO SEGUNDO MARCO,LIBRO AVENTURAS DE SAN JUAN BOSCO,EDITORIAL,1500,3495.79,,1631.38,1196.94,0.15,66.55,,,101.82,90 DIAS CREDITO,499.1152941,2.912646355
68796,24/06/2025,CTAG,RESIFLEX,CATÁLOGO,PUBLICOMERCIAL,200,1273.01,,521.46,508.48,0.15,24.23,,,37.08,,181.7541176,2.912781518
68846,24/06/2025,BV,GRUPO TRANSBEL S.A,DIPLOMAS CLUB DE SOCIAS A5 C10 - C11,PUBLICOMERCIAL,100,165,,73.88,67.47,0.1,3.14,,,4.81,90 DIAS CREDITO,15.70555556,2.915151515
68847,24/06/2025,BV,EDICIONES HOLGUIN S.A.,Inicial 1 de 3 a 4 años,EDITORIAL,1000,11109.2,,4787.79,4779.94,0.1,,318.92,,159.46,POR COTIZAR,1063.081111,1.435386887
68848,24/06/2025,BV,EDICIONES HOLGUIN S.A.,Inicial 2 de 4 a 5 años,EDITORIAL,1000,13922.31,,6033.63,5956.88,0.1,,399.68,,199.84,60 DIAS CREDITO,1332.278889,1.435393983
68849,24/06/2025,BV,EDICIONES HOLGUIN S.A.,PREPARATORIA 1ER EGB 5 AÑOS,EDITORIAL,1000,20686.32,,8835.23,8646.17,0.1,,971.19,,291.36,60 DIAS CREDITO,1942.377778,1.408467045
68850,24/06/2025,MC,,CUBRE CUBIERTA,PUBLICOMERCIAL,350,665,,303.55,171.17,0.25,12.66,,,19.37,,158.24,2.912781955
68852,24/06/2025,MC,STUDIO593 EDITORIAL Y COMUNICACIÓN S.A.S,LIBRO EL PESCADOR,EDITORIAL,500,925,,345.13,394.45,0.16,17.61,,,26.94,,140.872381,2.912432432
68854,24/06/2025,ASS,BFS ECUADOR S.A,FAJILLA,PUBLICOMERCIAL,500,380,,164.58,127.62,0.2,7.3,,,7.45,,73.05,1.960526316
68858,25/06/2025,CTAG,ALISERVIS S.A.,VOLANTES NACIONAL Julio $7.99 inc. IVA - 1 INGREDIENTE MEDIANA,PUBLICOMERCIAL,432775,4544.14,23809,2474.38,1322.29,0.135,87.78,,,67.15,,592.5438728,1.477727359
68859,25/06/2025,CTAG,CHAIDE Y CHAIDE S.A,REIMPRESION COD.512 ETIQUETA CHN LATEX,EMPAQUE,1000,1500,23811,274.12,131.56,0.72,28.98,,,22.17,,1043.177143,1.478
68857,25/06/2025,CTAG,AGROCALIDAD,LIBRETIN,PUBLICOMERCIAL,2400,3432.3,,1307.33,1196.92,0.15,,441.93,,44.19,,441.9264706,1.287474871
68860,25/06/2025,CTAG,MANOSALVAS MARTINEZ JANETH,REVISTA 8 pg,PUBLICOMERCIAL,800,400,,204.32,171.91,0.05,3.96,,,,POR COTIZAR,19.80157895,
68864,26/06/2025,CTAG,AMC ECUADOR CIA.LTDA.,IMPRESIÓN PLIEGOS MYSTIC 60x45,PUBLICOMERCIAL,50000,680,23813,74.21,571.79,0.05,,,,,,34,
68861,26/06/2025,ASS,AGLOMERADOS COTOPAXI S.A,CAJA SANDUCHADA,EMPAQUE,200,750,,401.45,245.61,0.12,,,,14.71,60 DIAS CREDITO,88.23545455,1.961333333
68862,26/06/2025,CTAG,CASTILLO CEVALLOS SANTIAGO XAVIER,FOLLETO,PUBLICOMERCIAL,4000,755,,339.16,367.5,0.05,,,,11.16,"50% ANTICIPO, SALDO CONTRA ENTREGA",37.19263158,1.478145695
68863,26/06/2025,BV,JOSÉ MONGE,LIBRO EN RÚSTICA,PUBLICOMERCIAL,1000,1581.24,,667.08,812.9,0.05,,,,23.37,,77.89368421,1.477954011
68865,26/06/2025,CTAG,CASTILLO CEVALLOS SANTIAGO XAVIER,FOLLETO,PUBLICOMERCIAL,4000,695,,273.79,342.47,0.1,,,,10.27,POR COTIZAR,68.47333333,1.477697842
68869,27/06/2025,BV,BUSSINES MARKETING PUBLICIDAD CIA LTDA,SUPLEMENTO 4 DE JULIO,PUBLICOMERCIAL,5500,1340,23816,481.79,474.8,0.25,25.51,,,39.03,,318.8633333,2.912686567
68866,27/06/2025,BV,GRUPO TRANSBEL S.A,FOLLETO CDV C11 - C13,PUBLICOMERCIAL,6000,1050,,395.09,522.77,0.0865,,30.14,,15.07,90 DIAS CREDITO,86.91285167,1.435238095
68867,27/06/2025,MC,FLORES RUIZ JULIO OSWALDO,IMPRESION INTERIORES Y PORTADA,EDITORIAL,400,3150,,1300.42,1278.11,0.14,59.97,,,91.75,30 DIAS CREDITO,419.7606977,2.912698413
68868,27/06/2025,ASS,BOOKS & BITS ECUADOR S.A.,CARPETA,PUBLICOMERCIAL,1000,555,,289.2,185.57,0.11,10.67,,,10.88,15 DIAS CREDITO,58.6794382,1.96036036
68870,27/06/2025,BV,JOSÉ MONGE,LIBRO EN RÚSTICA,PUBLICOMERCIAL,1000,1575.01,,667.08,807.07,0.05,,,,23.28,,77.58684211,1.478085853
68871,30/06/2025,ASS,AGLOMERADOS COTOPAXI S.A,ADHESIVOS PEGADOS EN TABLILLAS A5,PUBLICOMERCIAL,30000,1950,23815,418.47,1263.89,0.12,,,,38.24,,229.4127273,1.961025641
68872,30/06/2025,MC,YUNNY  RIVERA  CUSME,CUADERNO PASTA DURA 2025 - LM EDICIONES,PUBLICOMERCIAL,500,2423.09,,810.21,1150.23,0.15,46.13,,,70.58,90 DIAS CREDITO,345.96,2.912809677
68875,01/07/2025,CTAG,CHAIDE Y CHAIDE S.A,REIMPRESIÓN - COD.63 ETIQUETA COLCHON BABY CHAIDE,PUBLICOMERCIAL,5000,750,23817,353.11,139.54,0.33,14.71,,,,CONTADO,242.6485075,
68873,01/07/2025,BV,GRUPO TRANSBEL S.A,KIT POSITIONING ABSOLUTE C10 - C11 a4 DÍPTICO,PUBLICOMERCIAL,50000,4685,,2728.78,633.66,0.25,,134.5,,67.25,90 DIAS CREDITO,1120.813333,1.435432231
68874,01/07/2025,BV,GRUPO TRANSBEL S.A,flyer a5,PUBLICOMERCIAL,50000,1370,,753.42,439.6,0.09,,39.33,,19.67,90 DIAS CREDITO,117.990989,1.435766423
68876,02/07/2025,BV,OMNILIFE DEL ECUADOR S.A.,REIMPRESIÓN Catálogos de Productos,PUBLICOMERCIAL,12000,8665,23818,5250.48,2859.61,0.05,,,,128.05,30 DIAS CREDITO,426.8468421,1.477784189
68878,02/07/2025,ASS,BOOKS & BITS ECUADOR S.A.,CARPETA,PUBLICOMERCIAL,1000,555,23819,289.2,185.57,0.11,10.67,,,10.88,15 DIAS CREDITO,58.6794382,1.96036036
68879,02/07/2025,BV,PRODUCTOS FAMILIA SANCELA DEL ECUADOR S.A.,AFICHES NATURAL Y CLÁSICA TAT,PUBLICOMERCIAL,25000,2190,23825,1144.71,397.83,0.26,41.69,,,63.79,POR COTIZAR,541.9735135,2.912785388
68882,02/07/2025,BV,PRODUCTOS FAMILIA SANCELA DEL ECUADOR S.A.,AFICHE NATURAL Y CLÁSICA MAP,PUBLICOMERCIAL,2000,660,23826,220.83,250.33,0.25,12.56,,,19.22,60 DIAS CREDITO,157.0533333,2.912121212
68880,02/07/2025,BV,PRODUCTOS FAMILIA SANCELA DEL ECUADOR S.A.,AFICHE de REJA natural y clásica TAT,PUBLICOMERCIAL,6000,2300,23828,1315.6,545.24,0.15,43.78,,,66.99,60 DIAS CREDITO,328.3835294,2.912608696
68881,02/07/2025,BV,PRODUCTOS FAMILIA SANCELA DEL ECUADOR S.A.,tacker natural y clásica tat (rompetráfico),PUBLICOMERCIAL,5000,1945,23829,1001.15,572.47,0.15,37.03,,,56.65,60 DIAS CREDITO,277.6976471,2.912596401
68884,02/07/2025,BV,PRODUCTOS FAMILIA SANCELA DEL ECUADOR S.A.,VIBRINES NATURAL Y CLÁSICA PRODUCTO Y FRASES MAP,PUBLICOMERCIAL,3000,585,23830,196.58,283.72,0.15,11.3,,,8.65,60 DIAS CREDITO,84.75882353,1.478632479
68877,02/07/2025,BV,GRUPO TRANSBEL S.A,FOLLETO CDV C11 - C13,PUBLICOMERCIAL,6000,1020,,367.37,524.27,0.0865,,29.28,,14.64,POR COTIZAR,84.43006021,1.435294118
68883,02/07/2025,BV,PRODUCTOS FAMILIA SANCELA DEL ECUADOR S.A.,ROMPETRÁFICO NATUAL Y CLÁSICA MAP,PUBLICOMERCIAL,60,430,,240.74,134.99,0.1,,,,12.52,60 DIAS CREDITO,41.74777778,2.911627907
68887,03/07/2025,CTAG,TELEVISION Y VENTAS TELEVENT SA,reimpresión DIPTICO INSTRUCTIVO BAJE DE PESO,PUBLICOMERCIAL,10000,295,23821,116.65,154.75,0.08,,,,,,23.6,
68885,03/07/2025,BV,H&H GLOBAL,AFICHES 2 MODELOS 10 MIL CADA UNO,PUBLICOMERCIAL,20000,3800,,2130.46,567.86,0.155,,,510.92,95.8,,494.9581065,2.521052632
68888,03/07/2025,CTAG,WORLD VISION,Agenda prevención embarazo 2025,PUBLICOMERCIAL,400,1160.38,,503.56,449.14,0.15,22.42,,,17.15,,168.1235294,1.477964115
68891,04/07/2025,ASS,OTECEL S.A.,IMPRESIÓN BOLETOS - AFI7.1,PUBLICOMERCIAL,1502,270.36,23824,63.48,138.59,0.2,5.05,7.58,,5.15,60 DIAS CREDITO,50.5175,1.904867584
68889,04/07/2025,MC,SANCHEZ CARRASCO PAUL VICENTE,CERTIFICADOS,PUBLICOMERCIAL,500,211.13,,91.49,99.53,0.05,,6.03,,4.02,60 DIAS CREDITO,10.05368421,1.904040165
68890,04/07/2025,BV,INDUSTRIAS ALES C.A,Cuaderno,PUBLICOMERCIAL,50,785.12,,175.28,448.06,0.15,14.67,14.67,,22.44,90 DIAS CREDITO,110.0011765,2.85816181
68892,04/07/2025,BV,EDICIONES HOLGUIN S.A.,LIBRO A5 donación,EDITORIAL,1000,1385,,589.37,694.11,0.05,13.51,,,20.47,POR COTIZAR,67.55157895,1.477978339
68894,07/07/2025,BV,CORPORACION SUPERIOR CORSUPERIOR S.A.,CATÁLOGO,PUBLICOMERCIAL,700,910,,401.33,393.82,0.1,,,,26.5,45 DIAS CREDITO,88.35,2.912087912
68895,07/07/2025,BV,INDUSTRIAS ALES C.A,DÍPTICOS,PUBLICOMERCIAL,500,196.75,,72.03,96.52,0.1,3.75,,,5.73,90 DIAS CREDITO,18.72777778,2.912325286
68896,07/07/2025,BV,INDUSTRIAS ALES C.A,FUNDAS LOGO,EMPAQUE,500,600,,255.04,258.95,0.1,11.42,,,17.48,90 DIAS CREDITO,57.11,2.913333333
68900,07/07/2025,MC,BIENES Y SERVICIOS BSOAS S.A.S.,LIBROS TEXTOS ESCOLARES,EDITORIAL,1000,4514.84,,2020.91,2204.81,0.05,,,,66.72,30 DIAS CREDITO,222.4063158,1.477793233
68901,08/07/2025,MC,TIPAN UMATAMBO SEGUNDO MARCO,REIMPRESIÓN LIBRO INICIAL 1 - ANDRESITO EXPLORADOR,EDITORIAL,2000,11200,23823,4006.47,4722.67,0.15,205.39,410.78,,314.25,90 DIAS CREDITO,1540.436471,2.805803571
68911,08/07/2025,CTAG,AMC ECUADOR CIA.LTDA.,REIMPRESIÓN PLIEGOS NINA FLOWERS FLORES 60X90,PUBLICOMERCIAL,50000,860,23827,89.45,714.65,0.065,,,,,30 DIAS CREDITO,55.9,
68905,08/07/2025,BV,PRODUCTOS FAMILIA SANCELA DEL ECUADOR S.A.,TEND CARD,PUBLICOMERCIAL,500,340,23831,137.92,153.34,0.1,6.47,,,9.9,60 DIAS CREDITO,32.36222222,2.911764706
68908,08/07/2025,BV,PRODUCTOS FAMILIA SANCELA DEL ECUADOR S.A.,CENEFA RANGE,PUBLICOMERCIAL,5000,245,23832,115.35,94.53,0.1,4.66,,,7.14,60 DIAS CREDITO,23.32,2.914285714
68909,08/07/2025,BV,PRODUCTOS FAMILIA SANCELA DEL ECUADOR S.A.,hablador range 2 modelos,PUBLICOMERCIAL,20000,505,23833,262.97,169.64,0.1,9.61,,,14.71,60 DIAS CREDITO,48.06777778,2.912871287
68902,08/07/2025,MC,STUDIO593 EDITORIAL Y COMUNICACIÓN S.A.S,LIBRO EL PESCADOR,EDITORIAL,500,975,23846,379.86,446.09,0.11,18.56,,,28.4,30 DIAS CREDITO,102.0837079,2.912820513
68903,08/07/2025,BV,GRUPO EDITORIAL AMAZONAS,LIBROS TEXTOS ESCOLARES - couche 90gr - 21x29.7,EDITORIAL,2000,3656.11,,1743.43,1346.24,0.1,,171.65,,51.49,"50% ANTICIPO, SALDO CONTRA ENTREGA",343.2966667,1.40832743
68904,08/07/2025,BV,GRUPO EDITORIAL AMAZONAS,LIBROS TEXTOS ESCOLARES - bond 70gr - 20.5x28,EDITORIAL,2000,3050.07,,1296.99,1280.54,0.1,,143.2,,42.96,"50% ANTICIPO, SALDO CONTRA ENTREGA",286.3922222,1.408492264
68906,08/07/2025,BV,GRUPO EDITORIAL AMAZONAS,LIBROS TEXTOS ESCOLARES - couche 90gr - 20.5x28,EDITORIAL,2000,3461.27,,1628.68,1296.33,0.1,,162.5,,48.75,"50% ANTICIPO, SALDO CONTRA ENTREGA",325.0011111,1.408442566
68907,08/07/2025,BV,GRUPO EDITORIAL AMAZONAS,LIBROS TEXTOS ESCOLARES - bond 75gr - 28x28,EDITORIAL,1000,3388.64,,1381.08,1482.56,0.1,,159.09,,47.73,"50% ANTICIPO, SALDO CONTRA ENTREGA",318.1822222,1.408529676
68910,08/07/2025,BV,GRUPO TRANSBEL S.A,CATÁLOGO METODOLOGÍA,PUBLICOMERCIAL,1500,975,,444.78,421.64,0.08,18.84,,,14.41,90 DIAS CREDITO,75.34086957,1.477948718
68912,08/07/2025,ASS,INTRIAGO FRAY OSCAR PASTOR,LIBOS SERIE ROBÓTICA - ALUMNO Y DOCENTE,EDITORIAL,2000,4382.25,,1759.8,1996.41,0.1,,125.21,,83.47,120 DIAS CREDITO,417.3566667,1.904729306
68913,08/07/2025,ASS,INTRIAGO FRAY OSCAR PASTOR,LIBOS SERIE ROBÓTICA - ALUMNO Y DOCENTE,EDITORIAL,1000,2260.55,,1070.04,886.21,0.1,,43.47,,43.47,120 DIAS CREDITO,217.3611111,1.922983345
68918,09/07/2025,ASS,EMPRESA OPERADORA METRO DE MEDELLIN TRANSDEV EOMMT S.A.S.,REIMRPESIÓN Cartilla Contraseña Cuenta Ciudad,PUBLICOMERCIAL,10000,519,23884,163.06,187.85,0.3,10.03,,,7.67,,150.39,1.477842004
68897,09/07/2025,MC,WILSON CHICAIZA,FOLLETO YO QUIERO SER EMPRESARIO,PUBLICOMERCIAL,500,2325,,728.64,1263.07,0.1,44.26,,,67.72,CONTADO,221.3011111,2.912688172
68898,09/07/2025,MC,WILSON CHICAIZA,FOLLETO PASTA DURA YO QUIERO SER EMPRESARIO,EDITORIAL,1000,4200,,2275.41,922.76,0.2,79.95,,,122.33,CONTADO,799.5425,2.912619048
68899,09/07/2025,MC,WILSON CHICAIZA,FOLLETO PASTA DURA YO QUIERO SER EMPRESARIO,EDITORIAL,1000,5180,,2628.35,1562.58,0.15,98.61,,,150.87,CONTADO,739.5758824,2.912548263
68914,09/07/2025,BV,PRODUCTOS FAMILIA SANCELA DEL ECUADOR S.A.,ROMPETRÁFICO NATUAL Y CLÁSICA MAP,PUBLICOMERCIAL,100,565,,288.76,204.93,0.1,,,,16.46,60 DIAS CREDITO,54.85444444,2.913274336
68915,09/07/2025,BV,GRUPO TRANSBEL S.A,CATÁLOGO METODOLOGÍA,PUBLICOMERCIAL,1500,945,,404.09,480.39,0.05,,,,13.97,90 DIAS CREDITO,46.55157895,1.478306878
68916,09/07/2025,BV,PRODUCTOS FAMILIA SANCELA DEL ECUADOR S.A.,ROMPETRÁFICO NATUAL Y CLÁSICA MAP,PUBLICOMERCIAL,100,565,,279.43,204.58,0.1,10.76,,,16.46,60 DIAS CREDITO,53.77888889,2.913274336
68917,09/07/2025,BV,HH GLOBAL,Snackable Pediasure.,PUBLICOMERCIAL,5000,265,,89.61,110.81,0.1,,,35.63,6.68,,22.26888889,2.520754717
68921,10/07/2025,BV,UMCO S.A.,reimpresimón SEPARADOR 64x45,PUBLICOMERCIAL,5000,438.5,23836,186.65,194.54,0.1,8.47,,,6.48,45 DIAS CREDITO,42.35444444,1.477765108
68922,10/07/2025,BV,UMCO S.A.,REIMPRESIÓN SEPARADOR PAPEL EARTH 32 x 30,PUBLICOMERCIAL,30000,840,23837,338.7,372.89,0.11,15.99,,,24.47,45 DIAS CREDITO,87.94932584,2.913095238
68923,10/07/2025,BV,UMCO S.A.,REIMPRESIÓN SEPARADOR 27X27,PUBLICOMERCIAL,50000,1050,23838,501.03,388.47,0.11,19.99,,,30.58,45 DIAS CREDITO,109.9382022,2.912380952
68926,10/07/2025,MC,TIPAN UMATAMBO SEGUNDO MARCO,LIBRO sueños de mar y sol - inicial 2,PUBLICOMERCIAL,2000,15800,23839,7357.98,5951.56,0.115,300.78,,,460.19,90 DIAS CREDITO,1729.488249,2.912594937
68924,10/07/2025,CTAG,CHAIDE Y CHAIDE S.A,Catálogo - PASTA DURA,PUBLICOMERCIAL,1600,6640,,3250.25,1931.43,0.2,64.77,,,98.13,60 DIAS CREDITO,1295.42,1.477861446
68925,10/07/2025,CTAG,CHAIDE Y CHAIDE S.A,Catálogo - PASTA RÚSTICA,PUBLICOMERCIAL,1600,5744,,2907.05,1575.41,0.2,56.03,,,84.89,60 DIAS CREDITO,1120.615,1.477889972
68927,11/07/2025,CTAG,AMC ECUADOR CIA.LTDA.,reimpresión IMPRESIÓN PLIEGOS MYSTIC 60x45,PUBLICOMERCIAL,70000,1816.93,23840,141.71,1490.43,0.07,35.1,,,26.85,30 DIAS CREDITO,122.8492473,1.477767443
68931,11/07/2025,MC,YUNNY RIVERA CUSME,reimpresIÓn libro BRING UP ENGLISH STUDENT`S BOOK 8 EGB,EDITORIAL,1500,3000,23841,952.81,1445.82,0.16,57.11,,,87.38,ANULADO,456.8819048,2.912666667
68932,11/07/2025,ASS,BOOKS & BITS ECUADOR S.A.,diptico - SABÍAS QUE,PUBLICOMERCIAL,1000,396,23842,131.86,119.35,0.34,7.61,,,7.76,30 DIAS CREDITO,129.4112121,1.95959596
68928,11/07/2025,ASS,MUNACAI,CAJA PASTA DURA,CAJAS PASTA DURA,1000,1911.43,,634.48,927.14,0.15,36.74,,,37.48,CONTADO,275.58,1.960835605
68929,11/07/2025,ASS,MUNACAI,CAJA CHOCOLATE INDIVIDUAL GRANDE,EMPAQUE,3000,788.6,,425.56,136.11,0.259,15.16,,,15.46,CONTADO,196.3192038,1.960436216
68930,11/07/2025,ASS,MUNACAI,CAJA CHOCOLATE INDIVIDUAL PEQUEÑA,EMPAQUE,3000,707,,343.47,132.21,0.3,13.59,,,13.86,CONTADO,203.8628571,1.96039604
68933,14/07/2025,MC,SANCHEZ CARRASCO PAUL VICENTE,LIBRO CORAZÓN DE TIZA 2 ALUMNO Y DOCENTE,EDITORIAL,1500,2600,23844,1238.42,1182.27,0.055,,,,38.42,120 DIAS CREDITO,140.8867196,1.477692308
68934,14/07/2025,MC,SANCHEZ CARRASCO PAUL VICENTE,reimpresión LIBRO CORAZÓN DE TIZA 8,EDITORIAL,1000,1700,23845,540.64,1042.12,0.055,,,,25.12,120 DIAS CREDITO,92.11830688,1.477647059
68935,14/07/2025,MC,TRAMA DISENO,Libro Cacao Manabí,EDITORIAL,500,5875.01,,2715.56,2132.75,0.15,,,,171.12,45 DIAS CREDITO,855.5841176,2.912675893
68936,14/07/2025,BV,NATURES SUNSHINE PRODUCTS DEL ECUADOR S.A.,CAJA - LIMPIEZA CHINA,EMPAQUE,8000,1430,,802.91,299.6,0.19,27.22,,,41.65,45 DIAS CREDITO,258.6134568,2.912587413
68937,14/07/2025,BV,JABONERIA WILSON S.A.,HOJAS PARA carpetas A5,PUBLICOMERCIAL,40,340,,66.83,205.01,0.16,6.47,,,9.9,60 DIAS CREDITO,51.77904762,2.911764706
68939,14/07/2025,BV,JABONERIA WILSON S.A.,HOJAS PARA carpetas A5,PUBLICOMERCIAL,40,670,,174.94,360.75,0.16,12.75,,,19.51,POR COTIZAR,102.0361905,2.911940299
68940,15/07/2025,ASS,BOOKS & BITS ECUADOR S.A.,CARPETAS CON BOLSILLO - negra,PUBLICOMERCIAL,3000,1458,23871,816.35,430.89,0.11,28.03,,,28.59,30 DIAS CREDITO,154.1532584,1.96090535
68938,15/07/2025,BV,NATURES SUNSHINE PRODUCTS DEL ECUADOR S.A.,etiquetas,PUBLICOMERCIAL,1000,200,,77.08,84.73,0.15,3.81,,,5.83,45 DIAS CREDITO,28.55470588,2.915
68941,15/07/2025,ASS,BOOKS & BITS ECUADOR S.A.,PLANEADOR,PUBLICOMERCIAL,1000,1100,,410.71,565.26,0.095,,,,21.57,POR COTIZAR,102.4498895,1.960909091
68942,15/07/2025,ASS,BFS ECUADOR S.A,FOLLETO COSIDO,PUBLICOMERCIAL,2500,4950,,2758.23,477.06,0.32,95.16,,,97.06,,1522.489412,1.960808081
68943,15/07/2025,CTAG,TECNO MOBILE,POSTER,PUBLICOMERCIAL,5000,435.81,,228.12,108.64,0.2,8.42,,,6.44,POR COTIZAR,84.19,1.477708176
68944,15/07/2025,CTAG,TECNO MOBILE,triptico,PUBLICOMERCIAL,5000,395.85,,169.6,155.4,0.15,7.65,,,5.85,POR COTIZAR,57.35294118,1.477832512
68945,15/07/2025,CTAG,HH GLOBAL,afiche 2 motivos,PUBLICOMERCIAL,10200,1350,,543.2,402.19,0.15,22.24,,181.51,34.03,POR COTIZAR,166.8335294,2.520740741
68948,15/07/2025,ASS,EMPRESA OPERADORA METRO DE MEDELLIN TRANSDEV EOMMT S.A.S.,GAFAS,PUBLICOMERCIAL,7000,3509.8,,1337.04,934.67,0.32,100.22,,,68.82,60 DIAS CREDITO,1069.04,1.960795487
68949,16/07/2025,MC,MIRIAN SUSANA CARRERA,GUIA DE USUARIO ALARMA,PUBLICOMERCIAL,1000,336,23843,174.23,161.77,0,,,,,30 DIAS CREDITO,0,
68961,16/07/2025,MC,TRAMA DISENO,"Revista DOSSIER
",PUBLICOMERCIAL,250,1005,23867,466.12,509.03,0.02,,,,9.95,45 DIAS CREDITO,19.90102041,0.990049751
68946,16/07/2025,BV,BUSSINES MARKETING PUBLICIDAD CIA LTDA,TRÍPTICO,PUBLICOMERCIAL,100000,1995,,934.17,703.76,0.15,38.54,,,29.48,60 DIAS CREDITO,289.0464706,1.477694236
68947,16/07/2025,BV,BUSSINES MARKETING PUBLICIDAD CIA LTDA,DÍPTICO,PUBLICOMERCIAL,100000,1200,,530.17,478.23,0.13,23.18,,,17.73,60 DIAS CREDITO,150.6804598,1.4775
68950,16/07/2025,BV,NATURES SUNSHINE PRODUCTS DEL ECUADOR S.A.,CATÁLOGO,PUBLICOMERCIAL,800,898,,354.78,414.5,0.1,17.1,,,26.16,45 DIAS CREDITO,85.47555556,2.913140312
68951,16/07/2025,BV,NATURES SUNSHINE PRODUCTS DEL ECUADOR S.A.,FLYERS 3 MODELOS,PUBLICOMERCIAL,2500,275,,129.04,93.45,0.15,5.24,,,8.01,45 DIAS CREDITO,39.26294118,2.912727273
68955,16/07/2025,ASS,OTECEL S.A.,,PUBLICOMERCIAL,10000,2598.88,,1289.12,709.25,0.2,49.96,,,50.96,60 DIAS CREDITO,499.5925,1.960844672
68956,16/07/2025,ASS,SANTILLANA S.A.,libros 13x21,EDITORIAL,1000,1339.23,,644.83,617.14,0.02,,25.75,,25.75,,25.7544898,1.922746653
68957,16/07/2025,ASS,SANTILLANA S.A.,libros 22x22,EDITORIAL,800,1254.01,,597.94,583.73,0.02,,24.12,,24.12,POR COTIZAR,24.11571429,1.923429638
68959,16/07/2025,ASS,SANTILLANA S.A.,libros 13x21 - bond beige 70gr 1x1,EDITORIAL,1000,2254.37,,983.04,1141.27,0.02,,43.35,,43.35,,43.35326531,1.922931906
68960,16/07/2025,ASS,SANTILLANA S.A.,libros 13x21 - bond beige 70gr 1x1 portada con solapas,EDITORIAL,1000,1781.85,,797.33,881.72,0.02,,34.27,,34.27,,34.26632653,1.923281982
68971,17/07/2025,MC,SANCHEZ CARRASCO PAUL VICENTE,REIMPRESIÓN LIBRO CORAZÓN DE TIZA 3,EDITORIAL,1000,1700,23847,540.64,1042.12,0.055,,,,25.12,120 DIAS CREDITO,92.11830688,1.477647059
68972,17/07/2025,MC,SANCHEZ CARRASCO PAUL VICENTE,REIMPRESIÓN LIBRO CORAZÓN DE TIZA 4,EDITORIAL,1000,1700,23848,540.64,1042.12,0.055,,,,25.12,120 DIAS CREDITO,92.11830688,1.477647059
68973,17/07/2025,MC,SANCHEZ CARRASCO PAUL VICENTE,REIMPRESIÓN LIBRO CORAZÓN DE TIZA 5,EDITORIAL,1000,1700,23849,540.64,1042.12,0.055,,,,25.12,120 DIAS CREDITO,92.11830688,1.477647059
68974,17/07/2025,MC,SANCHEZ CARRASCO PAUL VICENTE,REIMPRESIÓN LIBRO CORAZÓN DE TIZA 6,EDITORIAL,1000,1700,23850,540.64,1042.12,0.055,,,,25.12,120 DIAS CREDITO,92.11830688,1.477647059
68975,17/07/2025,MC,SANCHEZ CARRASCO PAUL VICENTE,REIMPRESIÓN LIBRO CORAZÓN DE TIZA 7,EDITORIAL,1000,1700,23851,540.64,1042.12,0.055,,,,25.12,120 DIAS CREDITO,92.11830688,1.477647059
68976,17/07/2025,MC,SANCHEZ CARRASCO PAUL VICENTE,REIMPRESIÓN LIBRO CORAZÓN DE TIZA 9,EDITORIAL,1000,1700,23852,540.64,1042.12,0.055,,,,25.12,120 DIAS CREDITO,92.11830688,1.477647059
68977,17/07/2025,MC,SANCHEZ CARRASCO PAUL VICENTE,REIMPRESIÓN LIBRO CORAZÓN DE TIZA 10,EDITORIAL,1000,1700,23853,540.64,1042.12,0.055,,,,25.12,120 DIAS CREDITO,92.11830688,1.477647059
68965,17/07/2025,MC,YUNNY RIVERA CUSME,REIMPRESIÓN LIBRO BIOLOGÍA 1 bgu,EDITORIAL,1000,3150,23856,981.83,1904.37,0.07,,,,46.55,90 DIAS CREDITO,217.2408602,1.477777778
68966,17/07/2025,MC,YUNNY RIVERA CUSME,REIMPRESIÓN LIBRO BIOLOGÍA 2 bgu,EDITORIAL,1000,3400,23857,1028.61,2053.17,0.08,,,,50.25,90 DIAS CREDITO,267.9808696,1.477941176
68967,17/07/2025,MC,YUNNY RIVERA CUSME,REIMPRESIÓN LIBRO BIOLOGÍA 3 bgu,EDITORIAL,1000,3100.01,23858,947.48,1862.37,0.08,,,,45.81,90 DIAS CREDITO,244.3347826,1.477737169
68953,17/07/2025,BV,THATBOOK S.A.S. B.I.C.,Cuadernos UNIVERSIDAD,PUBLICOMERCIAL,10,152,,93.8,39.01,0.1,,,,4.43,POR COTIZAR,14.75666667,2.914473684
68954,17/07/2025,BV,EDICIONES HOLGUIN S.A.,LIBROS CALIGRAFÍA 1 al 6,EDITORIAL,1000,2407.93,,1121.27,1203.64,0.02,,,,35.59,60 DIAS CREDITO,47.44714286,1.478032999
68962,17/07/2025,ASS,Fast View SAS,BRIEFS A5,PUBLICOMERCIAL,1000,450,,161.86,227.42,0.1,8.65,,,8.82,CONTADO,43.25333333,1.96
68963,17/07/2025,ASS,Fast View SAS,LISTA DE PRECIOS,PUBLICOMERCIAL,1000,350,,157.61,145.16,0.1,6.73,,,6.86,CONTADO,33.64111111,1.96
68964,17/07/2025,ASS,IMMUNOTEC-ECUADOR S.A,flip chaRt,PUBLICOMERCIAL,500,1765,,733.01,618.18,0.2,,,50.67,25.33,,337.7975,1.435127479
68968,17/07/2025,MC,TERAN ANDRADE FREDDY DAVID,REIMPRESIÍON LIBRO BIOLOGÍA Y QUÍMICA en accion 3,PUBLICOMERCIAL,500,1950,,552.2,1272.92,0.05,,,,28.82,90 DIAS CREDITO,96.05894737,1.477948718
68969,17/07/2025,BV,S&S TEXTOS SS TEXTOS CIA.LTDA.,LIBROS 8VO 9NO Y 10MO,EDITORIAL,200,1300,,529.77,686.98,0.05,,,,19.21,,64.03947368,1.477692308
68970,17/07/2025,BV,EDICIONES HOLGUIN S.A.,LIBROS CALIGRAFÍA 1 al 6,EDITORIAL,1000,1980,,949.65,1001.09,0,,,,29.26,"50% ANTICIPO, SALDO CONTRA ENTREGA",0,1.477777778
68978,17/07/2025,CTAG,TATIANA CAJILEMA,VOLANTES A4 - BOND 75GR,PUBLICOMERCIAL,4000,240,,85.89,122.74,0.1,4.64,,,3.55,POR COTIZAR,23.18111111,1.479166667
68979,17/07/2025,CTAG,TATIANA CAJILEMA,VOLANTES A4 - BOND 90GR,PUBLICOMERCIAL,4000,250,,91.69,125.63,0.1,4.83,,,3.69,POR COTIZAR,24.14666667,1.476
68980,17/07/2025,CTAG,TATIANA CAJILEMA,VOLANTES A4 - COUCHE 90GR,PUBLICOMERCIAL,4000,255,,93.26,128.41,0.1,4.93,,,3.77,POR COTIZAR,24.63,1.478431373
68986,18/07/2025,CTAG,AMC ECUADOR CIA.LTDA.,REIMPRESIÓN PLIEGOS KNL FLORES 60X90,PUBLICOMERCIAL,10000,230.01,23854,28.45,191.36,0.03,,,,3.4,30 DIAS CREDITO,6.798247423,1.4781966
68985,18/07/2025,BV,NATURES SUNSHINE PRODUCTS DEL ECUADOR S.A.,reimpresión CATÁLOGO de producto,PUBLICOMERCIAL,2000,1980,23855,962.25,683.04,0.127,37.69,,,57.67,45 DIAS CREDITO,239.3491753,2.912626263
68984,18/07/2025,ASS,OTECEL S.A.,VOLANTE movistar,PUBLICOMERCIAL,7000,378,23861,155.83,116.66,0.25,7.27,,,7.41,60 DIAS CREDITO,90.83,1.96031746
68983,18/07/2025,ASS,OTECEL S.A.,tripticos MOVISTAR,PUBLICOMERCIAL,8000,476,23862,162.17,192.41,0.225,9.15,,,9.33,60 DIAS CREDITO,102.9425806,1.960084034
68992,18/07/2025,ASS,BOOKS & BITS ECUADOR S.A.,BIG FLYER,PUBLICOMERCIAL,200,204,23870,51.23,115.44,0.15,3.92,,,4,30 DIAS CREDITO,29.41235294,1.960784314
68987,18/07/2025,ASS,OTECEL S.A.,BANDEROLAS,PUBLICOMERCIAL,14000,4158,23875,1889.55,1307.69,0.2,79.93,,,81.53,60 DIAS CREDITO,799.31,1.960798461
68988,18/07/2025,ASS,OTECEL S.A.,COLGANTE,PUBLICOMERCIAL,14000,2142,23876,1182.96,711.16,0.08,41.18,,,42,60 DIAS CREDITO,164.706087,1.960784314
68958,18/07/2025,ASS,SANTILLANA S.A.,libros 13x21 - bond 75 1x1,EDITORIAL,1000,1580.12,,692.26,796.7,0.02,,30.39,,30.39,,30.38693878,1.92327165
68981,18/07/2025,BV,NATURES SUNSHINE PRODUCTS DEL ECUADOR S.A.,FOLLETO ACAÍ,PUBLICOMERCIAL,5000,730,,309.65,280.96,0.15,13.9,,,21.26,45 DIAS CREDITO,104.2252941,2.912328767
68982,18/07/2025,BV,AUQUILLA FREIRE DIEGO SEBASTIAN,BLOCK DE NOTAS,PUBLICOMERCIAL,150,560,,169.68,317.13,0.1,10.82,,,8.28,60 DIAS CREDITO,54.09,1.478571429
68989,18/07/2025,BV,HH GLOBAL,Vademécum EPD Townhall 2025 Julio,PUBLICOMERCIAL,300,675,,246.99,253.5,0.1,11.12,,90.76,17.02,CONTADO,55.61,2.521481481
68990,18/07/2025,BV,HH GLOBAL,Diario de Bebé Pediatalks Julio,PUBLICOMERCIAL,320,720,,207.7,326.16,0.1,11.86,,96.81,18.15,CONTADO,59.31777778,2.520833333
68991,18/07/2025,MC,TRAMA DISENO,"Revista Trama
",PUBLICOMERCIAL,250,1549,,684.76,802.9,0.03,,,,15.34,POR COTIZAR,46.01010309,0.990316333
68993,21/07/2025,MC,YUNNY RIVERA CUSME,LIBROS ECA 1 BGU - CREARTE,EDITORIAL,1500,3150,23859,1523.94,1470.12,0.04,,,,31.19,90 DIAS CREDITO,124.7525,0.99015873
68994,21/07/2025,MC,YUNNY RIVERA CUSME,LIBROS ECA 2 BGU - CREARTE,EDITORIAL,1500,3150,23860,1523.94,1470.12,0.04,,,,31.19,90 DIAS CREDITO,124.7525,0.99015873
68999,21/07/2025,ASS,OTECEL S.A.,BANDEROLAS TUENTI Y MOVISTAR,PUBLICOMERCIAL,66,109.89,23863,41.19,53.87,0.1,2.11,,,2.15,60 DIAS CREDITO,10.56222222,1.956501957
68998,21/07/2025,MC,YUNNY RIVERA CUSME,lIBROS FILOSOFIA - 2 PORTADAS,EDITORIAL,1500,3300,23865,1580.21,1540.09,0.045,,,,32.67,90 DIAS CREDITO,147.0298429,0.99
68995,21/07/2025,CTAG,MINISTERIO DE EDUCACIÓN,,PUBLICOMERCIAL,3250,3525.42,,1367.13,1154.63,0.15,59.34,,453.92,45.39,,445.0164706,1.287506169
68996,21/07/2025,CTAG,MINISTERIO DE EDUCACIÓN,Juego de tarjetas - TaPas,PUBLICOMERCIAL,250250,4516.22,,1981.83,1248.66,0.15,76.01,,581.49,58.15,,570.0864706,1.287581207
68997,21/07/2025,CTAG,MINISTERIO DE EDUCACIÓN,Caja para tarjetas - TaPAs,PUBLICOMERCIAL,3250,1582.95,,403.1,729.2,0.15,26.64,,203.81,20.38,,199.8176471,1.287469598
69003,22/07/2025,CTAG,CHAIDE Y CHAIDE S.A,REIMPRESION COD.1203 ETIQUETA CHN BORN ANTIACAROS,PUBLICOMERCIAL,175,115.2,23864,50.54,9.85,0.4,5.03,,,9.51,POR COTIZAR,40.26,8.255208333
69002,22/07/2025,CTAG,MANOSALVAS MARTINEZ JANETH,REVISTA 12 pg,PUBLICOMERCIAL,850,589.47,23873,235.12,305.39,0.06,5.75,,,8.71,15 DIAS CREDITO,34.5006383,1.477598521
69000,22/07/2025,MC,María Fernanda Almeida,REVISTA,PUBLICOMERCIAL,400,1955,,856.14,762.8,0.13,37.22,,,56.94,CONTADO,241.9105747,2.912531969
69001,22/07/2025,MC,María Fernanda Almeida,REVISTA,PUBLICOMERCIAL,400,1905,,865.59,766.34,0.1,36.26,,,55.49,CONTADO,181.3255556,2.912860892
69004,23/07/2025,CTAG,DIDACTICA-EDITORIAL S.A.S.,AGENDA DIARIA,PUBLICOMERCIAL,500,2997.19,,1280.01,1444.71,0.05,,,86.04,43.02,60 DIAS CREDITO,143.4063158,1.435344439
69005,23/07/2025,MC,SANCHEZ CARRASCO PAUL VICENTE,"LIBROS ARTISTICA ALUMNO Y DOCENTE 8, 9 Y 10 OPCION BARNIZ UV",EDITORIAL,2000,3200,,1463.94,1310.43,0.107,,,,93.2,60 DIAS CREDITO,332.4273124,2.9125
69006,23/07/2025,MC,SANCHEZ CARRASCO PAUL VICENTE,"LIBROS ARTISTICA 8, 9 Y 10 ALUMNO Y DOCENTE OPCION SELECTIVO",EDITORIAL,2000,3440,,1621.39,1344.36,0.112,,,,100.19,60 DIAS CREDITO,374.0585586,2.9125
69013,24/07/2025,CTAG,ALISERVIS S.A.,VOLANTES NACIONAL AGOSTO 30 AÑOS EN ECUADOR $7.99 inc. IVA - 1 INGREDIENTE MEDIANA,PUBLICOMERCIAL,432775,4544.14,23866,2617.51,1376.67,0.09,87.78,,,67.15,30 DIAS CREDITO,395.0287912,1.477727359
69008,24/07/2025,ASS,SANTILLANA S.A.,CUPONES 9x5,PUBLICOMERCIAL,5600,155,,77.72,62.51,0.05,,,4.43,2.95,120 DIAS CREDITO,7.380526316,1.903225806
69009,24/07/2025,MC,ESTUDIO 593,libro,EDITORIAL,300,2685,,1110.49,934.05,0.2,51.11,,,78.2,"50% ANTICIPO, SALDO CONTRA ENTREGA",511.135,2.912476723
69010,24/07/2025,MC,ESTUDIO 593,libro,EDITORIAL,300,2865,,1312.77,868.84,0.2,54.54,,,83.45,"50% ANTICIPO, SALDO CONTRA ENTREGA",545.4025,2.912739965
69012,24/07/2025,MC,SANCHEZ CARRASCO PAUL VICENTE,REIMPRESIÓN AGENDA KAPITO - PORTADA NUEVA,PUBLICOMERCIAL,2000,2600,,1131.47,1040.15,0.1225,49.5,,,75.73,60 DIAS CREDITO,303.1606268,2.912692308
69014,24/07/2025,MC,SANCHEZ CARRASCO PAUL VICENTE,REIMPRESIÓN AGENDA KAPITO - PORTADA NUEVA PASTA DURA,PUBLICOMERCIAL,2000,4160,,1733.97,1750.51,0.12,79.19,,,121.17,60 DIAS CREDITO,475.1563636,2.912740385
69015,25/07/2025,MC,TRAMA DISENO,"Revista Trama
",PUBLICOMERCIAL,250,1699,23868,747.84,858.64,0.045,,,,16.82,45 DIAS CREDITO,75.69801047,0.989994114
69019,28/07/2025,ASS,BOOKS & BITS ECUADOR S.A.,CARPETAS CON BOLSILLO -,PUBLICOMERCIAL,2000,1089,23872,592.8,338.78,0.11,20.93,,,21.35,30 DIAS CREDITO,115.1391011,1.960514233
69020,28/07/2025,ASS,AGLOMERADOS COTOPAXI S.A,CAJA SANDUCHADA,EMPAQUE,200,750,23874,415.16,233.62,0.1,14.42,,,14.71,60 DIAS CREDITO,72.08666667,1.961333333
69022,28/07/2025,ASS,AGLOMERADOS COTOPAXI S.A,flyers - A5 - 660 und,PUBLICOMERCIAL,660,165,23881,41.43,91.8,0.16,3.17,,,3.24,60 DIAS CREDITO,25.37714286,1.963636364
69021,28/07/2025,ASS,AGLOMERADOS COTOPAXI S.A,flyers - 200 und,PUBLICOMERCIAL,200,98,23882,39.51,37.73,0.18,1.88,,,1.92,60 DIAS CREDITO,16.95512195,1.959183673
69017,28/07/2025,ASS,GRUPO TRANSBEL,Poster Sebastian Ruli,PUBLICOMERCIAL,300,270,,127.48,113.87,0.07,5.19,,,5.29,,18.16612903,1.959259259
69018,28/07/2025,ASS,BOOKS & BITS ECUADOR S.A.,PLANEADOR,PUBLICOMERCIAL,1000,1100,,410.71,565.26,0.095,,,,21.57,POR COTIZAR,102.4498895,1.960909091
69023,28/07/2025,ASS,AGLOMERADOS COTOPAXI S.A,flyers MELA RESIST,PUBLICOMERCIAL,2200,242,,85.17,107.89,0.17,4.65,,,4.75,POR COTIZAR,39.54240964,1.962809917
69027,29/07/2025,MC,TERAN ANDRADE FREDDY DAVID,REIMPRESÍON LIBRO QUÍMICA 3 en acciÓN,PUBLICOMERCIAL,300,1709,23877,371.11,1214.98,0.058,,,,25.26,90 DIAS CREDITO,97.65734607,1.478057343
69028,29/07/2025,MC,TERAN ANDRADE FREDDY DAVID,REIMPRESÍON LIBRO BIOLOGÍA 1 en acciÓn,PUBLICOMERCIAL,200,1588,23878,299.53,1139.85,0.08,,,,23.47,90 DIAS CREDITO,125.1634783,1.477959698
69029,29/07/2025,MC,TERAN ANDRADE FREDDY DAVID,REIMPRESÍON LIBRO BIOLOGÍA 3 en acciÓn,PUBLICOMERCIAL,350,1769,23879,452.66,1203.05,0.05,,,,26.14,90 DIAS CREDITO,87.14263158,1.477671001
69024,29/07/2025,ASS,EMPRESA OPERADORA METRO DE MEDELLIN TRANSDEV EOMMT S.A.S.,REGLAMENTO RHS,PUBLICOMERCIAL,1000,1248.3,,301.68,718.17,0.15,24,,,24.48,60 DIAS CREDITO,179.9735294,1.961067051
69025,29/07/2025,MC,ESTUDIO 593,libro - bristol 150gr y couche mate 150gr,EDITORIAL,300,2865,,1241.6,940.01,0.2,54.54,,,83.45,"50% ANTICIPO, SALDO CONTRA ENTREGA",545.4025,2.912739965
69026,29/07/2025,MC,ESTUDIO 593,libro - bristol 150gr todo,EDITORIAL,300,2994,,1336.1,943.74,0.2,57,,,87.2,"50% ANTICIPO, SALDO CONTRA ENTREGA",569.96,2.91249165
69030,29/07/2025,ASS,AGLOMERADOS COTOPAXI S.A,flyer y adhesivos para tablila,PUBLICOMERCIAL,3648,1090,,188.75,701.77,0.15,20.95,,,21.37,60 DIAS CREDITO,157.1505882,1.960550459
69031,29/07/2025,ASS,BOOKS & BITS ECUADOR S.A.,CARPETAS CON BOLSILLO,PUBLICOMERCIAL,2000,1220,,692.8,339.12,0.12,23.45,,,23.92,30 DIAS CREDITO,140.7163636,1.960655738
69032,30/07/2025,CTAG,COMERCIAL EL ARBOLITO CIA. LTDA,REIMPRESIÓN INDIVIDUALES 2 MOTIVOS,PUBLICOMERCIAL,20000,625,23880,234.84,255.38,0.18,17.93,,,9.24,30 DIAS CREDITO,107.6092683,1.4784
69034,30/07/2025,BV,THATBOOK S.A.S. B.I.C.,INGENIOSOS 1ER GRADO PREPARATORIA,EDITORIAL,1500,13500,23883,5741.33,4587.08,0.12,176.05,1408.42,,178.69,90 DIAS CREDITO,1408.419545,1.32362963
69033,30/07/2025,ASS,AGLOMERADOS COTOPAXI S.A,flyer y adhesivos para tablila,PUBLICOMERCIAL,1824,710,,150.7,429.37,0.15,13.65,,,13.92,60 DIAS CREDITO,102.3652941,1.96056338
69035,30/07/2025,CTAG,XAVIER PACHECO,REVISTA PREFECTURA GUAYAS,PUBLICOMERCIAL,1000,2200,,946.9,765.91,0.19,42.29,,,43.14,"50% ANTICIPO, SALDO CONTRA ENTREGA",401.7702469,1.960909091
69036,30/07/2025,BV,EDICIONES HOLGUIN S.A.,BROCHURE,PUBLICOMERCIAL,1000,691.01,,271.95,306.85,0.12,13.15,,,20.13,60 DIAS CREDITO,78.92727273,2.913127162
69038,31/07/2025,ASS,SANTILLANA S.A.,CALENDARIO DE ESCRITORIO PASTA DURA,PUBLICOMERCIAL,3200,3176.11,,1554.24,1435.04,0.04,,,,62.28,,124.5533333,1.960889264
69041,01/08/2025,ASS,OTECEL S.A.,tripticos MOVISTAR,PUBLICOMERCIAL,104300,2659.65,23889,1286.94,758.15,0.2,51.13,,,52.15,60 DIAS CREDITO,511.2725,1.960784314
69039,01/08/2025,ASS,SANTILLANA S.A.,AGENDA TIPO CUADERNO PASTA DURA,PUBLICOMERCIAL,29000,41186.18,,19102.16,17085.7,0.095,,399.87,,799.73,,3798.725635,1.941743565
69042,01/08/2025,ASS,DIRECTV ECUADOR C LTDA,AGENDA,PUBLICOMERCIAL,20,590,,158,391.51,0.05,,,,11.57,"pago en 3 meses, cheques post fechados cada 30 días",28.92157895,1.961016949
69045,04/08/2025,CTAG,FEDERACION DE CHOFERES,reimpresión libro conductor licencia tipo c,PUBLICOMERCIAL,1500,2736.94,23887,1028.67,1338.93,0.1,52.61,,,53.67,,263.0666667,1.960949089
69043,04/08/2025,BV,UMCO S.A.,reimpresimón SEPARADOR 64x45,PUBLICOMERCIAL,3000,263.1,23885,116.79,132.05,0.04,,,,3.89,45 DIAS CREDITO,10.36833333,1.478525276
69044,04/08/2025,BV,UMCO S.A.,REIMPRESIÓN SEPARADOR 27X27,PUBLICOMERCIAL,60000,1260,23886,582.28,473.12,0.12,23.99,,,36.7,45 DIAS CREDITO,143.9181818,2.912698413
69050,04/08/2025,ASS,OTECEL S.A.,IMPRESIÓN BOLETOS - CARPLE51,PUBLICOMERCIAL,19767,2668.55,23890,454.65,1664.44,0.15,49.86,74.79,,50.86,60 DIAS CREDITO,373.9570588,1.905903955
69046,04/08/2025,ASS,SANTILLANA S.A.,libros con data variable,EDITORIAL,300,2603.25,,984.87,1420.04,0.03,,74.38,,49.59,POR COTIZAR,74.37865979,1.904926534
69047,04/08/2025,CTAG,MARÍA FERNANDA CUESTA,ROLL UPS,PUBLICOMERCIAL,1,45.01,,48.54,-14.1,0.2,1.29,,,0.67,"50% ANTICIPO, SALDO CONTRA ENTREGA",8.61,1.488558098
69048,04/08/2025,ASS,SANTILLANA S.A.,libros con data variable bond 90gr,EDITORIAL,1100,2492.55,,1136.89,1210.46,0.03,,24.2,,48.4,POR COTIZAR,72.59845361,1.941786524
69051,04/08/2025,ASS,SANTILLANA S.A.,libros con data variable bond 90gr,EDITORIAL,200,1694.25,,705.54,890.01,0.03,,16.45,,32.9,POR COTIZAR,49.34690722,1.941862181
69055,05/08/2025,CTAG,CHAIDE Y CHAIDE S.A,REIMPRESION COD.1203 ETIQUETA CHN BORN ANTIACAROS,PUBLICOMERCIAL,1500,197.49,23888,51.71,70.74,0.336,9.22,,,3.87,POR COTIZAR,61.9626506,1.959592891
69060,05/08/2025,BV,NATURES SUNSHINE PRODUCTS DEL ECUADOR S.A.,FOLLETO ACAÍ,PUBLICOMERCIAL,10000,1104,23891,481.4,411.81,0.15,21.02,,,32.16,45 DIAS CREDITO,157.6252941,2.913043478
69063,05/08/2025,BV,NATURES SUNSHINE PRODUCTS DEL ECUADOR S.A.,ROLL UPS,PUBLICOMERCIAL,2,78,23892,66.24,-11.72,0.244,2.16,,1.49,2.23,45 DIAS CREDITO,17.59640212,2.858974359
69059,05/08/2025,BV,NATURES SUNSHINE PRODUCTS DEL ECUADOR S.A.,TARJETAS,PUBLICOMERCIAL,35,16,23893,16.84,-3.9,0.15,0.3,,,0.47,45 DIAS CREDITO,2.283529412,2.9375
69061,05/08/2025,BV,NATURES SUNSHINE PRODUCTS DEL ECUADOR S.A.,Tarjetón acai sobres,PUBLICOMERCIAL,5000,1250,23936,421.44,649.39,0.1,23.8,,,36.41,45 DIAS CREDITO,118.9811111,2.9128
69052,05/08/2025,ASS,SANTILLANA S.A.,libros con data variable bond 90gr + ADHESIVO,EDITORIAL,600,2808.96,,1406.77,1238.57,0.03,,27.27,,54.54,POR COTIZAR,81.81463918,1.941643882
69053,05/08/2025,ASS,SANTILLANA S.A.,HOJAS SUETAS TROQUELADAS,PUBLICOMERCIAL,600,1787.1,,1349.9,333.1,0.03,,17.35,,34.7,POR COTIZAR,52.05154639,1.941693246
69056,05/08/2025,ASS,OTECEL S.A.,BANDEROLAS,PUBLICOMERCIAL,100,167.22,,47.25,89.37,0.15,3.21,,,3.28,60 DIAS CREDITO,24.10941176,1.96148786
69057,05/08/2025,BV,GRUPO TRANSBEL S.A,agendas,PUBLICOMERCIAL,8000,3490,,1338.87,1650.86,0.1,66.44,,,101.65,90 DIAS CREDITO,332.1922222,2.91260745
69062,06/08/2025,ASS,OTECEL S.A.,REIMPRESIÓN BANDEROLAS - STIC34,PUBLICOMERCIAL,500,441,23894,138.17,200.92,0.2,8.48,,,8.65,60 DIAS CREDITO,84.7725,1.961451247
69064,06/08/2025,MC,BIENES Y SERVICIOS BSOAS S.A.S.,LIBROS TEXTOS ESCOLARES,EDITORIAL,1000,2799.52,,1250.01,1410.92,0.04,,,,27.72,30 DIAS CREDITO,110.8720833,0.990169743
69067,06/08/2025,MC,PLATIGAMA,REVISTA - 150GR INTERIORES,PUBLICOMERCIAL,500,1390,,637.15,553.6,0.1,26.46,,,40.49,CONTADO,132.3055556,2.91294964
69068,06/08/2025,MC,PLATIGAMA,REVISTA - 90GR INTERIORES,PUBLICOMERCIAL,500,1275,,542.15,550.08,0.1,24.27,,,37.14,CONTADO,121.3588889,2.912941176
69069,06/08/2025,BV,Ponte10 SAS,REVISTA - 90GR INTERIORES,PUBLICOMERCIAL,500,1275,,542.15,550.08,0.1,24.27,,,37.14,CONTADO,121.3588889,2.912941176
69070,06/08/2025,BV,Ponte10 SAS,REVISTA - 150GR INTERIORES,PUBLICOMERCIAL,500,1390,,637.15,553.6,0.1,26.46,,,40.49,CONTADO,132.3055556,2.91294964
69073,08/08/2025,CTAG,DIDACTICA-EDITORIAL S.A.S.,REIMPRESIÓN IMAGINA Y APRENDE 4 AÑOS INICIAL,EDITORIAL,3000,14450,23897,6758.96,6314.84,0.05,,,412.86,275.24,90 DIAS CREDITO,688.0947368,1.904775087
69075,08/08/2025,CTAG,DIDACTICA-EDITORIAL S.A.S.,reimpresión imaginando sueños prepaparatoria,EDITORIAL,3000,17100,23898,7383.35,7347.07,0.0955,,,488.57,325.71,,1555.284809,1.904736842
69082,08/08/2025,CTAG,DIDACTICA-EDITORIAL S.A.S.,IMAGINA Y APRENDE 3 AÑOS INICIAL,EDITORIAL,3000,13050,23902,7150.43,5256.71,0.035,,,192.86,,,449.9998964,
69077,08/08/2025,ASS,OTECEL S.A.,voolantes - VOL140.1,PUBLICOMERCIAL,50000,900,23899,300.94,347.85,0.25,17.3,,,17.65,60 DIAS CREDITO,216.2633333,1.961111111
69078,08/08/2025,MC,MIRIAN SUSANA CARRERA,reimpresion GUIA DE USUARIO ALARMA,PUBLICOMERCIAL,1600,537.6,23900,166.02,294.52,0.1,10.23,,,15.66,30 DIAS CREDITO,51.17111111,2.912946429
69081,08/08/2025,BV,GRUPO TRANSBEL S.A,CATÁLOGO METODOLOGÍA,PUBLICOMERCIAL,1500,975,23901,469.02,477.59,0,,,,28.4,90 DIAS CREDITO,0,2.912820513
69085,08/08/2025,ASS,SANTILLANA S.A.,ec24841 - Secondary Fly Higher A2 Workbook,EDITORIAL,1000,2460,23903,1085.76,1185,0.04,,47.31,,47.31,120 DIAS CREDITO,94.615,1.923170732
69086,08/08/2025,ASS,SANTILLANA S.A.,ec024842 - Secondary Fly Higher B1 Workbook,EDITORIAL,1100,2585,23904,1158.27,1227.88,0.04,,49.71,,49.71,120 DIAS CREDITO,99.42291667,1.923017408
69087,08/08/2025,ASS,SANTILLANA S.A.,EC024843 - Secondary Fly Higher B1+ Workbook,EDITORIAL,600,1902,23905,777.78,1013.42,0.03,,18.47,,36.93,120 DIAS CREDITO,55.39793814,1.941640379
69088,08/08/2025,ASS,SANTILLANA S.A.,EC044203 - Secondary Go Further B1+ Workbook,EDITORIAL,600,1356,23906,735.22,594.2,0,,,,26.59,120 DIAS CREDITO,0,1.960914454
69089,08/08/2025,ASS,SANTILLANA S.A.,EC044247 - Secondary Go Further B1 Workbook,EDITORIAL,600,1356,23907,735.22,594.2,0,,,,26.59,120 DIAS CREDITO,0,1.960914454
69090,08/08/2025,ASS,SANTILLANA S.A.,EC044204 - Secondary Go Further A2 Workbook,EDITORIAL,600,1356,23908,735.22,594.2,0,,,,26.59,120 DIAS CREDITO,0,1.960914454
69091,08/08/2025,ASS,SANTILLANA S.A.,EC024840 - Secondary Fly Higher A1+ Workbook,EDITORIAL,600,1902,23909,777.78,1013.42,0.03,,18.47,,36.93,120 DIAS CREDITO,55.39793814,1.941640379
69092,08/08/2025,ASS,SANTILLANA S.A.,EC024833 - Primary Fly Higher 6 Practice Book,EDITORIAL,600,1590,23910,802.3,711.26,0.01,,30.58,,30.58,120 DIAS CREDITO,15.28848485,1.92327044
69071,08/08/2025,BV,NATURES SUNSHINE PRODUCTS DEL ECUADOR S.A.,AFICHES ACAI,PUBLICOMERCIAL,200,210.01,,85.05,93.46,0.12,4.06,,,3.1,45 DIAS CREDITO,24.34227273,1.476120185
69072,08/08/2025,BV,NATURES SUNSHINE PRODUCTS DEL ECUADOR S.A.,FLYERS ACAÍ,PUBLICOMERCIAL,200,135,,45.87,67.21,0.12,2.57,,,3.93,45 DIAS CREDITO,15.42,2.911111111
69079,08/08/2025,ASS,AGROPESA,CALENDARI GROPESA 15X21,PUBLICOMERCIAL,1800,5540.47,,3038.64,974.24,0.25,81.33,,,108.64,"50% ANTICIPO, SALDO CONTRA ENTREGA",1337.626667,1.960844477
69080,08/08/2025,BV,ODELLA S.A.S.,Etiquetas vinos,PUBLICOMERCIAL,60,124.56,,34.17,72.6,0.1,,,,5.93,30 DIAS CREDITO,11.86333333,4.760757868
69083,08/08/2025,ASS,SANTILLANA S.A.,CATÁLOGO LQL 2026,PUBLICOMERCIAL,1000,4550,,2238.61,1697.37,0.1,87.47,,,89.22,,437.3311111,1.960879121
69084,08/08/2025,ASS,SANTILLANA S.A.,CATALOGO CREO 2006,PUBLICOMERCIAL,600,580,,208.19,293.53,0.1,11.15,,,11.37,120 DIAS CREDITO,55.74666667,1.960344828
69096,12/08/2025,CTAG,ALISERVIS S.A.,REIMPRESIÓN ETIQUETA MEDIUM - GARDEN SALAD,PUBLICOMERCIAL,8000,745,23913,359.11,271.03,0.12,14.32,,,14.61,30 DIAS CREDITO,85.92818182,1.961073826
69093,12/08/2025,ASS,SANTILLANA S.A.,EC024823 - Primary Fly Higher 1 Practice Book,EDITORIAL,600,1590,23911,787.3,713.27,0.0185,,30.58,,30.58,120 DIAS CREDITO,28.28379521,1.92327044
69094,12/08/2025,ASS,SANTILLANA S.A.,EC044394 - Preschool Go for it! 1 Student's Book,EDITORIAL,600,1788.01,23912,895.68,794.15,0.0171,,34.38,,34.38,120 DIAS CREDITO,29.3988127,1.922808038
69100,12/08/2025,MC,YUNNY RIVERA CUSME,lIBROS FILOSOFIA 2 - 2 PORTADAS,EDITORIAL,1500,3300,23914,1550.57,1538.1,0.05,,,,48.77,90 DIAS CREDITO,162.5615789,1.477878788
69098,12/08/2025,MC,TIPAN UMATAMBO SEGUNDO MARCO,REIMPRESIÓN LIBRO AVENTURAS DEL ARTE 8,EDITORIAL,2000,3040,23919,1212.99,1459.87,0.09,,58.74,,44.06,180 DIAS CREDITO ,264.3487912,1.449342105
69099,12/08/2025,MC,SANCHEZ CARRASCO PAUL VICENTE,REIMPRESIÓN AGENDA KAPITO - PORTADA NUEVA y PLIEGO NUEVO,PUBLICOMERCIAL,3000,3567,23924,1617.17,1362.12,0.1225,67.9,,,103.89,120 DIAS CREDITO,415.9122792,2.912531539
69007,12/08/2025,BV,JABONERIA WILSON S.A.,DISPLAY GOL,PUBLICOMERCIAL,15000,6475.85,,3153.42,1777.74,0.2,123.28,,,188.62,60 DIAS CREDITO,1232.79,2.912667835
69040,12/08/2025,ASS,SANTILLANA S.A.,AGENDA PREMIUM,PUBLICOMERCIAL,700,2739.98,,1526.87,580.81,0.2,,52.69,,52.69,,526.92,1.923006737
69049,12/08/2025,ASS,SANTILLANA S.A.,libros con data variable bond 90gr + adhesivo,EDITORIAL,300,1677.54,,737.19,842.63,0.03,,16.29,,32.57,POR COTIZAR,48.86041237,1.941533436
69054,12/08/2025,ASS,SANTILLANA S.A.,SOBRE,PUBLICOMERCIAL,600,411.51,,171.18,216.37,0.03,,4,,7.99,,11.98608247,1.941629608
69058,12/08/2025,ASS,OTECEL S.A.,COLGANTE,PUBLICOMERCIAL,500,463.54,,273.11,136.79,0.08,8.91,,,9.09,60 DIAS CREDITO,35.64347826,1.960995815
69076,12/08/2025,CTAG,DIDACTICA-EDITORIAL S.A.S.,REIMPRESIÓN IMAGINA Y APRENDE 4 AÑOS INICIAL,EDITORIAL,3000,22217.28,,11464.15,8752.53,0.04,,,315.89,842.36,,842.3616667,3.791463221
69095,12/08/2025,MC,CARRERA MIRIAN SUSANA,FOLLETOS,PUBLICOMERCIAL,1000,1500,,682.9,602.08,0.1,28.56,,,43.69,,142.7755556,2.912666667
69097,12/08/2025,MC,CARRERA MIRIAN SUSANA,FOLLETOS - 12PG,PUBLICOMERCIAL,1000,875,,360.03,396.96,0.1,8.41,,,25.49,,84.11,2.913142857
69106,13/08/2025,CTAG,AMC ECUADOR CIA.LTDA.,REIMPRESIÓN PLIEGOS KNL FLORES 60X90,PUBLICOMERCIAL,15000,315,23917,35.95,265.08,0.03,,,,4.66,30 DIAS CREDITO,9.310206186,1.479365079
69102,13/08/2025,MC,TERAN ANDRADE FREDDY DAVID,REIMPRESÍON LIBRO BIOLOGÍA 2 en acciÓn,PUBLICOMERCIAL,200,1588,23915,329.3,1094.42,0.09,,,,23.47,90 DIAS CREDITO,140.8074725,1.477959698
69104,13/08/2025,BV,NATURES SUNSHINE PRODUCTS DEL ECUADOR S.A.,telas logos NAtURE´S Y POWER,PUBLICOMERCIAL,2,33.92,23916,40,-13.85,0.19,0.65,,,0.99,45 DIAS CREDITO,6.133950617,2.918632075
69103,13/08/2025,ASS,OTECEL S.A.,tripticos MOVISTAR WEEKS,PUBLICOMERCIAL,51150,1304.33,23926,784.27,366.61,0.1,,,,25.58,60 DIAS CREDITO,127.8755556,1.961160136
69101,13/08/2025,ASS,BFS ECUADOR S.A,CAJA PASTA DURA,EMPAQUE,20,700,,291.06,247.2,0.2,13.46,,,13.73,,134.565,1.961428571
69105,13/08/2025,BV,GRUPO TRANSBEL S.A,FLYER CAJA DE PEDIDO C14,PUBLICOMERCIAL,800,280.01,,137.75,88.79,0.15,5.33,,,8.16,90 DIAS CREDITO,39.97764706,2.914181636
69107,13/08/2025,MC,SANCHEZ CARRASCO PAUL VICENTE,REIMPRESIÓN AGENDA KAPITO - PORTADA NUEVA y PLIEGO NUEVO,PUBLICOMERCIAL,2500,3625,,1555.02,1472.71,0.1225,69.01,,,105.58,POR COTIZAR,422.6745584,2.912551724
69109,14/08/2025,BV,GUEVARA FANNY MARITZA,REVISTA BUEN VIAJE # 172,PUBLICOMERCIAL,1600,2153.9,23918,874.04,766.09,0.2,41,,,62.73,POR COTIZAR,410.0325,2.912391476
69111,14/08/2025,MC,TIPAN UMATAMBO SEGUNDO MARCO,REIMPRESIÓN LIBRO AVENTURAS DEL ARTE 9,EDITORIAL,2000,3040,23920,1212.99,1459.87,0.09,,58.74,,44.06,180 DIAS CREDITO ,264.3487912,1.449342105
69112,14/08/2025,MC,TIPAN UMATAMBO SEGUNDO MARCO,REIMPRESIÓN LIBRO AVENTURAS DEL ARTE 10,EDITORIAL,2000,3040,23921,1212.99,1459.87,0.09,,58.74,,44.06,180 DIAS CREDITO ,264.3487912,1.449342105
69110,14/08/2025,BV,PRODUCTOS FAMILIA SANCELA DEL ECUADOR S.A.,Cenefas,PUBLICOMERCIAL,1000,193,23935,72.39,74.58,0.2,3.67,,,5.62,60 DIAS CREDITO,36.7425,2.911917098
69108,14/08/2025,ASS,SANTILLANA S.A.,llaves digitales - acceso digital compartir advance,PUBLICOMERCIAL,9000,3197.4,,796.85,2214.29,0.03,,31.04,,62.09,,93.12804124,1.941890286
69122,15/08/2025,CTAG,ALISERVIS S.A.,VOLANTES boots week,PUBLICOMERCIAL,108490,1139.15,23925,521.93,594.44,0.02,,,,,30 DIAS CREDITO,22.78306122,
69114,15/08/2025,BV,UMCO S.A.,REIMPRESIÓN SEPARADOR PAPEL EARTH 32 x 30,PUBLICOMERCIAL,30000,840,23923,338.7,372.89,0.11,15.99,,,24.47,45 DIAS CREDITO,87.94932584,2.913095238
69115,15/08/2025,MC,SANCHEZ CARRASCO PAUL VICENTE,REIMPRESIÓN LIBRO CORAZON LITERARIO 1ro,EDITORIAL,1000,2200,23945,703.67,1160.03,0.11,41.88,,,64.08,60 DIAS CREDITO,230.3449438,2.912727273
69116,15/08/2025,MC,LOPEZ ROBLERO VIVIANA DEL CARMEN,REIMPRESIÓN libro corazon literario 2do,EDITORIAL,1500,2550,,896.94,1166.17,0.15,48.54,,,74.27,,364.0782353,2.91254902
69117,15/08/2025,MC,LOPEZ ROBLERO VIVIANA DEL CARMEN,LIBROS CORAZON LITERARIO 3ro,EDITORIAL,1500,2780,,933.67,1298.32,0.1565,52.92,,,80.97,,414.1155127,2.912589928
69118,15/08/2025,CTAG,DIDACTICA-EDITORIAL S.A.S.,FOLLETO  MODELO DE EVALUACION,EDITORIAL,100,1450,,182.03,1058.36,0.11,27.87,,,28.43,,153.3066292,1.960689655
69119,15/08/2025,MC,YUNNY RIVERA CUSME,serie 6 textos,EDITORIAL,1500,2925,,1294.27,1212.87,0.1,,55.71,,83.57,90 DIAS CREDITO,278.5711111,2.857094017
69120,15/08/2025,MC,YUNNY RIVERA CUSME,folleto para serie 6 textos,EDITORIAL,1500,480,,134.85,276.34,0.1,9.14,,,13.98,90 DIAS CREDITO,45.68777778,2.9125
69121,15/08/2025,MC,YUNNY RIVERA CUSME,serie 6 textos CON FOLLETO,EDITORIAL,1500,3240,,1373.3,1372.99,0.11,,61.71,,92.57,90 DIAS CREDITO,339.4291011,2.857098765
69124,18/08/2025,ASS,BOOKS & BITS ECUADOR S.A.,PLANEADOR,PUBLICOMERCIAL,1000,1100,23927,410.71,565.26,0.095,,,,21.57,45 DIAS CREDITO,102.4498895,1.960909091
69123,18/08/2025,CTAG,MEGAPUBLISHER S.A.S,libros regulares 12 titulos,EDITORIAL,2200,3304.2,,1522.81,1617.81,0.04,,,,32.71,90 DIAS CREDITO,130.8591667,0.989952182
69126,18/08/2025,ASS,EMPRESA OPERADORA METRO DE MEDELLIN TRANSDEV EOMMT S.A.S.,libreta pasta dura,PUBLICOMERCIAL,5000,11062.5,,3198.1,4548.75,0.275,213.71,,,163.49,60 DIAS CREDITO,2938.460345,1.477875706
69128,19/08/2025,MC,SANCHEZ CARRASCO PAUL VICENTE,LIBROS ARTE VIVO 8 ALUMNO Y DOCENTE,EDITORIAL,2000,3200,23929,1424.76,1316.53,0.1,60.92,,,93.2,90 DIAS CREDITO,304.5877778,2.9125
69129,19/08/2025,MC,SANCHEZ CARRASCO PAUL VICENTE,LIBROS ARTE VIVO 10 ALUMNO Y DOCENTE,EDITORIAL,2000,3200,23930,1417.94,1306.29,0.1056,60.92,,,93.2,90 DIAS CREDITO,321.6443292,2.9125
69127,19/08/2025,MC,TERAN ANDRADE FREDDY DAVID,REIMPRESIÍON LIBRO BIOLOGÍA en accion 1,PUBLICOMERCIAL,150,1195,23931,270.84,847.63,0.05,,,,17.66,90 DIAS CREDITO,58.86684211,1.477824268
69130,19/08/2025,BV,THATBOOK S.A.S. B.I.C.,LIBRO AVENTUREROS PLUS INICIAL 1 - 3 A 4 AÑOS,EDITORIAL,1500,11325,23932,4736.85,3894.09,0.135,,1197.36,,149.67,POR COTIZAR,1347.025318,1.321589404
69131,19/08/2025,CTAG,MARCO CHICAIZA,volantes a5,PUBLICOMERCIAL,1000,140,,42.19,79.87,0.1,2.71,,,1.66,,13.56222222,1.185714286
69132,20/08/2025,MC,SANCHEZ CARRASCO PAUL VICENTE,LIBROS ARTE VIVO 9 ALUMNO Y DOCENTE,EDITORIAL,2000,3200,23933,1417.94,1306.29,0.1056,60.92,,,93.2,90 DIAS CREDITO,321.6443292,2.9125
69133,20/08/2025,MC,YUNNY RIVERA CUSME,REIMPRESIÓN LIBRO I KNOW KIDS 4 - ANILLADO,PUBLICOMERCIAL,2000,4000,23934,1655.47,1470.1,0.14,72.69,181.72,,111.21,90 DIAS CREDITO,508.8137209,2.78025
69134,22/08/2025,CTAG,MEGAPUBLISHER S.A.S,LIBRO ECA 10 EGB - ALUMNO Y DOCENTE,EDITORIAL,3000,4405.92,23937,2121.23,2153.82,0.02,,,,43.62,90 DIAS CREDITO,87.24591837,0.990031594
69136,22/08/2025,CTAG,MEGAPUBLISHER S.A.S,LIBRO ECA 9 EGB - ALUMNO Y DOCENTE,EDITORIAL,3000,4405.92,23938,2121.23,2153.82,0.02,,,,43.62,90 DIAS CREDITO,87.24591837,0.990031594
69137,25/08/2025,CTAG,MEGAPUBLISHER S.A.S,LIBRO ECA 8 EGB - ALUMNO Y DOCENTE,EDITORIAL,3000,4621.83,23939,2180.3,2258.49,0.03,,,,45.76,90 DIAS CREDITO,137.2821649,0.990084014
69138,25/08/2025,CTAG,MEGAPUBLISHER S.A.S,LIBRO ECA 1 BGU - ALUMNO Y DOCENTE,EDITORIAL,3000,5876.13,23940,2646.13,2880.92,0.05,,,,58.18,90 DIAS CREDITO,290.8973684,0.990107435
69139,25/08/2025,CTAG,MEGAPUBLISHER S.A.S,LIBRO ECA 2 BGU - ALUMNO Y DOCENTE,EDITORIAL,3000,5876.13,23941,2646.13,2880.92,0.05,,,,58.18,90 DIAS CREDITO,290.8973684,0.990107435
69140,26/08/2025,CTAG,ALISERVIS S.A.,REIMPRESION VOLANTES NACIONAL SEPTIEMBRE 30 AÑOS EN ECUADOR $7.99 inc. IVA - 1 INGREDIENTE MEDIANA,PUBLICOMERCIAL,432775,4544.14,23942,2617.51,1376.67,0.09,87.78,,,67.15,30 DIAS CREDITO,395.0287912,1.477727359
69141,26/08/2025,BV,EDICIONES HOLGUIN S.A.,LIBRO Luz Roja,EDITORIAL,1000,1384.92,23943,585.37,684.52,0.06,13.51,,,20.47,90 DIAS CREDITO,81.05680851,1.478063715
69142,26/08/2025,BV,NATURES SUNSHINE PRODUCTS DEL ECUADOR S.A.,AFICHES ACAI,PUBLICOMERCIAL,300,220,23944,95.18,96.07,0.1,4.25,,,3.25,45 DIAS CREDITO,21.25,1.477272727
69143,26/08/2025,ASS,BFS ECUADOR S.A,CAJA PASTA DURA,EMPAQUE,25,812.5,,319.18,437.56,0.05,,,,15.93,"50% ANTICIPO, SALDO CONTRA ENTREGA",39.82842105,1.960615385
69135,27/08/2025,ASS,OTECEL S.A.,TEND CARD MOVISTAr y tuenti,PUBLICOMERCIAL,8100,1603.8,23946,686.66,571.93,0.16,29.97,44.95,,30.57,60 DIAS CREDITO,239.7314286,1.906098017
69144,27/08/2025,BV,HINODE ECUADOR CIA.LTDA.,CATÁLOGO HINODE - CLICLO 05,PUBLICOMERCIAL,800,2020,23947,834.78,741.85,0.18,38.45,,,58.83,60 DIAS CREDITO,346.0895122,2.912376238
69147,27/08/2025,BV,NATURES SUNSHINE PRODUCTS DEL ECUADOR S.A.,ROLL UPS,PUBLICOMERCIAL,2,78,23948,66.24,-11.72,0.244,2.16,,1.49,2.23,45 DIAS CREDITO,17.59640212,2.858974359
69145,27/08/2025,BV,THATBOOK S.A.S. B.I.C.,LIBRO PREESCRITURA Y PRE MATEMÁTICAS,EDITORIAL,1500,6370,23950,2601.08,2469.57,0.152,119.59,179.39,,91.49,90 DIAS CREDITO,908.8900943,1.436263736
69146,27/08/2025,CTAG,PAMELA SILVA,LIBRO,EDITORIAL,1200,3900,,1785.66,1775.47,0.05,74.97,,,76.47,,187.4278947,1.960769231
68952,28/08/2025,CTAG,PLUGIN,AGENDA PASTA DURA,PUBLICOMERCIAL,100,695,23951,117.3,486.88,0.1,13.43,,,10.27,POR COTIZAR,67.13111111,1.477697842
69149,28/08/2025,BV,EDICIONES HOLGUIN S.A.,BROCHURE,PUBLICOMERCIAL,1000,862,23949,353.95,339.36,0.155,16.41,,,25.11,60 DIAS CREDITO,127.1752071,2.912993039
69151,28/08/2025,MC,SANCHEZ CARRASCO PAUL VICENTE,reimpresión LIBRO CORAZON LITERARIO 2DO,EDITORIAL,1000,1950,23952,630.18,1021.73,0.11,37.12,,,56.8,60 DIAS CREDITO,204.1686517,2.912820513
69152,28/08/2025,MC,SANCHEZ CARRASCO PAUL VICENTE,REIMPRESIÓN LIBROS CORAZON LITERARIO 3RO,EDITORIAL,1000,2100,23953,654.46,1124.53,0.11,39.98,,,61.17,60 DIAS CREDITO,219.8751685,2.912857143
69148,28/08/2025,ASS,CAMARA DE INDUSTRIAS Y COMERCIO ECUATORIANO-BRITANICA,revista institucional LINKS,PUBLICOMERCIAL,1000,2281.49,,953.26,801.06,0.2,43.86,,,44.74,30 DIAS CREDITO,438.58,1.960999172
69150,28/08/2025,ASS,SANTILLANA S.A.,stickers / adhesivos,PUBLICOMERCIAL,150,125,,81.21,26.92,0.1,2.4,,,2.45,120 DIAS CREDITO,12.01444444,1.96
69153,28/08/2025,CTAG,ESCUELA POLITECNICA NACIONAL,FOLLETO,PUBLICOMERCIAL,570,708.17,,304.72,187.81,0.17,11.87,,90.79,12.11,,100.8796386,1.710041374
69154,29/08/2025,BV,HOLGUINCORP S.A.S,LIBRO MATEMÁTICAS 1 BGU,EDITORIAL,1000,5252,23954,2329.54,2637.87,0.04,,,,77.62,120 DIAS CREDITO,206.9754167,1.477913176
69155,29/08/2025,BV,EDICIONES HOLGUIN S.A.,LIBRO MATEMÁTICAS 2BGU,EDITORIAL,1000,4960,,2165.29,2525.95,0.04,,,,73.3,60 DIAS CREDITO,195.4683333,1.477822581
69156,29/08/2025,CTAG,"RED DE INSTITUCIONES FINANCIERAS		",libro,EDITORIAL,200,5400,,1630.94,1742.76,0.35,103.81,,,105.88,POR COTIZAR,1816.607692,1.960740741
69157,01/09/2025,ASS,SANTILLANA S.A.,Sistemas Kids Inicial 3 y 4 años - OPCIÓN 1 - Encolado,EDITORIAL,1200,10044.01,,5188.64,3898.79,0.05,,286.97,,191.31,,478.2857895,1.904717339
69158,01/09/2025,ASS,SANTILLANA S.A.,Sistemas Kids Inicial 3 y 4 años - OPCIÓN 1 - aNILLADO,EDITORIAL,1200,10380.01,,5428.64,3962.79,0.05,,296.57,,197.71,,494.2857895,1.904718782
69159,01/09/2025,MC,TIPAN UMATAMBO SEGUNDO MARCO,REIMPRESIÓN LIBRO AVENTURAS DEL ARTE 3,EDITORIAL,2000,3040,23955,1273.94,1448.97,0.064,,87.27,,43.64,180 días,186.1818803,1.435526316
69160,01/09/2025,ASS,SANTILLANA S.A.,Sistemas Kids Inicial 3 y 4 años - OPCIÓN 2 - aNILLADO,EDITORIAL,1200,8196.01,,4300.03,2881.23,0.08,,234.17,,156.11,,624.4573913,1.90470729
69161,01/09/2025,ASS,SANTILLANA S.A.,Sistemas Kids Inicial 3 y 4 años - OPCIÓN 2 - ENCOLADO,EDITORIAL,1200,7848.01,,4060.03,2816.31,0.08,,224.23,,149.49,,597.9426087,1.904814087
69162,01/09/2025,ASS,BOOKS & BITS ECUADOR S.A.,reimpresión PLANEADOR,PUBLICOMERCIAL,500,700,23975,168.84,455.67,0.09,,,,13.73,45 DIAS,61.76472527,1.961428571
69163,01/09/2025,MC,TIPAN UMATAMBO SEGUNDO MARCO,REIMPRESIÓN LIBRO AVENTURAS DEL ARTE 4,EDITORIAL,2000,3040,23956,1273.94,1448.97,0.064,,87.27,,43.64,180 días,186.1818803,1.435526316
69164,01/09/2025,MC,TIPAN UMATAMBO SEGUNDO MARCO,REIMPRESIÓN LIBRO AVENTURAS DEL ARTE 5,EDITORIAL,2000,3040,23957,1273.94,1448.97,0.064,,87.27,,43.64,180 días,186.1818803,1.435526316
69165,01/09/2025,MC,TIPAN UMATAMBO SEGUNDO MARCO,REIMPRESIÓN LIBRO AVENTURAS DEL ARTE 6,EDITORIAL,2000,3040,23958,1273.94,1448.97,0.064,,87.27,,43.64,180 días,186.1818803,1.435526316
69166,01/09/2025,MC,TIPAN UMATAMBO SEGUNDO MARCO,REIMPRESIÓN LIBRO AVENTURAS DEL ARTE 7,EDITORIAL,2000,3040,23959,1273.94,1448.97,0.064,,87.27,,43.64,180 días,186.1818803,1.435526316
69167,01/09/2025,BV,HOLGUINCORP S.A.S,LIBRO MATEMÁTICAS 2 BGU,EDITORIAL,1000,4960,23960,2156.27,2520.3,0.043,,,,73.3,120 DIAS,210.1280146,1.477822581
69168,01/09/2025,CTAG,MANOSALVAS MARTINEZ JANETH,REVISTA 8 pg - septiembre,PUBLICOMERCIAL,850,400,23966,162.15,214.09,0.05,3.96,,,,15 DIAS,19.80210526,
69169,01/09/2025,BV,UMCO S.A.,reimpresimón SEPARADOR 64x45,PUBLICOMERCIAL,4000,350.8,23961,156.17,141.01,0.11,6.68,,,10.22,45 DIAS,36.73011236,2.913340935
69170,02/09/2025,CTAG,AMC ECUADOR CIA.LTDA.,REIMPRESIÓN PLIEGOS KNL FLORES 60X90,PUBLICOMERCIAL,15500,294.5,23962,36.7,244.74,0.03,,,,4.35,30 DÍAS CRÉDITO,8.704329897,1.477079796
69171,02/09/2025,CTAG,AMC ECUADOR CIA.LTDA.,REIMPRESIÓN PLIEGOS NINA FLOWERS FLORES 60X90,PUBLICOMERCIAL,20000,378.95,23963,43.45,316.55,0.05,,,,,30 DÍAS CRÉDITO,18.94736842,
69172,02/09/2025,BV,ZALDUMBIDE VERDEZOTO MARIA MAGDALENA,stickers logo,PUBLICOMERCIAL,1000,180,,41.37,104.26,0.15,3.43,,,5.24,CONTADO,25.69941176,2.911111111
69173,02/09/2025,BV,JABONERIA WILSON S.A.,TARJETA ROJA PROYECTO LEAN,PUBLICOMERCIAL,10,25,,26.47,-4.3,0.1,,,,0.37,60 DIAS CREDITO,2.463333333,1.48
69174,02/09/2025,ASS,OTECEL S.A.,tripticos MOVISTAR WEEKS - SEPTIEMBRE,PUBLICOMERCIAL,51150,1304.33,23965,784.27,366.61,0.1,,,,25.58,60 DIAS,127.8755556,1.961160136
69175,02/09/2025,ASS,BFS ECUADOR S.A,CAJA PASTA DURA,EMPAQUE,25,812.5,23964,313.7,443.04,0.05,,,,15.93,"50% ANTICIPO, SALDO CONTRA ENTREGA",39.82842105,1.960615385
69176,03/09/2025,CTAG,MEGAPUBLISHER S.A.S,LIBROS ECA 2EGB,EDITORIAL,3000,4278,23967,2036.62,2199.02,0,,,,42.36,150 DIAS,0,0.990182328
69177,03/09/2025,CTAG,MEGAPUBLISHER S.A.S,LIBROS ECA 3EGB,EDITORIAL,3000,4278,23968,2036.62,2199.02,0,,,,42.36,150 DIAS,0,0.990182328
69178,03/09/2025,MC,CACERES MALDONADO JAIME GONZALO,FOLLETOS,PUBLICOMERCIAL,100,980,,377.75,461.78,0.1,18.66,,,28.54,50% ANTICIPO - 50% CONTRA ENTREGA,93.28111111,2.912244898
69179,03/09/2025,CTAG,MEGAPUBLISHER S.A.S,LIBROS ECA 4EGB,EDITORIAL,3000,4140,23969,1995.68,2103.34,0,,,,40.99,150 DIAS,0,0.990096618
69180,03/09/2025,CTAG,MEGAPUBLISHER S.A.S,LIBROS ECA 5EGB,EDITORIAL,3000,4002,23970,1932.87,2029.51,0,,,,39.62,150 DIAS,0,0.990004998
69181,03/09/2025,CTAG,MEGAPUBLISHER S.A.S,LIBROS ECA 6EGB,EDITORIAL,3000,4002,23971,1932.87,2029.51,0,,,,39.62,150 DIAS,0,0.990004998
69182,03/09/2025,CTAG,MEGAPUBLISHER S.A.S,LIBROS ECA 7EGB,EDITORIAL,3000,4002,23972,1932.87,2029.51,0,,,,39.62,150 DIAS,0,0.990004998
69183,03/09/2025,CTAG,MEGAPUBLISHER S.A.S,LIBROS ECA 1EGB,EDITORIAL,3000,4692,23973,2201.18,2272.48,0.037,,,,46.46,150 DIAS,171.8851713,0.990196078
69185,03/09/2025,BV,EDICIONES HOLGUIN S.A.,LIBRO MATEMÁTICAS 2BGU,EDITORIAL,1500,3260.05,,1463.1,1588.18,0.05,,,,48.18,60 DIAS CREDITO,160.5936842,1.477891443
69186,03/09/2025,ASS,MUNACAI,CAJA CHOCOLATE RECTANGULAR,EMPAQUE,1000,687.02,,339.51,122.73,0.3,13.21,,,13.47,contado,198.1028571,1.960641612
69187,03/09/2025,ASS,MUNACAO,CAJA CHOCOLATE TRIANGULAR,EMPAQUE,1000,722.88,,354.52,104.05,0.34,13.9,,,14.17,,236.2330303,1.960214697
69188,03/09/2025,ASS,MUNACAI,CAJA CHOCOLATE INDIVIDUAL PEQUEÑA,EMPAQUE,1000,566.94,,283.26,98.19,0.3,10.9,,,11.12,CONTADO,163.4785714,1.961406851
69189,03/09/2025,ASS,MUNACAI,CAJA PASTA DURA,CAJAS PASTA DURA,1000,1684.82,,529.42,847.06,0.15,32.39,,,33.04,CONTADO,242.9082353,1.961040349
69184,04/09/2025,ASS,OTECEL S.A.,AFICHE ATENCIONES,PUBLICOMERCIAL,20000,4320.01,23976,2090.72,1463.61,0.144,83.05,,,84.71,,597.9246729,1.960875091
69190,04/09/2025,CTAG,SILVA VILEMA WILSON RODRIGO,REGLAMENTO SEGURIDAD,PUBLICOMERCIAL,2400,3032,23974,1386.51,918.31,0.213,58.57,,,44.81,60 DIAS,623.7949936,1.477902375
69191,04/09/2025,ASS,MUNACAI,CAJA CHOCOLATE INDIVIDUAL PEQUEÑA,EMPAQUE,3000,707,,343.47,132.21,0.3,13.59,,,13.86,CONTADO,203.8628571,1.96039604
69192,04/09/2025,ASS,MUNACAI,CAJA CHOCOLATE RECTANGULAR,EMPAQUE,3000,995,,482.12,149.08,0.34,19.13,,,19.51,,325.1636364,1.96080402
69193,04/09/2025,ASS,MUNACAO,CAJA CHOCOLATE TRIANGULAR,EMPAQUE,3000,1139.1,,575.56,136.11,0.35,21.9,,,22.34,POR COTIZAR,383.2069231,1.961197437
69194,04/09/2025,BV,LÍDERES EDICIONES,libros - 2 titulos,EDITORIAL,3100,5859.94,,2950.83,2533.85,0.05,,,,86.6,cheque a 60 días,288.6673684,1.477830831
69195,04/09/2025,BV,LÍDERES EDICIONES,libros - 1 titulos,EDITORIAL,3100,5899.04,,2917.74,2603.54,0.05,,,,87.18,cheque a 60 días,290.5936842,1.477867585
69196,04/09/2025,ASS,OTECEL S.A.,STICKER ayudaventas ATENCIONES,PUBLICOMERCIAL,15000,1215,23977,840,273.76,0.065,,,,23.82,60 DIAS,77.42716578,1.960493827
69197,04/09/2025,ASS,OTECEL S.A.,tripticos ATENCIONES,PUBLICOMERCIAL,30000,1020,23978,557.23,295.71,0.13,19.61,,,20,60 DIAS,127.4508046,1.960784314
69198,04/09/2025,ASS,OTECEL S.A.,VIBRIN ATENCIONES,PUBLICOMERCIAL,15000,2565,23979,874.9,850.88,0.3,49.31,,,50.29,60 DIAS CREDITO,739.62,1.960623782
69199,05/09/2025,BV,THATBOOK S.A.S. B.I.C.,Libro PLayground Starter - 75gr,EDITORIAL,1000,3800,23988,1408.6,1555.63,0.13,68.14,272.57,,52.13,50% NOVIEMBRE - 50% jUNIO 2026,442.9309195,1.371842105
69200,05/09/2025,BV,THATBOOK S.A.S. B.I.C.,libro Habia Una vez 6,EDITORIAL,1200,2520,23989,834.79,940.96,0.2,44.39,221.97,,33.96,50% NOVIEMBRE - 50% jUNIO 2026,443.9375,1.347619048
69201,05/09/2025,ASS,OTECEL S.A.,AFICHE CHIP,PUBLICOMERCIAL,20000,4320,23980,2078.78,1450.63,0.15,83.04,,,84.71,,622.8370588,1.96087963
69202,05/09/2025,ASS,OTECEL S.A.,AFICHE COMBOS,PUBLICOMERCIAL,20000,4320,23981,2078.78,1450.63,0.15,83.04,,,84.71,,622.8370588,1.96087963
69203,05/09/2025,ASS,OTECEL S.A.,STICKER ayudaventas COMBOS,PUBLICOMERCIAL,15000,1215,23982,840,273.76,0.065,,,,23.82,60 DIAS,77.42716578,1.960493827
69204,05/09/2025,ASS,OTECEL S.A.,VOLANTES CHIP / COMBO,PUBLICOMERCIAL,70000,1260,23983,483.59,424.72,0.25,24.22,,,24.71,60 DIAS CREDITO,302.77,1.961111111
69205,05/09/2025,MC,TANIA VILLEGAS,FOLLETOS GRAPADO - 32pg,PUBLICOMERCIAL,1000,1199,,530.5,462.39,0.13,22.83,,,34.92,"50% ANTICIPO, SALDO CONTRA ENTREGA",148.3628736,2.912427023
69206,05/09/2025,MC,TANIA VILLEGAS,FOLLETOS GRAPADO - 28pg,PUBLICOMERCIAL,1000,1280,,545.22,551.29,0.1,24.37,,,37.28,"50% ANTICIPO, SALDO CONTRA ENTREGA",121.8344444,2.9125
69207,05/09/2025,ASS,OTECEL S.A.,VOLANTES PORTABILIDAD,PUBLICOMERCIAL,30000,810,23984,321.1,278.38,0.23,15.57,,,15.88,60 DIAS CREDITO,179.0654545,1.960493827
69208,05/09/2025,ASS,OTECEL S.A.,VOLANTES R. AUTO,PUBLICOMERCIAL,30000,810,23985,321.1,278.38,0.23,15.57,,,15.88,60 DIAS CREDITO,179.0654545,1.960493827
69209,05/09/2025,BV,THATBOOK S.A.S. B.I.C.,Libro PLayground Starter - 90gr,EDITORIAL,1000,4093.61,,1687.76,1571.42,0.12,74.07,259.25,,56.67,50% NOVIEMBRE - 50% jUNIO 2026,444.4336364,1.384352686
69210,05/09/2025,CTAG,OMAR ESMAIL,FOLLETO,EDITORIAL,5000,1539.83,,853.51,609.33,0.05,,,,,,76.99157895,
69211,05/09/2025,BV,AUQUILLA FREIRE DIEGO SEBASTIAN,AGENDAS A5,PUBLICOMERCIAL,950,3375,24025,2043.95,381.44,0.245,64.25,,,98.3,50% anticipo y 60 DIAS CREDITO,787.0470861,2.912592593
69212,05/09/2025,ASS,BFS ECUADOR S.A,sachets,EMPAQUE,300,840,,434.01,211.9,0.2,16.15,,,16.47,,161.4775,1.960714286
69213,05/09/2025,ASS,BFS ECUADOR S.A,FAJIN,PUBLICOMERCIAL,300,594,,326.93,129.81,0.2,11.42,,,11.65,,114.185,1.961279461
69214,05/09/2025,ASS,BFS ECUADOR S.A,PAPEL DE REGALO,PUBLICOMERCIAL,500,275,,117.49,107.18,0.15,5.29,,,5.39,,39.64764706,1.96
69215,08/09/2025,ASS,AGLOMERADOS COTOPAXI S.A,FLYERS A5,PUBLICOMERCIAL,600,180,,63.46,85.33,0.14,3.46,,,3.53,POR COTIZAR,24.22162791,1.961111111
69216,08/09/2025,BV,AUQUILLA FREIRE DIEGO SEBASTIAN,AGENDAS A5 - 4 portadas diferentes,PUBLICOMERCIAL,800,2680.01,,1530.8,280.37,0.29,51.02,,,78.06,60 DIAS CREDITO,739.773662,2.912675699
69217,08/09/2025,CTAG,FIAMA YAMBERLA,FLYERS A5,PUBLICOMERCIAL,500,165,,57.02,77.78,0.15,3.17,,,3.24,,23.78823529,1.963636364
69218,08/09/2025,ASS,AGLOMERADOS COTOPAXI S.A,ADHESIVOS 18X14,PUBLICOMERCIAL,40,36.01,23986,23.19,4.5,0.2,0.69,,,0.71,60 DIAS CREDITO,6.9225,1.971674535
69219,08/09/2025,CTAG,MEGABOOKS,LIBRO SUEÑOS DE TINTA 8vo AÑO,EDITORIAL,1000,1980,23993,914.99,1065.02,0,,,,,90 días,0,
69220,09/09/2025,MC,YUNNY RIVERA CUSME,REIMPRESIÓN LIBRO CALIGRAFITOS PLUS 4 EGB,EDITORIAL,2000,3480,23987,1321.68,1583.28,0.123,66.25,,,101.36,90 DIAS,407.4231243,2.912643678
69221,09/09/2025,BV,JOSÉ LUIS MARTÍNEZ,TRÍPTICOS,PUBLICOMERCIAL,50,89.74,,31.54,41.07,0.15,1.71,,,2.61,,12.81352941,2.90840205
69224,10/09/2025,MC,TIPAN UMATAMBO SEGUNDO MARCO,REIMPRESIÓN LIBRO AVENTURAS DEL ARTE 2,EDITORIAL,2000,3040,23992,1273.94,1448.97,0.064,,87.27,,43.64,180 días,186.1818803,1.435526316
69225,10/09/2025,BV,GRUPO TRANSBEL S.A,CARTILLA L´BEL BODY EXPERT,PUBLICOMERCIAL,800,48.01,,17.15,30.15,0,,,,0.71,90 DIAS CREDITO,0,1.478858571
69226,10/09/2025,CTAG,MEGABOOKS,LIBRO SUEÑOS DE TINTA 9no AÑO,EDITORIAL,1000,1980,23994,914.99,1065.02,0,,,,,90 días,0,
69227,10/09/2025,CTAG,MEGABOOKS,LIBRO SUEÑOS DE TINTA 10MO AÑO,EDITORIAL,1000,1980,23995,914.99,1065.02,0,,,,,90 días,0,
69228,10/09/2025,CTAG,PLUGIN,LIBRO A5 con UV Selectivo,EDITORIAL,200,2650,,1497.39,555.07,0.21,,,,51.96,POR COTIZAR,545.5906329,1.960754717
69229,10/09/2025,CTAG,PLUGIN,LIBRO A5,EDITORIAL,200,2540,,1412.39,554.87,0.21,,,,49.8,POR COTIZAR,522.9425316,1.960629921
69230,10/09/2025,CTAG,MARGARITA DÍAZ,LIBRO A5 APAISADO,EDITORIAL,200,4390,,2389.76,967.3,0.22,,,,86.08,"50% ANTICIPO, SALDO CONTRA ENTREGA",946.8630769,1.960820046
69231,11/09/2025,ASS,EMPRESA OPERADORA METRO DE MEDELLIN TRANSDEV EOMMT S.A.S.,libreta pasta dura,PUBLICOMERCIAL,5000,11062.5,23996,3198.1,4548.75,0.275,213.71,,,163.49,60 DIAS,2938.460345,1.477875706
69233,11/09/2025,BV,THATBOOK S.A.S. B.I.C.,Libro PLayground Starter - 75gr,EDITORIAL,50,1550,23997,219.65,1054.32,0.1,,113.24,,21.23,50% NOVIEMBRE - 50% jUNIO 2026,141.5522222,1.369677419
69234,11/09/2025,BV,HOLGUINCORP S.A.S,LIBROS MARAVILLA DE LEER,EDITORIAL,700,2272.17,,1051.38,1120.05,0.03,,,,33.58,,67.15762887,1.477882377
69235,11/09/2025,BV,NATURES SUNSHINE PRODUCTS DEL ECUADOR S.A.,Flyer MULTIVITAMINAS & MINERALES,PUBLICOMERCIAL,3000,270,24010,116.19,112.54,0.11,5.14,,,7.86,45 DIAS CREDITO,28.27,2.911111111
69232,12/09/2025,ASS,PROGRAMA MUNDIAL DE ALIMENTOS,TRÍPTICOS,PUBLICOMERCIAL,3250,370.45,,161.38,159.08,0.1,7.12,,,7.26,60 DIAS CREDITO,35.60666667,1.959778648
69236,12/09/2025,ASS,CAMARA DE INDUSTRIAS Y COMERCIO ECUATORIANO-BRITANICA,revista institucional LINKS,PUBLICOMERCIAL,1000,2290,23998,965.26,795.6,0.2,44.02,,,44.9,30 días crédito,440.215,1.96069869
69237,12/09/2025,BV,UMCO S.A.,REIMPRESIÓN SEPARADOR 27X27,PUBLICOMERCIAL,60000,1260,23999,582.28,473.12,0.12,23.99,,,36.7,45 DIAS,143.9181818,2.912698413
69238,12/09/2025,ASS,EMPRESA OPERADORA METRO DE MEDELLIN TRANSDEV EOMMT S.A.S.,BANDERINES,PUBLICOMERCIAL,20000,3070.4,,1722.87,195.39,0.35,59.02,,,60.2,,1032.909231,1.960656592
69239,12/09/2025,BV,NATURES SUNSHINE PRODUCTS DEL ECUADOR S.A.,TARJETAS INFLUENCERS,PUBLICOMERCIAL,25,25,24000,23.36,-4.32,0.2,0.48,,,0.73,CONTADO,4.76,2.92
69240,12/09/2025,BV,FUNDACIÓN SURKUNA,FOLLETO A4,PUBLICOMERCIAL,300,1080,,404.14,469.64,0.15,20.56,,,31.46,,154.1964706,2.912962963
69241,12/09/2025,BV,FUNDACIÓN SURKUNA,FOLLETO A5,PUBLICOMERCIAL,900,1219.96,,416.14,559.27,0.16,23.22,,,35.53,,185.792381,2.91239057
69242,12/09/2025,BV,FUNDACIÓN SURKUNA,tríptico,PUBLICOMERCIAL,300,255,,74.93,88.41,0.12,3.71,,60,5.68,,22.27363636,2.22745098
69243,12/09/2025,ASS,EMPRESA OPERADORA METRO DE MEDELLIN TRANSDEV EOMMT S.A.S.,CORONA CARTULINA PLEGABLE,PUBLICOMERCIAL,5000,1295.33,,565.19,181.83,0.4,24.9,,,25.4,,498.0133333,1.960890275
69244,12/09/2025,CTAG,MARIO REYES,CARPETA,PUBLICOMERCIAL,1000,668,,328.2,185.44,0.2,12.84,,,13.1,"50% ANTICIPO, SALDO CONTRA ENTREGA",128.41,1.961077844
69245,12/09/2025,CTAG,MARIO REYES,cuaderno pasta dura ANILADO,PUBLICOMERCIAL,100,1433.13,,474.03,709.51,0.145,27.69,,,21.18,"50% ANTICIPO, SALDO CONTRA ENTREGA",200.7173099,1.477884072
69246,12/09/2025,CTAG,MARIO REYES,cuaderno pasta dura ENCOLADO,PUBLICOMERCIAL,100,1502.15,,573.9,666.65,0.145,29.02,,,22.2,"50% ANTICIPO, SALDO CONTRA ENTREGA",210.3856725,1.477881703
69247,15/09/2025,MC,MIRIAN SUSANA CARRERA,reimpresion GUIA DE USUARIO ALARMA,PUBLICOMERCIAL,1500,504,24001,161.27,265.69,0.11,9.59,,,14.68,30 DIAS,52.77033708,2.912698413
69248,15/09/2025,MC,Theresa Rodriguez,FOLLETO - ENCOLADO,PUBLICOMERCIAL,500,1700,,711.48,696.28,0.13,32.36,,,49.51,15 DIAS,210.3549425,2.912352941
69249,15/09/2025,MC,Theresa Rodriguez,FOLLETO - GRAPADO,PUBLICOMERCIAL,500,1475,,566.88,654.57,0.13,28.08,,,42.96,15 DIAS,182.5155172,2.912542373
69250,16/09/2025,ASS,OTECEL S.A.,Flyers Fibra Pro 900 Mbps,PUBLICOMERCIAL,30000,810,24003,273.33,310.58,0.25,15.57,,,15.88,60 DIAS CREDITO,194.6366667,1.960493827
69251,16/09/2025,MC,YUNNY RIVERA CUSME,lIBROS CIUDADANIA 1 - 2 PORTADAS,EDITORIAL,1500,3420,24002,1565.44,1635.54,0.05,,,,50.54,90 DIAS CREDITO,168.4726316,1.477777778
69252,16/09/2025,MC,TRAMA DISENO,LIBRO CACAO Y CHOCOLATE PASTA DURA,EDITORIAL,250,2430,24027,1276.62,891.32,0.09,,,,47.65,45 DIAS CREDITO,214.4116484,1.96090535
69253,16/09/2025,BV,GRUPO TRANSBEL S.A,LBEL_ Folleto TF_MEGA ENCUENTROS 2025,PUBLICOMERCIAL,100,378.95,,76.6,221.65,0.15,,17.54,,10.53,90 DIAS CREDITO,52.63235294,2.778730703
69254,16/09/2025,MC,TRAMA DISENO,"Revista Trama 190
",PUBLICOMERCIAL,250,1699,24023,747.84,858.64,0.045,,,,16.82,45 DIAS,75.69801047,0.989994114
69255,16/09/2025,MC,TRAMA DISENO,"Revista DOSSIER PAISAJISMO
",PUBLICOMERCIAL,250,1352,24022,620.54,618.24,0.07,,,,19.98,45 DIAS,93.24150538,1.477810651
69256,16/09/2025,BV,GRUPO TRANSBEL S.A,Tarjeta Bienvida,PUBLICOMERCIAL,1200,170,,74.78,66.89,0.1,,7.87,,4.72,90 DIAS CREDITO,15.74111111,2.776470588
69257,16/09/2025,MC,TRAMA DISENO,CUADERNO CONSTRUCTIVA,PUBLICOMERCIAL,300,2070,,1116.53,782.93,0.05,39.99,,,30.59,45 DIAS CREDITO,99.97157895,1.477777778
69258,16/09/2025,ASS,AGLOMERADOS COTOPAXI S.A,flyer y adhesivos para tablila,PUBLICOMERCIAL,1824,710,24004,140.06,426.35,0.17,13.65,,,13.92,60 DIAS,116.0116867,1.96056338
69259,16/09/2025,CTAG,COMERCIAL EL ARBOLITO CIA. LTDA,REIMPRESIÓN INDIVIDUALES 2 MOTIVOS,PUBLICOMERCIAL,20000,625,24005,234.84,255.38,0.18,17.93,,,9.24,30 DIAS,107.6092683,1.4784
69261,16/09/2025,CTAG,CHAIDE Y CHAIDE S.A,REIMPRESION COD.1148 ETIQUETA ALMOHADA ANTIREFLUJO B,PUBLICOMERCIAL,500,600,24006,254.54,78.33,0.4,27.74,,,17.48,POR COTIZAR,221.9133333,2.913333333
69074,17/09/2025,CTAG,OMAR ESMAIL,TRÍPTICOS,PUBLICOMERCIAL,80000,2522.14,,1274.61,785.97,0.15,48.48,,,49.45,CONTADO,363.6317647,1.960636602
69260,17/09/2025,ASS,OTECEL S.A.,Stickers Atenciones,PUBLICOMERCIAL,525,326.03,,123.22,118.97,0.19,5.98,14.95,,6.1,60 DIAS CREDITO,56.81,1.870993467
69262,17/09/2025,CTAG,MEGABOOKS,LIBRO SUEÑOS DE TINTA 10MO AÑO,EDITORIAL,1000,1904.55,,839.83,969.49,0.05,,,,,90 días,95.22736842,
69263,17/09/2025,MC,TIPAN UMATAMBO SEGUNDO MARCO,reimpresión LIBRO sueños de mar y sol - inicial 2,PUBLICOMERCIAL,2500,16076,24008,6851.92,6919.63,0.1,306.03,,,468.23,90 DIAS CREDITO,1530.172222,2.912602637
69264,17/09/2025,MC,SANCHEZ CARRASCO PAUL VICENTE,reimpresión LIBRO CORAZÓN DE TIZA 8,EDITORIAL,1000,1700,24007,540.64,1042.12,0.055,,,,25.12,POR COTIZAR,92.11830688,1.477647059
69265,17/09/2025,ASS,BFS ECUADOR,plegable 4 cuerpos,PUBLICOMERCIAL,500,387.82,,138.01,154.18,0.22,7.49,,,5.73,,82.4125641,1.477489557
69266,17/09/2025,BV,HOLGUINCORP S.A.S,Catálogo 2026,PUBLICOMERCIAL,1000,1096.76,,475.44,464.65,0.1,,20.89,,31.34,PENDIENTE,104.4544444,2.857507568
69267,17/09/2025,ASS,INTRIAGO FRAY OSCAR PASTOR,REIMPRESIÓN LIBROS EXPRESS ARTE 10,EDITORIAL,500,913.75,,351.47,562.28,0,,,,,150 DIAS,0,
69268,17/09/2025,CTAG,MEGABOOKS,LIBRO TRACITOS 0,EDITORIAL,1000,5867.89,,2432.53,2860.08,0.08,,,,115.06,50% ANTICIPO - 50% CONTRA ENTREGA,460.2269565,1.96084112
69269,18/09/2025,ASS,Guada Teran Gisela Alejandra,blocks 10 hojas,PUBLICOMERCIAL,100,600,,234.76,197.76,0.25,11.53,,,11.76,CONTADO,144.1733333,1.96
69270,18/09/2025,ASS,Guada Teran Gisela Alejandra,blocks 50 hojas,PUBLICOMERCIAL,20,220,,124.91,54.83,0.15,4.23,,,4.31,CONTADO,31.71882353,1.959090909
69271,18/09/2025,BV,HOLGUINCORP S.A.S,Catálogo 2026,PUBLICOMERCIAL,500,640,,292.04,267.19,0.1,,,,18.64,PENDIENTE,62.13666667,2.9125
69272,18/09/2025,BV,HOLGUINCORP S.A.S,Catálogo 2026,PUBLICOMERCIAL,500,700,,342.75,268.9,0.1,,,,20.39,PENDIENTE,67.96111111,2.912857143
69273,18/09/2025,MC,TRAMA DISENO,LIBRO ALEGRIA,EDITORIAL,1000,7950,,4124.62,2023.12,0.2035,,,,231.55,45 DIAS CREDITO,1570.703189,2.912578616
69274,18/09/2025,MC,TRAMA DISENO,LIBRO ALEGRIA - 22X28,EDITORIAL,1000,8375,,4437.19,2039.21,0.2035,,,,243.93,45 DIAS CREDITO,1654.673446,2.912597015
69275,18/09/2025,CTAG,María Isabel Salvador / Consultora Educativa,ALBUM,PUBLICOMERCIAL,100000,57053.59,,32032.61,12934.66,0.18,1096.76,,,1118.7,"50% ANTICIPO, SALDO CONTRA ENTREGA",9870.864146,1.960788094
69276,18/09/2025,CTAG,María Isabel Salvador / Consultora Educativa,AFICHES INSERTOS,PUBLICOMERCIAL,100000,8129.87,,4151.83,1865.09,0.23,156.28,,,159.41,"50% ANTICIPO, SALDO CONTRA ENTREGA",1797.261818,1.960793961
69277,18/09/2025,CTAG,María Isabel Salvador / Consultora Educativa,CROMOS,PUBLICOMERCIAL,1518000,10872.85,,5168.29,1102.1,0.4,209.01,,,213.19,"50% ANTICIPO, SALDO CONTRA ENTREGA",4180.26,1.96075546
69278,18/09/2025,BV,NATURES SUNSHINE PRODUCTS DEL ECUADOR S.A.,AFICHE MULTIVITAMINAS Y MINERALES,PUBLICOMERCIAL,300,220,24011,95.18,96.07,0.1,4.25,,,3.25,45 DIAS CREDITO,21.25,1.477272727
69281,18/09/2025,CTAG,MARGARITA DÁVALOS,REVISTA MENSUAL,PUBLICOMERCIAL,5000,1906.96,,891.15,758.48,0.1,36.66,,,37.39,15 DIAS,183.2922222,1.960712338
69279,19/09/2025,BV,AUQUILLA FREIRE DIEGO SEBASTIAN,CALENDARIOS de escritorio,PUBLICOMERCIAL,1000,2380,,984.13,941.43,0.15,45.31,,,69.32,60 DIAS CREDITO,339.8047059,2.912605042
69282,19/09/2025,MC,TERAN ANDRADE FREDDY DAVID,REIMPRESIÍON LIBRO BIOLOGÍA en accion 1,PUBLICOMERCIAL,50,2250,,89.3,1666.84,0.18,42.83,,,65.53,90 DIAS,385.4941463,2.912444444
69283,19/09/2025,ASS,AGLOMERADOS COTOPAXI S.A,Adhesivos para tablillas damero 4 motivos,PUBLICOMERCIAL,28000,568.91,24012,410.32,158.59,0,,,,,60 DIAS CREDITO,0,
69285,19/09/2025,CTAG,PREFECTURA COTOPAXI,FOLLETOS,PUBLICOMERCIAL,3000,1522.25,,581.5,507.39,0.15,25.62,,196,19.6,,192.1570588,1.287567745
69286,19/09/2025,ASS,EMPRESA OPERADORA METRO DE MEDELLIN TRANSDEV EOMMT S.A.S.,KITDE HERRAMIENTAS,PUBLICOMERCIAL,100,493.26,24013,93.89,299.62,0.17,9.48,,,9.67,60 DIAS,80.59843373,1.96042655
69287,19/09/2025,ASS,EMPRESA OPERADORA METRO DE MEDELLIN TRANSDEV EOMMT S.A.S.,BITACORA,PUBLICOMERCIAL,100,878.29,24014,144.68,488.46,0.25,16.88,,,17.22,60 DIAS,211.0466667,1.960628039
69288,19/09/2025,ASS,OTECEL S.A.,FLYERS FERIA PARA COLABORADORES,PUBLICOMERCIAL,1000,423,24009,128.61,176.32,0.25,8.13,,,8.29,60 DIAS CREDITO,101.6433333,1.959810875
69289,19/09/2025,ASS,MUNACAI,CAJA PASTA DURA,CAJAS PASTA DURA,1000,1732,,620.14,794.89,0.15,33.29,,,33.96,CONTADO,249.7111765,1.96073903
69290,19/09/2025,BV,AUQUILLA FREIRE DIEGO SEBASTIAN,Libretas,PUBLICOMERCIAL,4000,4135.25,,2000.43,1305.88,0.16,78.72,,,120.44,POR COTIZAR,629.7733333,2.912520404
69291,19/09/2025,ASS,EMPRESA OPERADORA METRO DE MEDELLIN TRANSDEV EOMMT S.A.S.,ESCARAPELA,PUBLICOMERCIAL,100,212.1,24015,131.41,41.87,0.15,4.08,,,4.16,,30.57882353,1.961338991
69292,19/09/2025,CTAG,JENNY CAJAS,LIBRO PASTA DURA,PUBLICOMERCIAL,1000,13593.19,,7170.1,3543.49,0.18,261.31,,,266.53,"50% ANTICIPO, SALDO CONTRA ENTREGA",2351.763659,1.960761234
69293,22/09/2025,CTAG,AMC ECUADOR CIA.LTDA.,REIMPRESIÓN PLIEGOS KNL FLORES 60X90,PUBLICOMERCIAL,20000,380,24016,43.45,312.22,0.05,,,,5.62,30 DÍAS CRÉDITO,18.71947368,1.478947368
69294,22/09/2025,CTAG,AMC ECUADOR CIA.LTDA.,REIMPRESIÓN PLIEGOS NINA FLOWERS 60X90,PUBLICOMERCIAL,30000,540,24017,58.45,454.55,0.05,,,,,30 DÍAS CRÉDITO,27,
69295,22/09/2025,ASS,INTRIAGO FRAY OSCAR PASTOR,REIMPRESIÓN LIBROS EXPRESS ARTE 10,EDITORIAL,500,900,24018,345.35,554.65,0,,,,,90 DIAS,0,
69296,22/09/2025,ASS,INTRIAGO FRAY OSCAR PASTOR,REIMPRESIÓN LIBROS EXPRESS ARTE 9,EDITORIAL,500,900,24019,345.35,554.65,0,,,,,90 DIAS,0,
69297,22/09/2025,ASS,INTRIAGO FRAY OSCAR PASTOR,REIMPRESIÓN LIBROS EXPRESS ARTE 8,EDITORIAL,500,900,24020,345.35,554.65,0,,,,,90 DIAS,0,
69298,22/09/2025,MC,NELSO ESCOBAR,CUADERNOS,PUBLICOMERCIAL,1500,2925,,1279.9,1225.81,0.1,55.68,,,85.19,CONTADO,278.4122222,2.912478632
69299,22/09/2025,ASS,SANTILLANA S.A.,libros 21x30 - couche mate 90gr encolado,EDITORIAL,8020,6107.15,,3317.93,2323.91,0.03,,174.49,,116.33,,174.4898969,1.904816486
69300,22/09/2025,ASS,SANTILLANA S.A.,libros 21x30 - couche mate 90gr encolado,EDITORIAL,600,1293.8,,551.91,643.32,0.03,,36.97,,24.64,,36.96587629,1.90446746
69301,22/09/2025,ASS,SANTILLANA S.A.,libros 21x30 - couche mate 90gr encolado,EDITORIAL,5900,3493.13,,1952.15,1274.83,0.03,,99.8,,66.54,,99.80350515,1.904881868
69302,22/09/2025,CTAG,PLUGIN,tarjeta,PUBLICOMERCIAL,24,15,24021,14.04,-2.28,0.2,,,,0.29,"contado
",2.94,1.933333333
69303,22/09/2025,ASS,EMPRESA OPERADORA METRO DE MEDELLIN TRANSDEV EOMMT S.A.S.,portada KITDE HERRAMIENTAS,PUBLICOMERCIAL,100,185.84,24024,53.69,98.14,0.15,3.57,,,3.64,60 DIAS,26.79352941,1.958674128
69284,23/09/2025,MC,TRAMA DISENO,LIBRO CACAO Y CHOCOLATE PASTA DURA,EDITORIAL,250,2795,,1605.96,887.62,0.09,,,,54.8,45 DIAS CREDITO,246.6178022,1.960644007
69304,23/09/2025,BV,JABONERIA WILSON S.A.,AGENDAS 2026,PUBLICOMERCIAL,400,1080,,439.61,434.18,0.15,20.56,,,31.46,60 DIAS CREDITO,154.1982353,2.912962963
69305,23/09/2025,BV,JABONERIA WILSON S.A.,AGENDAS 2026 - earth pact,PUBLICOMERCIAL,400,1240,,552.53,438.9,0.16,23.61,,,36.12,60 DIAS CREDITO,188.8438095,2.912903226
69306,23/09/2025,BV,FUNDACIÓN SURKUNA,FOLLETO A4,PUBLICOMERCIAL,300,998,,360.55,465.9,0.13,19,,,29.07,,123.4925287,2.912825651
69307,23/09/2025,BV,FUNDACIÓN SURKUNA,FOLLETO A5,PUBLICOMERCIAL,900,2475,,390.95,412.16,0.25,21.42,,1350,32.77,,267.7033333,1.324040404
69309,23/09/2025,CTAG,MANOSALVAS MARTINEZ JANETH,REVISTA 12 pg,PUBLICOMERCIAL,850,595,,238.09,307.49,0.06,5.8,,,8.79,15 días,34.82425532,1.477310924
69310,23/09/2025,ASS,ANDRÉS TAMAYO,CALENDARIO DE PARED,PUBLICOMERCIAL,2000,2860.11,,1411.21,719.3,0.225,54.98,,,56.08,contado,618.5351613,1.960763747
69311,23/09/2025,MC,TRAMA DISENO,"Libro Evaluar
",EDITORIAL,30,395,,148.24,223.52,0.04,,,,7.75,45 DIAS CREDITO,15.49,1.962025316
69312,23/09/2025,ASS,AGLOMERADOS COTOPAXI S.A,cuaderno 18x25 pasta dura,PUBLICOMERCIAL,1000,4300,,1938.54,1491.87,0.17,82.66,,,84.31,60 DIAS CREDITO,702.6140964,1.960697674
69313,24/09/2025,BV,GRUPO TRANSBEL S.A,FOLLETOS CDV C15 - C17,PUBLICOMERCIAL,7000,1150,,411.95,503.29,0.14,21.28,31.93,,32.57,90 DIAS CREDITO,148.9925581,2.832173913
69314,24/09/2025,BV,GRUPO TRANSBEL S.A,FOLLETOS CDV C15 - C17,PUBLICOMERCIAL,7000,1200,,440.87,503.05,0.15,22.21,33.31,,33.98,90 DIAS CREDITO,166.5741176,2.831666667
69315,24/09/2025,BV,HINODE ECUADOR CIA.LTDA.,funda shopping m,EMPAQUE,1000,1200,,515.7,455.18,0.15,22.84,,,34.95,60 DIAS CREDITO,171.3317647,2.9125
69316,24/09/2025,BV,HINODE ECUADOR CIA.LTDA.,funda shoppinf g,EMPAQUE,1000,2400,,1155.7,786.05,0.15,45.69,,,69.9,60 DIAS CREDITO,342.6617647,2.9125
69317,25/09/2025,CTAG,TIMINGNET S.A.S,CARPETA,PUBLICOMERCIAL,100,255.85,,111.01,115.85,0.1,,,,3.78,"50% ANTICIPO, SALDO CONTRA ENTREGA",25.20666667,1.477428181
69318,25/09/2025,CTAG,TIMINGNET S.A.S,TARJETAS DE PRESENTACIÓN,PUBLICOMERCIAL,200,130,,52.23,63.04,0.1,,,,1.92,POR COTIZAR,12.80777778,1.476923077
69319,25/09/2025,CTAG,ALISERVIS S.A.,REIMPRESION VOLANTES NACIONAL OCTUBRE 30 AÑOS EN ECUADOR $7.99 inc. IVA - 1 INGREDIENTE MEDIANA,PUBLICOMERCIAL,432775,4544.14,24026,2575.8,1339.37,0.108,87.78,,,67.15,30 días,474.0340359,1.477727359
69321,26/09/2025,ASS,SANTILLANA S.A.,TRIPTICO,PUBLICOMERCIAL,500,385,,173.27,175.07,0.05,,11,,7.33,120 DÍAS,18.33368421,1.903896104
69322,29/09/2025,CTAG,RED DE INTEGRACION ECUATORIANA DE COOPERATIVAS DE AHORRO Y CREDITO,REVISTA ICORED,PUBLICOMERCIAL,2000,2400,,1090.86,745.67,0.2,68.87,,,35.47,POR COTIZAR,459.1325,1.477916667
69323,29/09/2025,CTAG,RED DE INTEGRACION ECUATORIANA DE COOPERATIVAS DE AHORRO Y CREDITO,REVISTA ICORED,PUBLICOMERCIAL,2000,2600,,1234.1,738.07,0.207,74.61,,,38.42,POR COTIZAR,514.8035183,1.477692308
69325,29/09/2025,CTAG,BICO INTERNACIONAL S.A.,BANDERINES - 10 diseños,EMPAQUE,12500,1506.84,,928.57,401,0.1,,,,29.55,,147.73,1.961057577
69280,30/09/2025,ASS,BFS ECUADOR,PLAGABLE 7 cuerpos,PUBLICOMERCIAL,1000,583.1,,247.41,158.11,0.28,11.26,,,8.62,,157.7022222,1.478305608
69308,30/09/2025,CTAG,MANOSALVAS MARTINEZ JANETH,REVISTA 12 pg - septiembre,PUBLICOMERCIAL,850,605,,252.18,316.88,0.05,5.99,,,,15 DIAS,29.95052632,
69320,30/09/2025,CTAG,GAD PORTOVIEJO,REVISTA,PUBLICOMERCIAL,6000,1719.71,,734.76,490.1,0.15,28.82,,220.48,29.4,,216.1517647,1.709590571
69324,30/09/2025,ASS,AGLOMERADOS COTOPAXI S.A,cuaderno 18x25 pasta dura,PUBLICOMERCIAL,1000,4450,,1934.81,1615.26,0.17,85.54,,,87.25,60 DIAS CREDITO,727.1227711,1.960674157
69326,30/09/2025,BV,GRUPO TRANSBEL S.A,CARTILLA L´BEL QR,PUBLICOMERCIAL,150,75.01,,48.67,6.86,0.2,1.39,2.08,,2.12,POR COTIZAR,13.8825,2.826289828
69327,30/09/2025,ASS,OTECEL S.A.,TARJETA MEJOR GUERRERO,PUBLICOMERCIAL,50,71.55,,26.3,33.89,0.1,,3.34,,1.34,POR COTIZAR,6.687777778,1.872816212
69328,30/09/2025,BV,GRUPO TRANSBEL S.A,POSTERS POV,PUBLICOMERCIAL,8800,650,,330.34,150.88,0.2,12.03,18.05,,18.41,90 DIAS CREDITO,120.305,2.832307692
69329,30/09/2025,BV,GRUPO TRANSBEL S.A,STICKERS POV,PUBLICOMERCIAL,8800,396.01,,186.51,106.67,0.2,7.33,10.99,,11.21,90 DIAS CREDITO,73.295,2.830736598
69330,30/09/2025,BV,HINODE ECUADOR CIA.LTDA.,CATÁLOGO HINODE - CLICLO 06 portada regular,PUBLICOMERCIAL,1200,1836,,739.84,745.59,0.15,34.95,,,53.48,60 DIAS CREDITO,262.1347059,2.912854031
69331,30/09/2025,BV,HINODE ECUADOR CIA.LTDA.,CATÁLOGO HINODE - CLICLO 06 portada TRÍPTICA,PUBLICOMERCIAL,1200,1908,,820.44,723.25,0.15,36.32,,,55.57,60 DIAS CREDITO,272.4158824,2.912473795
69332,30/09/2025,MC,ESTUDIO 593,libro SUMAK WARMI CON REPUJADO FLORES,EDITORIAL,300,3135,,1330.09,1057.12,0.2,59.68,,,91.31,"50% ANTICIPO, SALDO CONTRA ENTREGA",596.8025,2.912599681
69333,30/09/2025,MC,ESTUDIO 593,libro SUMAK WARMI CON REPUJADO letras,EDITORIAL,300,2970.01,,1210.09,1051.48,0.2,56.54,,,86.51,"50% ANTICIPO, SALDO CONTRA ENTREGA",565.3925,2.912784805
69334,30/09/2025,MC,ESTUDIO 593,libro SUMAK WARMI CON selectivo,EDITORIAL,300,2895.01,,1155.09,1049.37,0.2,55.11,,,84.32,"50% ANTICIPO, SALDO CONTRA ENTREGA",551.115,2.912597884
69335,30/09/2025,BV,NATURES SUNSHINE PRODUCTS DEL ECUADOR S.A.,LETREROS COMUNICADO,PUBLICOMERCIAL,5,28.5,,35.85,-13.93,0.2,0.27,,,0.83,45 DIAS CREDITO,5.48,2.912280702
69336,30/09/2025,BV,INDUSTRIAS ALES C.A,STAND GIRASOLI,PUBLICOMERCIAL,1,120,,109,-13.47,0.18,,,,3.5,90 DIAS CREDITO,20.97,2.916666667
69337,30/09/2025,CTAG,IMUPRO,CUADERNOS,PUBLICOMERCIAL,100,565,,183.02,251.43,0.2,10.86,,,11.08,CONTADO,108.6125,1.961061947
69338,01/10/2025,MC,TIPAN UMATAMBO SEGUNDO MARCO,CUADERNOS PASTA DURA,PUBLICOMERCIAL,1500,3287.69,24028,1345.58,1470.83,0.1,62.59,,,95.76,90 DIAS CREDITO,312.9344444,2.912683373
69339,01/10/2025,CTAG,MANOSALVAS MARTINEZ JANETH,REVISTA 8 pg - OCTUBRE,PUBLICOMERCIAL,850,400,24029,174.66,196.02,0.05,3.9,,,5.91,15 DIAS,19.50947368,1.4775
69347,01/10/2025,ASS,OTECEL S.A.,VOLANTES POSPAGO,PUBLICOMERCIAL,100000,1801.65,24030,823.21,530.42,0.18,33.02,82.54,,35.33,60 DIAS CREDITO,297.1382927,1.960980213
69348,01/10/2025,ASS,OTECEL S.A.,TRIPTICO OCTUBRE,PUBLICOMERCIAL,56250,1434.93,24031,812.64,442.44,0.09,,27.58,,28.14,60 DIAS CREDITO,124.1287912,1.961071272
69351,02/10/2025,BV,NATURES SUNSHINE PRODUCTS DEL ECUADOR S.A.,LETREROS COMUNICADO,PUBLICOMERCIAL,5,28.5,24033,35.85,-13.93,0.2,0.27,,,0.83,45 DIAS CREDITO,5.48,2.912280702
69352,02/10/2025,CTAG,Reyes Tipán Evelio Patricio,LIBRO AÑORANZA DE MI TIERRA - SANTA ELENA,EDITORIAL,1000,2180,24034,1136.02,904.37,0.05,,,,32.22,50% ANTICIPO - 50% CONTRA ENTREGA,107.3889474,1.477981651
69353,02/10/2025,CTAG,AMC ECUADOR CIA.LTDA.,REIMPRESIÓN PLIEGOS KNL FLORES 60X90,PUBLICOMERCIAL,50000,840,24035,88.45,697.76,0.05,,,,12.41,30 DÍAS CRÉDITO,41.37947368,1.477380952
69354,02/10/2025,CTAG,AMC ECUADOR CIA.LTDA.,REIMPRESIÓN PLIEGOS NINA FLOWERS 60X90,PUBLICOMERCIAL,50000,840,24036,88.45,697.76,0.05,,,,12.41,30 DÍAS CRÉDITO,41.37947368,1.477380952
69364,03/10/2025,ASS,AGLOMERADOS COTOPAXI S.A,etiquetas,PUBLICOMERCIAL,48,46,24042,23.75,13.84,0.15,0.88,,,0.9,POR COTIZAR,6.633529412,1.956521739
69365,03/10/2025,ASS,OTECEL S.A.,Volante Shakira,PUBLICOMERCIAL,30003,540.26,24046,276.5,190.85,0.1,,10.39,,10.59,60 DIAS CREDITO,51.92777778,1.960167327
69367,06/10/2025,BV,UMCO S.A.,reimpresimón SEPARADOR 27x27,PUBLICOMERCIAL,20000,420,24037,221.17,145.83,0.1,,,,12.23,45 DIAS CREDITO,40.77777778,2.911904762
69368,06/10/2025,BV,UMCO S.A.,reimpresimón SEPARADOR 64x45,PUBLICOMERCIAL,5000,438.49,24038,180.54,178.4,0.14,8.35,,,12.77,45 DIAS,58.43209302,2.912267098
69369,06/10/2025,MC,SANCHEZ CARRASCO PAUL VICENTE,REIMPRESIÓN LIBRO CORAZÓN DE TIZA 9,EDITORIAL,1000,1700,24039,540.64,1042.12,0.055,,,,25.12,120 DIAS CREDITO,92.11830688,1.477647059
69370,06/10/2025,BV,ZALDUMBIDE VERDEZOTO MARIA MAGDALENA,stickers logo,PUBLICOMERCIAL,5000,206,24040,78.22,111.55,0.065,,,,3.04,CONTADO,13.19256684,1.475728155
69373,06/10/2025,CTAG,NITERRA DO BRASIL LTDA,DIPLOMAS,PUBLICOMERCIAL,1000,350,24087,141.82,93.67,0.3,6.73,,,6.86,CONTADO,100.9242857,1.96
69374,06/10/2025,BV,BUSSINES MARKETING PUBLICIDAD CIA LTDA,SUPLEMENTOS AEBE,PUBLICOMERCIAL,12000,2320.3,24041,1169.45,707.81,0.15,44.17,,,67.58,60 DIAS CREDITO,331.2811765,2.912554411
69375,06/10/2025,BV,OMNILIFE DEL ECUADOR S.A.,GUÍA DE PRODUCTOS OCT,PUBLICOMERCIAL,10000,7200,24052,4561.26,2319.53,0.03,,,,106.4,30 DIAS CREDITO,212.8079381,1.477777778
69379,06/10/2025,ASS,EMPRESA OPERADORA METRO DE MEDELLIN TRANSDEV EOMMT S.A.S.,GAFAS,PUBLICOMERCIAL,7000,3384.1,24043,1031.72,1022.13,0.35,94.79,63.2,,66.35,60 DIAS,1105.919231,1.960639461
69380,06/10/2025,MC,TIPAN UMATAMBO SEGUNDO MARCO,BLOCK DE NOTAS,PUBLICOMERCIAL,1000,740.55,24045,261.56,478.99,0,,,,,90 DIAS CREDITO,0,
69381,06/10/2025,CTAG,RED DE INTEGRACION ECUATORIANA DE COOPERATIVAS DE AHORRO Y CREDITO,REVISTA ICORED,PUBLICOMERCIAL,2000,2600,24044,1275.91,736.05,0.191,74.61,,,38.42,45 DIAS,475.0115698,1.477692308
69382,07/10/2025,ASS,BFS ECUADOR,REIMPRESIÓN CAJA TIPO LONCHERA,EMPAQUE,200,680,24047,170.2,254.64,0.35,13.07,,,13.33,,228.76,1.960294118
69384,07/10/2025,ASS,ORGANIZACION PANAMERICANA DE LA SALUD - ORGANIZACION MUNDIAL DE LA SALUD,"Afiches “Signos de alarma durante el embarazo, parto y posparto” 	",PUBLICOMERCIAL,2000,460,24066,228.01,116.86,0.22,8.84,,,9.02,60 DIAS,97.27102564,1.960869565
69387,07/10/2025,MC,SANCHEZ CARRASCO PAUL VICENTE,REIMPRESIÓN LIBROS civica 8,EDITORIAL,300,1187,24063,289.54,781.09,0.08,,,,23.27,60 DIAS CREDITO,93.09826087,1.960404381
69390,08/10/2025,CTAG,Reyes Tipán Evelio Patricio,separador libro,PUBLICOMERCIAL,500,14.22,24048,16.64,-2.62,0,,,,0.21,50% ANTICIPO - 50% CONTRA ENTREGA,0,1.476793249
69399,13/10/2025,MC,MIRIAN SUSANA CARRERA,reimpresion GUIA DE USUARIO ALARMA,PUBLICOMERCIAL,1500,504,24049,161.27,265.69,0.11,9.59,,,14.68,30 DIAS,52.77033708,2.912698413
69400,13/10/2025,CTAG,FEDERACION DE CHOFERES,reimpresión libro conductor modulo 2,PUBLICOMERCIAL,2000,3287.89,24050,1148.11,1696.09,0.1,63.2,,,64.47,,316.0222222,1.960832023
69401,13/10/2025,CTAG,FEDERACION DE CHOFERES,REIMPRESIÓN conductores profesionales modulo 1,PUBLICOMERCIAL,2000,4840,24051,1859.19,2327.66,0.1,93.04,,,94.9,30 DIAS,465.2055556,1.960743802
69402,13/10/2025,ASS,EMPRESA METROPOLITANA DE AGUA POTABLE Y SANEAMIENTO EPMAPS,diplomas,PUBLICOMERCIAL,4,8.24,24058,21.92,-14,0,,,,0.32,,0,3.883495146
69403,13/10/2025,ASS,OTECEL S.A.,STICKERS,PUBLICOMERCIAL,1000,621.57,24053,231.67,166.99,0.3,11.39,28.48,,12.19,60 DIAS CREDITO,170.8542857,1.961162862
69404,13/10/2025,BV,NATURES SUNSHINE PRODUCTS DEL ECUADOR S.A.,CATÁLOGO de producto NUEVO OCTUBRE,PUBLICOMERCIAL,3000,2886,24071,1149.81,1102.73,0.18,54.94,,,84.06,45 DIAS CREDITO,494.46,2.912681913
69406,14/10/2025,BV,GUEVARA FANNY MARITZA,REVISTA BUEN VIAJE # 173,PUBLICOMERCIAL,1500,2205,24055,882.86,754.2,0.22,41.98,,,64.22,,461.7348718,2.912471655
69411,14/10/2025,ASS,ORGANIZACION PANAMERICANA DE LA SALUD - ORGANIZACION MUNDIAL DE LA SALUD,ROTAFOLIO,PUBLICOMERCIAL,750,4500,24067,2023.63,1220.32,0.25,86.51,,,88.24,60 DIAS CREDITO,1081.316667,1.960888889
69415,15/10/2025,MC,TANIA VILLEGAS,FOLLETOS GRAPADO - 32pg,PUBLICOMERCIAL,1000,1199,24056,540.02,430.04,0.15,22.83,,,34.92,30 DIAS CREDITO,171.1870588,2.912427023
69418,15/10/2025,CTAG,NITERRA DO BRASIL LTDA,AFICHE 4 motivos,PUBLICOMERCIAL,2000,2435,24086,1121.64,633.7,0.25,46.81,,,47.75,CONTADO,585.1133333,1.960985626
69419,15/10/2025,BV,GRUPO TRANSBEL S.A,CARTA DE NAVIDAD,PUBLICOMERCIAL,865,215,24082,53.97,130.21,0.1,4.09,,,6.26,90 DIAS CREDITO,20.46444444,2.911627907
69420,15/10/2025,BV,GRUPO TRANSBEL S.A,CAJA NAVIDAD,EMPAQUE,865,2145,24070,862.07,771.27,0.2,40.83,,,62.48,90 DIAS CREDITO,408.335,2.912820513
69421,15/10/2025,BV,NATURES SUNSHINE PRODUCTS DEL ECUADOR S.A.,folleto POWER proteÍN,PUBLICOMERCIAL,3000,500,24054,188.28,216.25,0.15,9.52,,,14.56,45 DIAS CREDITO,71.38764706,2.912
69423,16/10/2025,BV,HINODE ECUADOR CIA.LTDA.,CATÁLOGO HINODE - CLICLO 06 portada TRÍPTICA,PUBLICOMERCIAL,1200,2040,24057,842.61,710.79,0.2,38.83,,,59.42,60 DIAS CREDITO,388.35,2.912745098
69431,17/10/2025,CTAG,ALISERVIS S.A.,VOLANTES NUEVO LOCAL DOMINOS SANTO DOMINGO,PUBLICOMERCIAL,5000,52.5,24060,70.24,-17.74,0,,,,,,0,
69433,17/10/2025,BV,NATURES SUNSHINE PRODUCTS DEL ECUADOR S.A.,ROLL UPS POWER PROTEIN 2 MODELOS,PUBLICOMERCIAL,2,78,24059,74,-14.61,0.2,1.48,,,2.27,45 DIAS CREDITO,14.8475,2.91025641
69435,17/10/2025,BV,NATURES SUNSHINE PRODUCTS DEL ECUADOR S.A.,TARJETAS TRASCIENDE HILLARY,PUBLICOMERCIAL,31,14.17,24061,15.47,-4.68,0.2,0.27,,,0.41,45 DIAS CREDITO,2.6975,2.893436838
69438,20/10/2025,CTAG,CHAIDE Y CHAIDE S.A,Cuadernos 2026,PUBLICOMERCIAL,3500,5098.87,24095,2509.53,1999.27,0.08,98.02,,,99.98,,392.0695652,1.960826615
69439,20/10/2025,BV,NATURES SUNSHINE PRODUCTS DEL ECUADOR S.A.,Afiche Power Protein,PUBLICOMERCIAL,300,220,24062,95.18,96.07,0.1,4.25,,,3.25,45 DIAS CREDITO,21.25,1.477272727
69440,20/10/2025,BV,INDUSTRIAS ALES C.A,STAND GIRASOLI,PUBLICOMERCIAL,1,120,24064,109,-13.47,0.18,,,,3.5,90 DIAS CREDITO,20.97,2.916666667
69441,21/10/2025,ASS,AGROPESA INDUSTRIA AGROPECUARIA ECUATORIANA SA,CALENDARI GROPESA 15X21,PUBLICOMERCIAL,1600,5414,24065,2949.85,971.43,0.25,79.47,,,106.16,50% ANTICIPO - 50% CONTRA ENTREGA,1307.093333,1.960842261
69383,22/10/2025,ASS,ORGANIZACION PANAMERICANA DE LA SALUD - ORGANIZACION MUNDIAL DE LA SALUD,FOLLETO “Indicaciones de caja de herramientas”,PUBLICOMERCIAL,70,140,24068,23.92,86.42,0.18,2.69,,,2.75,,24.22097561,1.964285714
69385,22/10/2025,ASS,ORGANIZACION PANAMERICANA DE LA SALUD - ORGANIZACION MUNDIAL DE LA SALUD,GUÍA METODOLÓGICA,PUBLICOMERCIAL,70,2800,24069,407.99,1718.11,0.21,53.83,,,54.9,60 DIAS CREDITO,565.1658228,1.960714286
69449,22/10/2025,MC,STUDIO593 EDITORIAL Y COMUNICACIÓN S.A.S,libro SUMAK WARMI,EDITORIAL,300,2785,24072,1165.93,1056.83,0.1615,53.02,,,81.12,30 DIAS CREDITO,428.1165653,2.912746858
69451,23/10/2025,BV,UMCO S.A.,reimpresimón SEPARADOR 27x27,PUBLICOMERCIAL,30000,630,24073,302.42,237.28,0.1,11.99,,,18.35,45 DIAS CREDITO,59.96666667,2.912698413
69452,23/10/2025,BV,UMCO S.A.,REIMPRESIÓN SEPARADOR PAPEL EARTH 32 x 30,PUBLICOMERCIAL,30000,840,24074,338.7,372.89,0.11,15.99,,,24.47,45 DIAS CREDITO,87.94932584,2.913095238
69454,23/10/2025,ASS,ORGANIZACION PANAMERICANA DE LA SALUD - ORGANIZACION MUNDIAL DE LA SALUD,"REIMPRESIÓN Afiches “Signos de alarma durante el embarazo, parto y posparto” 	",PUBLICOMERCIAL,4600,800,24076,364.1,166.47,0.31,15.38,,,15.69,60 DIAS,238.372029,1.96125
69455,23/10/2025,ASS,AGLOMERADOS COTOPAXI S.A,cuaderno 18x25 pasta dura,PUBLICOMERCIAL,1200,5220,24075,2414.9,1849.81,0.15,100.35,,,102.35,POR COTIZAR,752.5958824,1.960727969
69457,24/10/2025,ASS,INTRIAGO FRAY OSCAR PASTOR,REIMPRESIÓN LIBROS EXPRESS ARTE 8,EDITORIAL,500,900,24077,345.35,554.65,0,,,,,90 DIAS,0,
69458,24/10/2025,ASS,INTRIAGO FRAY OSCAR PASTOR,REIMPRESIÓN LIBROS EXPRESS ARTE 9,EDITORIAL,500,900,24078,345.35,554.65,0,,,,,90 DIAS,0,
69459,24/10/2025,ASS,INTRIAGO FRAY OSCAR PASTOR,REIMPRESIÓN LIBROS EXPRESS ARTE 10,EDITORIAL,500,900,24079,345.35,554.65,0,,,,,90 DIAS,0,
69460,24/10/2025,ASS,INTRIAGO FRAY OSCAR PASTOR,REIMPRESIÓN LIBROS EXPRESS ARTE 1 BGU,EDITORIAL,500,900,24080,345.35,554.65,0,,,,,90 DIAS,0,
69461,24/10/2025,ASS,INTRIAGO FRAY OSCAR PASTOR,REIMPRESIÓN LIBROS EXPRESS ARTE 2 BGU,EDITORIAL,500,900,24081,345.35,554.65,0,,,,,90 DIAS,0,
69463,27/10/2025,BV,GRUPO TRANSBEL S.A,FUNDA Y STICKER PARA CAJA NAVIDAD,PUBLICOMERCIAL,865,80,24085,30.47,38.07,0.1,1.52,,,2.33,90 DIAS CREDITO,7.615555556,2.9125
69465,27/10/2025,CTAG,COMERCIAL EL ARBOLITO CIA. LTDA,REIMPRESIÓN INDIVIDUALES 2 MOTIVOS,PUBLICOMERCIAL,20000,625,24084,234.84,255.38,0.18,17.93,,,9.24,30 DIAS,107.6092683,1.4784
69468,28/10/2025,ASS,AGLOMERADOS COTOPAXI S.A,flyers A5,PUBLICOMERCIAL,1200,228,24089,74.19,81.41,0.29,4.38,,,4.47,60 DIAS,63.55492958,1.960526316
69469,28/10/2025,MC,YUNNY RIVERA CUSME,CUADERNO PASTA DURA 2026,PUBLICOMERCIAL,2000,4600,24094,2181.54,1950.59,0.07,88.86,,,67.98,90 DIAS CREDITO,311.0205376,1.477826087
69471,28/10/2025,CTAG,ALISERVIS S.A.,VOLANTES NOVIEMBRE - 5 MOTIVOS,PUBLICOMERCIAL,420175,4461.84,24088,1769.4,1618.58,0.21,85.77,,,87.49,30 DIAS CREDITO,900.6022785,1.960850232
69477,28/10/2025,BV,BUSSINES MARKETING PUBLICIDAD CIA LTDA,DÍPTICO,PUBLICOMERCIAL,50,55,24090,26.13,10.52,0.3,1.05,,,1.6,60 DIAS CREDITO,15.70714286,2.909090909
69485,30/10/2025,ASS,OTECEL S.A.,reimpresión STICKERS,PUBLICOMERCIAL,4100,515.08,24091,179.29,184.1,0.23,9.44,23.6,,10.1,60 DIAS CREDITO,108.5450649,1.960860449
69487,30/10/2025,CTAG,MANOSALVAS MARTINEZ JANETH,REVISTA 8 pg - NOVIEMBRE,PUBLICOMERCIAL,850,400,24093,170.14,172.03,0.11,7.69,,,7.84,15 DIAS,42.29067416,1.96
69488,30/10/2025,ASS,AGLOMERADOS COTOPAXI S.A,flyers A5,PUBLICOMERCIAL,1200,228,24096,74.19,81.41,0.29,4.38,,,4.47,60 DIAS,63.55492958,1.960526316
69489,31/10/2025,ASS,EMPRESA OPERADORA METRO DE MEDELLIN TRANSDEV EOMMT S.A.S.,CAJA PASTA DURA,CAJAS PASTA DURA,180,2790,24097,1198.78,249.31,0.46,53.63,,,54.71,60 DIAS,1233.558148,1.9609319
69492,05/11/2025,ASS,INTRIAGO FRAY OSCAR PASTOR,AFICHES - 3 motivos,PUBLICOMERCIAL,6000,450,,238.22,158.84,0.1,,,,8.82,CONTADO,44.11777778,1.96
69493,05/11/2025,MC,CARRERA MIRIAN SUSANA,AGENDAS CUADERNO - 2 portadas,PUBLICOMERCIAL,1000,3950,,1932.6,1338.39,0.13,75.2,,,115.05,30 DIAS,488.7686207,2.912658228
69494,05/11/2025,BV,HOLGUINCORP S.A.S,Catálogo 2026,PUBLICOMERCIAL,500,700,24098,342.75,268.9,0.1,,,,20.39,60 DIAS,67.96111111,2.912857143
69495,05/11/2025,CTAG,PLUGIN,PAPEL REGALO,PUBLICOMERCIAL,1000,225,24103,85.12,88.97,0.195,4.33,,,4.41,15 DIAS,42.17086957,1.96
69496,05/11/2025,CTAG,CAAMAÑO MORILLO DAVID ALEJANDRO,REVISTA,PUBLICOMERCIAL,500,2145,24139,864.43,846.79,0.17,41.23,,,42.06,50% ANTICIPO - 50% CONTRA ENTREGA,350.4908434,1.960839161
69499,05/11/2025,CTAG,DIDACTICA-EDITORIAL S.A.S.,AGENDA DIARIA,PUBLICOMERCIAL,500,2990,24100,1256.6,1404.36,0.07,,,85.84,42.92,60 DIAS,200.2873118,1.435451505
69500,06/11/2025,BV,UMCO S.A.,reimpresimón SEPARADOR 64x45,PUBLICOMERCIAL,5000,438.5,24101,180.54,178.41,0.14,8.35,,,12.77,45 DIAS,58.43372093,2.912200684
69501,06/11/2025,BV,UMCO S.A.,reimpresimón SEPARADOR 27x27,PUBLICOMERCIAL,30000,630,24102,302.42,237.28,0.1,11.99,,,18.35,45 DIAS CREDITO,59.96666667,2.912698413
69502,06/11/2025,BV,NATURES SUNSHINE PRODUCTS DEL ECUADOR S.A.,Trípticos,PUBLICOMERCIAL,2000,405,,147.24,175.68,0.15,7.6,5.7,,11.8,45 DIAS CREDITO,56.98588235,2.913580247
69503,06/11/2025,BV,INDUSTRIAS ALES C.A.,AGENDA CORPORATIVA 2026,PUBLICOMERCIAL,300,1197.01,,427.72,597.7,0.1,22.79,,,34.86,POR COTIZAR,113.9355556,2.912256372
69504,06/11/2025,ASS,SANTILLANA S.A.,cuento,EDITORIAL,400,5194.53,,2109.85,2594.81,0.03,,242.51,,101.85,POR COTIZAR,145.5049485,1.960716369
69505,06/11/2025,ASS,SANTILLANA S.A.,cuento,EDITORIAL,400,780.31,,322.86,383.86,0.03,,36.43,,15.3,120 DIAS,21.85731959,1.960759185
69508,07/11/2025,ASS,OTECEL S.A.,REIMPRESION VOLANTES POSPAGO,PUBLICOMERCIAL,3000,351,24104,88.93,152.27,0.25,6.43,16.08,,6.88,60 DIAS CREDITO,80.4,1.96011396
69509,07/11/2025,ASS,OTECEL S.A.,REIMPRESION TRIPTICO REIMPRESION,PUBLICOMERCIAL,1000,586.5,24105,304.78,125.13,0.2,10.75,26.87,,11.5,POR COTIZAR,107.4775,1.960784314
69510,07/11/2025,CTAG,ALISERVIS S.A.,VOLANTES - 2 MOTIVOS,PUBLICOMERCIAL,25000,262.5,24106,167.26,95.24,0,,,,,30 DIAS CREDITO,0,
69511,07/11/2025,BV,GRUPO TRANSBEL S.A,CAJA LB,EMPAQUE,200,990,24107,301.76,527.31,0.15,,,,14.63,90 DIAS,146.3064706,1.477777778
69512,10/11/2025,ASS,INTRIAGO FRAY OSCAR PASTOR,VOLANTES,PUBLICOMERCIAL,4000,250,24108,77.32,87.65,0.3,4.71,4.71,,4.9,90 DIAS,70.70142857,1.96
69513,10/11/2025,ASS,AGLOMERADOS COTOPAXI S.A,Sobre para cuadernos y sticker,EMPAQUE,1100,792,24148,245.18,394.27,0.16,15.22,,,15.53,60 DIAS CREDITO,121.8,1.960858586
69514,10/11/2025,BV,HH GLOBAL,Flyers,PUBLICOMERCIAL,1000,240,,83.46,85.95,0.16,,,32.27,6.05,30 DIAS,32.26857143,2.520833333
69515,10/11/2025,BV,HH GLOBAL,Folletos Plegables,PUBLICOMERCIAL,1000,299,,104.16,106.91,0.16,,,40.2,7.54,30 DIAS,40.20380952,2.52173913
69516,10/11/2025,ASS,BFS ECUADOR,EMPAQUE DÙO SANDUCHADO -,EMPAQUE,50,260,,97.2,125.22,0.11,5,,,5.1,45 DIAS,27.49011236,1.961538462
69517,11/11/2025,CTAG,ALISERVIS S.A.,VOLANTES DOMI WEEK NOVIEMBRE - 5 MOTIVOS,PUBLICOMERCIAL,118490,1294.15,24109,715.02,490.32,0.05,,,,25.38,30 DIAS CREDITO,63.43894737,1.96113279
69518,11/11/2025,CTAG,ALISERVIS S.A.,VOLANTES NUEVO LOCAL ARMENIA,PUBLICOMERCIAL,5000,52.5,24110,70.24,-17.74,0,,,,,,0,
69520,11/11/2025,BV,JABONERIA WILSON S.A.,AFICHES LAVA,PUBLICOMERCIAL,11350,950,24112,473.87,226.92,0.225,18.08,,,27.67,60 DIAS CREDITO,203.4551613,2.912631579
69521,11/11/2025,BV,JABONERIA WILSON S.A.,ROMPETRÁFICO 3 motivos,PUBLICOMERCIAL,20250,5690.25,24113,4062.24,1472.7,0.02,,,,42.36,60 DIAS,112.9579592,0.744431264
69522,11/11/2025,BV,JABONERIA WILSON S.A.,Tackers 2 motivos,PUBLICOMERCIAL,13500,2299.06,24114,1129.95,511.3,0.25,43.77,,,66.96,45 DIAS CREDITO,547.0833333,2.912494672
69523,11/11/2025,BV,JABONERIA WILSON S.A.,CENEFAS - rollo 50 mts,PUBLICOMERCIAL,50,575,24115,439,-1.16,0.2,10.95,,,16.75,60 DIAS CREDITO,109.46,2.913043478
69525,12/11/2025,ASS,ZH EDITORES,AGENDA 21.5 X 20.5,PUBLICOMERCIAL,2000,2600,,1276.6,1017.51,0.1,,,,50.98,CONTADO,254.9011111,1.960769231
69526,12/11/2025,ASS,ZH EDITORES,AGENDA 21.5 X 20.5 pasta dura,PUBLICOMERCIAL,2000,4500,,2139.42,1802.49,0.1065,,,,88.24,CONTADO,469.8527308,1.960888889
69527,12/11/2025,ASS,ZH EDITORES,AGENDA A5,PUBLICOMERCIAL,2000,2566.63,,1073.95,1165.56,0.11,,,,50.33,CONTADO,276.7933708,1.960937104
69528,12/11/2025,BV,NATURES SUNSHINE PRODUCTS DEL ECUADOR S.A.,DIPLOMAS,PUBLICOMERCIAL,58,96,24120,21.4,51.69,0.2,1.83,,,2.8,45 DIAS CREDITO,18.2725,2.916666667
69529,12/11/2025,CTAG,SUPER GRES MARKETING,Volantes 2 motivos,PUBLICOMERCIAL,800,200,,70.72,92.68,0.15,3.84,,,3.92,CONTADO,28.83529412,1.96
69530,12/11/2025,CTAG,SUPER GRES MARKETING,TARJETAS DE PRESENTACIÓN - 2 sucursales,PUBLICOMERCIAL,2000,210,,76.49,95.08,0.15,4.04,,,4.12,CONTADO,30.27705882,1.961904762
69531,12/11/2025,ASS,OTECEL S.A.,VOLANTE BLACK FRIDAY TUENTI,PUBLICOMERCIAL,3800,307.8,24117,139.65,97.03,0.2,5.92,,,6.04,60 DIAS,59.17,1.96231319
69532,12/11/2025,BV,NATURES SUNSHINE PRODUCTS DEL ECUADOR S.A.,TELA PARA BACKING multiproductos,PUBLICOMERCIAL,1,115,24124,94,-11.91,0.25,2.19,,,3.35,45 DIAS CREDITO,27.36333333,2.913043478
69535,12/11/2025,BV,NATURES SUNSHINE PRODUCTS DEL ECUADOR S.A.,FLYER CONGRESO HP SOBRES,PUBLICOMERCIAL,300,80,,31.91,27.12,0.24,,,,2.33,45 DIAS CREDITO,18.64105263,2.9125
69536,12/11/2025,BV,NATURES SUNSHINE PRODUCTS DEL ECUADOR S.A.,FLYERS CONGRESO HP SOBRES Y FRASCOS,PUBLICOMERCIAL,100,48,,26.78,8.17,0.25,,,,1.4,45 DIAS CREDITO,11.65,2.916666667
69537,12/11/2025,CTAG,KFC,MENU - IMPRESION DIGITAL,PUBLICOMERCIAL,180,1170,,210.36,822,0.1,,,,22.94,CONTADO,114.7066667,1.960683761
69538,12/11/2025,BV,INDUSTRIAS ALES C.A.,PRECIADOR TROQUELADO,PUBLICOMERCIAL,2000,298,,142.03,113.25,0.1,5.67,,,8.68,90 DIAS CREDITO,28.36444444,2.912751678
69539,12/11/2025,BV,INDUSTRIAS ALES C.A.,PRECIADOR REFILADO,PUBLICOMERCIAL,2000,198,,80.85,95.79,0.09,,,,3.88,POR COTIZAR,17.46989011,1.95959596
69540,12/11/2025,BV,INDUSTRIAS ALES C.A.,CENEFAS,PUBLICOMERCIAL,700,99,,42.84,45.48,0.09,,,,1.94,90 DIAS CREDITO,8.734945055,1.95959596
69541,12/11/2025,BV,ADPROCOM ADMINISTRADORA DE PROYECTOS COMERCIALES,PAPEL DE REGALO,PUBLICOMERCIAL,900,380,,193.02,132.51,0.1,7.23,,,11.07,POR COTIZAR,36.17,2.913157895
69542,13/11/2025,ASS,OTECEL S.A.,VOLANTE ATENCIÓN MÉDICA,PUBLICOMERCIAL,15010,405.27,,178.68,168.01,0.11,7.79,,,7.95,60 DIAS,42.84932584,1.961655193
69543,13/11/2025,CTAG,GESTIÓN PUBLICIDAD CESPU CIA. LTDA.,GUÍAS TURÍSTICAS,PUBLICOMERCIAL,16000,4000,24138,2076.87,1284.47,0.13,77.27,,,59.11,50% ANTICIPO - 50% CONTRA ENTREGA,502.2691954,1.47775
69544,13/11/2025,ASS,OTECEL S.A.,Fundas Tuenti BF,PUBLICOMERCIAL,500,1125,,501.96,338.38,0.2,21.01,31.51,,22.06,POR COTIZAR,210.085,1.960888889
69546,13/11/2025,BV,NATURES SUNSHINE PRODUCTS DEL ECUADOR S.A.,FOLLETO POWER HEALTH 6,PUBLICOMERCIAL,2000,440,24118,151.38,212.99,0.13,8.38,,,12.82,,54.44609195,2.913636364
69533,14/11/2025,CTAG,DIDACTICA-EDITORIAL S.A.S.,libros,EDITORIAL,8128,13160.29,,7333.29,4278.73,0.1,,,,258.04,,1290.224444,1.960747066
69545,14/11/2025,ASS,YANBAL ECUADOR S.A,planner anual 2026,PUBLICOMERCIAL,2830,8207,,4331.24,2910.22,0.1,,,,160.92,POR COTIZAR,804.6066667,1.9607652
69548,14/11/2025,ASS,AGLOMERADOS COTOPAXI S.A,TARJETAS - 3 motivos,PUBLICOMERCIAL,4159,587.05,24119,224.89,187.02,0.27,11.29,,,11.51,60 DIAS CREDITO,152.350274,1.960650711
69549,14/11/2025,ASS,INTRIAGO FRAY OSCAR PASTOR,sHOPPING BAG,EMPAQUE,50,312,24121,50.21,249.79,0,,,,12,60 DIAS,0,3.846153846
69550,14/11/2025,CTAG,SYNLAB S.A.S,agenda cuaderno,PUBLICOMERCIAL,1000,2296.78,,1000.49,942.19,0.12,44.15,,,45.03,,264.9109091,1.960570886
69551,14/11/2025,MC,TRAMA DISENO,"Revista Trama 191
",PUBLICOMERCIAL,250,1850,24144,775.44,973.82,0.045,,,,18.32,45 DIAS,82.42586387,0.99027027
69552,14/11/2025,MC,UNIVERSIDAD SAN FRANCISCO DE QUITO,MANUAL FOTOGRÁFICO,EDITORIAL,200,5160,,2030.77,2143.99,0.15,98.23,,,150.29,,736.7223529,2.912596899
69553,14/11/2025,MC,TRAMA DISENO,"Revista DOSSIER RESTAURANTES
",PUBLICOMERCIAL,250,1299,24145,567.58,660.69,0.045,,,,12.86,45 DIAS,57.87659686,0.989992302
69554,17/11/2025,BV,THATBOOK S.A.S. B.I.C.,libros,EDITORIAL,8138,12376.47,,6131.74,4149.11,0.14,239.09,,,182.9,90 DIAS CREDITO,1673.626744,1.477804253
69555,17/11/2025,CTAG,INIAP,GUIA,PUBLICOMERCIAL,1000,2658.95,,1075.62,818.22,0.15,44.56,,340.89,45.45,POR COTIZAR,334.2070588,1.709321349
69556,17/11/2025,CTAG,CHAIDE Y CHAIDE S.A,Calendarios 2026,PUBLICOMERCIAL,3800,4370.83,24122,2091.06,1500.88,0.145,84.02,,,85.7,POR COTIZAR,609.1594152,1.960725995
69557,17/11/2025,CTAG,MEGABOOKS,LIBRO ECO,EDITORIAL,1000,1944.05,,839.83,969.49,0.06,,,,19.25,90 días,115.4885106,0.990200869
69534,18/11/2025,BV,NATURES SUNSHINE PRODUCTS DEL ECUADOR S.A.,CHEQUES 3,PUBLICOMERCIAL,3,70.5,24123,68,-14.32,0.2,1.34,,,2.05,45 DIAS CREDITO,13.42,2.907801418
69558,18/11/2025,CTAG,MINISTERIO DE SALUD - PANGUA,POSTER A3,PUBLICOMERCIAL,5000,824.02,,421.42,200.02,0.1,13.81,,105.64,14.09,,69.04888889,1.709909954
69559,18/11/2025,CTAG,MINISTERIO DE SALUD - PANGUA,HOJA INFORMATIVA A5,PUBLICOMERCIAL,5000,386.77,,160.38,115.1,0.15,6.48,,49.59,6.61,,48.61411765,1.709026036
69560,18/11/2025,CTAG,MINISTERIO DE SALUD - PANGUA,ROTAFOLIO A4,PUBLICOMERCIAL,500,1643.17,,627.32,543.03,0.15,27.54,,210.66,28.09,,206.5323529,1.709500539
69561,18/11/2025,CTAG,COMUNIKGRAF S.A.,FOLLETO GRUPO IMPRESOR 2026,PUBLICOMERCIAL,1000,940,24125,637.69,302.31,0,,,,,,0,
69562,18/11/2025,CTAG,COMUNIKGRAF S.A.,AGENDA PASTA DURA gRUPO IMRPESOR 2026,PUBLICOMERCIAL,1000,2285,24126,1627.65,657.35,0,,,,,,0,
69564,18/11/2025,ASS,OTECEL S.A.,TRIPTICO NOVIEMBRE,PUBLICOMERCIAL,69800,1779.9,24129,925.19,511.86,0.16,,34.22,,34.9,60 DIAS CREDITO,273.7238095,1.960784314
69565,18/11/2025,ASS,OTECEL S.A.,VOLANTES NOVIEMBRE,PUBLICOMERCIAL,69400,1249.2,24130,633.59,339.3,0.15,22.89,57.23,,24.49,60 DIAS CREDITO,171.6864706,1.960454691
69566,18/11/2025,BV,UMCO S.A.,reimpresimón SEPARADOR 27x27,PUBLICOMERCIAL,30000,630,24127,302.42,237.28,0.1,11.99,,,18.35,45 DIAS CREDITO,59.96666667,2.912698413
69567,18/11/2025,BV,UMCO S.A.,REIMPRESIÓN SEPARADOR PAPEL EARTH 32 x 30,PUBLICOMERCIAL,20000,560,24128,251.34,237.98,0.1,,,,16.31,45 DIAS CREDITO,54.36888889,2.9125
69570,18/11/2025,ASS,FUNDACIÓN ESPERANZA,CERTIFICADOS,PUBLICOMERCIAL,7,17.5,,15.01,-1.55,0.2,0.34,,,0.34,,3.365,1.942857143
69571,18/11/2025,ASS,SANTILLANA S.A.,AGENDA PREMIUM,PUBLICOMERCIAL,800,2984,24133,1703.78,602.86,0.18,56.26,56.26,,58.51,,506.3356098,1.960790885
69506,19/11/2025,ASS,SANTILLANA S.A.,libros ANILLADO,EDITORIAL,100,4681.23,,1750.65,2482.33,0.05,,133.67,,91.79,,222.7884211,1.960809445
69563,19/11/2025,CTAG,COMUNIKGRAF S.A.,CUADERNO ANILLADO GRUPO IMPRESOR 2026,PUBLICOMERCIAL,1000,2940,24135,1732.88,1207.12,0,,,,,,0,
69568,19/11/2025,BV,INDUSTRIAS ALES C.A.,TEND CARDS,PUBLICOMERCIAL,50,415,,63.34,272.42,0.15,7.9,,,12.09,90 DIAS CREDITO,59.25176471,2.913253012
69569,19/11/2025,BV,INDUSTRIAS ALES C.A.,vibrines,PUBLICOMERCIAL,200,185,,47.02,98.38,0.15,3.42,5.13,,5.39,90 DIAS CREDITO,25.65882353,2.913513514
69572,19/11/2025,BV,SEDEMI SERVICIOS DE MECANICA,CUADERNOS 2026,PUBLICOMERCIAL,600,1740,,698.53,709.23,0.15,33.12,,,50.68,45 DIAS CREDITO,248.4282353,2.912643678
69573,19/11/2025,BV,TOYOTA DEL ECUADOR S.A.,TELA PARA BAKING ARAÑA,PUBLICOMERCIAL,1,235,24131,194,-12.82,0.19,4.47,,,6.84,30 DIAS CREDITO,42.49901235,2.910638298
69574,19/11/2025,BV,GRUPO TRANSBEL S.A,CAJA,EMPAQUE,3,75,24136,23.3,33.81,0.2,1.43,,,2.18,POR COTIZAR,14.2775,2.906666667
69575,19/11/2025,CTAG,GESTIÓN PUBLICIDAD,MANUALES,PUBLICOMERCIAL,35,1190,,161.87,867.54,0.1,22.88,,,23.33,CONTADO,114.3788889,1.960504202
69576,19/11/2025,BV,GRUPO TRANSBEL S.A,DIPLOMAS,PUBLICOMERCIAL,106,99,,34.55,43.26,0.15,1.83,2.75,,2.88,90 DIAS CREDITO,13.73117647,2.909090909
69577,19/11/2025,BV,GRUPO TRANSBEL S.A,TIRAS OLFATIVAS,PUBLICOMERCIAL,50,75,,30.82,28.13,0.15,1.39,2.08,,2.18,90 DIAS CREDITO,10.40294118,2.906666667
69578,19/11/2025,BV,GRUPO TRANSBEL S.A,FLYERS,PUBLICOMERCIAL,300,178,,59.91,79.99,0.15,3.29,4.94,,5.18,90 DIAS CREDITO,24.68823529,2.91011236
69579,19/11/2025,BV,GRUPO TRANSBEL S.A,BANDERINES,PUBLICOMERCIAL,48,156,,42.33,80.28,0.15,2.88,4.33,,4.54,90 DIAS CREDITO,21.63705882,2.91025641
69580,19/11/2025,BV,GRUPO TRANSBEL S.A,X BANNER ARAÑA,PUBLICOMERCIAL,6,162,,134,-14.17,0.2,3,4.49,,4.72,90 DIAS CREDITO,29.9575,2.913580247
69581,19/11/2025,ASS,OTECEL S.A.,VOLANTE TUENTI,PUBLICOMERCIAL,100,215,24132,55.11,82.78,0.3,3.94,9.85,,4.22,,59.09571429,1.962790698
69582,20/11/2025,CTAG,AMC ECUADOR CIA.LTDA.,PLIEGOS NINA FLOWERS 60X90,PUBLICOMERCIAL,50000,900,24134,113.89,728.47,0.05,,,,13.3,POR COTIZAR,44.33473684,1.477777778
69583,20/11/2025,CTAG,Aromalab,PAPEL DE REGALO 3 MOTIVOS,PUBLICOMERCIAL,600,594,,262.56,239.87,0.12,11.42,,,11.65,CONTADO,68.51318182,1.961279461
69584,20/11/2025,MC,USFQ,"Libro: Una exploración arqueológica de Pichincha Occidental, segunda edición",EDITORIAL,200,3530,,1324.04,1531.94,0.15,67.2,,,102.82,30 DIAS,503.9964706,2.912747875
69585,20/11/2025,MC,USFQ,"Libro: Una exploración arqueológica de Pichincha Occidental, segunda edición",EDITORIAL,200,3550,,1342.93,1529.24,0.15,67.58,,,103.4,30 DIAS,506.8535294,2.912676056
69586,21/11/2025,BV,"CENTRO DE APOYO Y PROTECCION DE LOS DERECHOS HUMANOS ""SURKANA""",FOLLETO A5,PUBLICOMERCIAL,1000,1249.7,24140,418.59,414.07,0.3,23.79,,,36.4,30 DIAS CREDITO,356.8542857,2.912699048
69587,21/11/2025,CTAG,AMC ECUADOR CIA.LTDA.,reimpresión IMPRESIÓN PLIEGOS MYSTIC 60x45,PUBLICOMERCIAL,100000,1680,24137,136.56,1428.15,0.05,32.94,,,,30 DIAS,82.35315789,
69588,21/11/2025,CTAG,MARGARITA DÍAZ,EJEMPLARES,PUBLICOMERCIAL,2000,640.01,,264.35,240.08,0.18,12.3,,,12.55,15 DIAS,110.7285366,1.960906861
69589,21/11/2025,MC,CARDI MIRANDA,Sobres Manila Cardio,PUBLICOMERCIAL,1000,650,,263.38,262.51,0.15,12.37,,,18.93,CONTADO,92.80411765,2.912307692
69590,21/11/2025,BV,CONESA S.A.S.,FLYER,PUBLICOMERCIAL,2000,198,,69.57,90.63,0.15,3.77,,,5.77,,28.27058824,2.914141414
69592,24/11/2025,CTAG,CHAIDE Y CHAIDE S.A,CALTALOGO RESIFLEX,PUBLICOMERCIAL,500,935,,388.19,411.65,0.11,17.97,,,18.33,60 DIAS CREDITO,98.85662921,1.960427807
69595,24/11/2025,BV,UMCO S.A.,reimpresimón SEPARADOR 64x45,PUBLICOMERCIAL,5000,438.5,24142,180.54,178.41,0.14,8.35,,,12.77,45 DIAS,58.43372093,2.912200684
69596,24/11/2025,BV,INDUSTRIAS ALES C.A.,AFICHES 2 modelos,PUBLICOMERCIAL,12800,1980,,1203.98,367.15,0.15,36.97,36.97,,57.67,90 DIAS CREDITO,277.2582353,2.912626263
69597,24/11/2025,BV,INDUSTRIAS ALES C.A.,CENEFA 6 modelos,PUBLICOMERCIAL,5138,850,,429.26,284.89,0.1,15.87,15.87,,24.76,90 DIAS CREDITO,79.35,2.912941176
69598,24/11/2025,BV,INDUSTRIAS ALES C.A.,PIZARRAS 3 MODELOS,PUBLICOMERCIAL,1150,350,,218.14,75.93,0.1,6.53,6.53,,10.19,90 DIAS CREDITO,32.67444444,2.911428571
69599,24/11/2025,BV,INDUSTRIAS ALES C.A.,PRECIADOR 4 modelos,PUBLICOMERCIAL,11200,540,,255.01,198.69,0.1,10.08,10.08,,15.73,90 DIAS CREDITO,50.41111111,2.912962963
69547,25/11/2025,ASS,EMPRESA OPERADORA METRO DE MEDELLIN TRANSDEV EOMMT S.A.S.,Libro anillado,EDITORIAL,6000,9000,,3826.76,3093.65,0.2,173.01,,,176.47,60 DIAS,1730.1025,1.960777778
69591,25/11/2025,BV,S&S TEXTOS SS TEXTOS CIA.LTDA.,AGENDAS 2026,PUBLICOMERCIAL,4000,6600,,2887.73,2599.58,0.135,126.87,,,129.41,,856.4009827,1.960757576
69593,25/11/2025,CTAG,GESTIÓN PUBLICIDAD CESPU CIA. LTDA.,CARTILLAS A5,PUBLICOMERCIAL,1000,3050,,1255.36,1383.05,0.1,58.63,,,59.8,50% ANTICIPO - 50% CONTRA ENTREGA,293.1566667,1.960655738
69600,25/11/2025,CTAG,CHAIDE Y CHAIDE S.A,reimpresión COD. 694 ETIQUETA CHN BABY CHAIDE ANTIACAROS,PUBLICOMERCIAL,1000,210,24143,101.18,97.28,0.055,,,,,POR COTIZAR,11.55058201,
69601,25/11/2025,CTAG,GESTIÓN PUBLICIDAD CESPU CIA. LTDA.,LIBRO PASTA DURA,EDITORIAL,100,2189.3,,849.22,1044.63,0.1,42.09,,,42.93,50% ANTICIPO - 50% CONTRA ENTREGA,210.4277778,1.960900745
69602,25/11/2025,CTAG,BANCO GENERAL RUMIÑAHUI S.A.,MEMORIA DE SOSTENIBILIDAD,EDITORIAL,125,3236.78,,1267.14,1066.18,0.25,62.22,,,63.47,,777.7733333,1.960899412
69603,25/11/2025,ASS,EMPRESA OPERADORA METRO DE MEDELLIN TRANSDEV EOMMT S.A.S.,Libro anillado PASTA DURA,EDITORIAL,6000,10800.01,,4337.55,3966.96,0.2,207.61,,,211.76,60 DIAS,2076.1275,1.960738925
69604,26/11/2025,BV,EDISON VARGAS,LIBROS COOPERATIVA PASTA DURA,EDITORIAL,5000,20990,,14156.99,2670.69,0.17,405.49,,,310.2,,3446.633253,1.477846594
69605,26/11/2025,BV,GRUPO TRANSBEL S.A,agendas personalizadas,PUBLICOMERCIAL,150,897,,328.23,397.5,0.15,17.08,,,26.13,90 DIAS CREDITO,128.07,2.913043478
69607,26/11/2025,CTAG,ALISERVIS S.A.,VOLANTES DICIEMBRE - 5 MOTIVOS,PUBLICOMERCIAL,475600,5043.8,24146,1949.8,1783.12,0.23,96.96,,,98.9,30 DIAS CREDITO,1115.028052,1.960823189
69608,26/11/2025,CTAG,GAD LATACUNGA,REVISTA MUNICIPAL,PUBLICOMERCIAL,12800,2506.18,,1056.61,728.42,0.15,42,,321.3,42.84,,315.0052941,1.709374426
69609,26/11/2025,CTAG,GAD LATACUNGA,CARPETA,PUBLICOMERCIAL,1200,1427.84,,701.63,315.36,0.15,23.93,,183.06,24.41,,179.4688235,1.709575303
69610,26/11/2025,CTAG,GAD LATACUNGA,SEPARADORES 6 MODELOS,PUBLICOMERCIAL,7200,2814.4,,1670.34,334.22,0.15,47.17,,360.82,48.11,,353.7458824,1.709422968
69611,26/11/2025,BV,SEDEMI SERVICIOS DE MECANICA,CUADERNOS 2026 COSIDOS,PUBLICOMERCIAL,600,2730,,1306.4,517.88,0.148,42.82,,480.48,65.52,45 DIAS CREDITO,316.8937089,2.4
69612,26/11/2025,BV,THATBOOK S.A.S. B.I.C.,CARPETA,PUBLICOMERCIAL,2000,1500,,708.23,376.87,0.24,28.56,,,43.69,90 DIAS CREDITO,342.6631579,2.912666667
69613,26/11/2025,BV,THATBOOK S.A.S. B.I.C.,TRÍPTICOS 6 MOTIVOS,PUBLICOMERCIAL,12000,3600,,2002.94,726.61,0.18,66.57,99.86,,104.85,90 DIAS CREDITO,599.1695122,2.9125
69614,26/11/2025,BV,THATBOOK S.A.S. B.I.C.,AGENDA / CUADERNO,PUBLICOMERCIAL,2000,3900.01,,1642.32,1513.02,0.15,74.24,,,113.59,POR COTIZAR,556.8247059,2.912556634
69606,27/11/2025,BV,THATBOOK S.A.S. B.I.C.,textos - 75gr 86x67,EDITORIAL,2000,5594.2,,2406.39,2409.51,0.1,,160.53,,82.67,90 DIAS CREDITO,535.1,1.477780558
69615,27/11/2025,CTAG,ALISERVIS S.A.,REIMPRESIÓN ETIQUETA MEDIUM - GARDEN SALAD,PUBLICOMERCIAL,8000,745,24147,359.11,271.03,0.12,14.32,,,14.61,30 DIAS CREDITO,85.92818182,1.961073826
69616,27/11/2025,CTAG,MARGARITA DÍAZ,SUPLEMENTO a5,PUBLICOMERCIAL,2000,498,,198.29,230.12,0.105,9.57,,,9.76,15 DIAS,50.26039106,1.959839357
69617,27/11/2025,MC,USFQ,libros de Ficción,EDITORIAL,150,1915,,537.67,1011.68,0.15,36.46,,,55.78,30 DIAS,273.4147059,2.912793734
69621,27/11/2025,MC,CARRERA MIRIAN SUSANA,AGENDAS CUADERNO,PUBLICOMERCIAL,1000,3883.65,,1894.51,1284.57,0.14,73.93,,,113.12,30 DIAS,517.5246512,2.912723855
69622,28/11/2025,CTAG,ESPARRAGO ESQUETCH CIA. LTDA.,POSTER A3,PUBLICOMERCIAL,6000,480,,178.32,245.2,0.1,,,,9.41,50% ANTICIPO - 50% CONTRA ENTREGA,47.05777778,1.960416667
69623,28/11/2025,CTAG,ESPARRAGO ESQUETCH CIA. LTDA.,POSTER A2,PUBLICOMERCIAL,6000,600,,275.66,253.75,0.1,,,,11.76,POR COTIZAR,58.82333333,1.96
69624,28/11/2025,CTAG,ESPARRAGO ESQUETCH CIA. LTDA.,STICKER A5,PUBLICOMERCIAL,6000,670,,402.87,129.19,0.19,,,,13.14,POR COTIZAR,124.8041975,1.96119403
69625,28/11/2025,CTAG,ESPARRAGO ESQUETCH CIA. LTDA.,AFICHE,PUBLICOMERCIAL,6000,395,,217.74,111.43,0.15,,,,7.75,POR COTIZAR,58.08882353,1.962025316
69411,01/12/2025,ASS,ORGANIZACION PANAMERICANA DE LA SALUD - ORGANIZACION MUNDIAL DE LA SALUD,ROTAFOLIO,PUBLICOMERCIAL,750,4500,24067,1875.12,1303.95,0.265,86.51,,,88.24,60 DIAS CREDITO,1146.195306,1.960888889
69626,01/12/2025,ASS,OTECEL S.A.,VOLANTES TUENTI,PUBLICOMERCIAL,19900,537.3,24149,271.59,166.56,0.11,9.85,24.62,,10.54,60 DIAS CREDITO,54.15337079,1.961660153
69627,01/12/2025,ASS,YANBAL ECUADOR S.A,PLEGABLE Carrera Liderazgo,PUBLICOMERCIAL,1000,280,,118.35,99.64,0.19,5.38,,,5.49,60 DIAS,51.13345679,1.960714286
69628,01/12/2025,ASS,YANBAL ECUADOR S.A,Folleto de Incorporación,PUBLICOMERCIAL,13500,1850,,740.3,771.14,0.15,35.56,,,36.27,60 DIAS,266.7247059,1.960540541
69629,01/12/2025,BV,THATBOOK S.A.S. B.I.C.,textos - 75gr 65x90 - 20.5x28,EDITORIAL,1600,4346.54,,1839.76,1902.06,0.1,,124.73,,64.23,90 DIAS CREDITO,415.7577778,1.477727112
69630,01/12/2025,BV,ZALDUMBIDE VERDEZOTO MARIA MAGDALENA,Cajas Rosca de Reyes + VENTANA CELOFAN TRANSPARENTE,EMPAQUE,1000,1055,24165,545.46,237.8,0.22,20.08,,,30.73,,220.9194872,2.912796209
69631,01/12/2025,ASS,EMPRESA OPERADORA METRO DE MEDELLIN TRANSDEV EOMMT S.A.S.,TARJETAS NAVIDAD,PUBLICOMERCIAL,580,1044.01,,133.51,117.36,0.75,20.07,,,20.47,60 DIAS,752.61,1.960709189
69632,02/12/2025,ASS,MEDITERRANEO COMUNICACION CIA. LTDA.,AFICHE,PUBLICOMERCIAL,5700,1995,,986.77,508.91,0.22,38.35,,,39.12,15 DIAS,421.8584615,1.960902256
69633,02/12/2025,ASS,MEDITERRANEO COMUNICACION CIA. LTDA.,HABLADOR,PUBLICOMERCIAL,8300,913,,431.17,314.74,0.15,17.55,,,17.9,15 DIAS,131.6311765,1.960569551
69634,02/12/2025,ASS,MEDITERRANEO COMUNICACION CIA. LTDA.,VIBRIN,PUBLICOMERCIAL,16200,1800,,477.67,992.92,0.15,34.6,,,35.29,15 DIAS,259.5158824,1.960555556
69636,02/12/2025,CTAG,MANOSALVAS MARTINEZ JANETH,REVISTA A4,PUBLICOMERCIAL,1500,2450,24182,1078.39,1083.37,0.1,,,,48.04,15 DIAS,240.1955556,1.960816327
69637,02/12/2025,ASS,OTECEL S.A.,VOLANTES MOVISTAR DICIEMBRE,PUBLICOMERCIAL,143800,2588.4,24150,1105.12,815.9,0.19,47.43,118.58,,50.75,60 DIAS CREDITO,450.6096296,1.960670685
69638,02/12/2025,ASS,OTECEL S.A.,TRIPTICO MOVISTAR DICIEMBRE,PUBLICOMERCIAL,142800,3641.4,24151,1714.12,1190.88,0.17,,70,,71.4,60 DIAS CREDITO,595,1.960784314
69640,02/12/2025,CTAG,MANOSALVAS MARTINEZ JANETH,REVISTA 8 pg - DICIEMBRE,PUBLICOMERCIAL,850,400,24153,170.14,172.03,0.11,7.69,,,7.84,15 DIAS,42.29067416,1.96
69641,03/12/2025,ASS,JAVIER VELASCO,AGENDA A5 - REQUERIMIENTO 1,PUBLICOMERCIAL,100,830.01,,288.53,389.58,0.15,15.96,,,16.27,CONTADO,119.6664706,1.960217347
69642,03/12/2025,ASS,JAVIER VELASCO,AGENDA A5 - REQUERIMIENTO 2,PUBLICOMERCIAL,100,659.89,,238.18,300.94,0.15,12.69,,,12.94,CONTADO,95.13882353,1.960932883
69643,03/12/2025,ASS,JAVIER VELASCO,AGENDA A4 - REQUERIMIENTO 1,PUBLICOMERCIAL,100,953.41,,362.14,416.79,0.15,18.33,,,18.69,CONTADO,137.4582353,1.960331861
69644,03/12/2025,ASS,JAVIER VELASCO,AGENDA A4 - REQUERIMIENTO 2,PUBLICOMERCIAL,100,761.22,,308.49,313.42,0.15,14.63,,,14.93,CONTADO,109.7488235,1.961325241
69645,03/12/2025,BV,SEDEMI SERVICIOS DE MECANICA,CUADERNOS 2026 COSIDOS,PUBLICOMERCIAL,600,2730,24158,1370.08,561.37,0.11,43.4,,450.02,66.41,45 DIAS CREDITO,238.7185393,2.432600733
69646,03/12/2025,CTAG,DANI MIZQUERO,INDIVIDUALES,PUBLICOMERCIAL,15000,695,,231.42,288.21,0.2,,,32.48,12.99,,129.9075,1.869064748
69647,04/12/2025,CTAG,AMC ECUADOR CIA.LTDA.,REIMPRESIÓN PLIEGOS KNL FLORES 60X90,PUBLICOMERCIAL,30000,540,24154,58.45,454.55,0.05,,,,,30 DÍAS CRÉDITO,27,
69648,04/12/2025,CTAG,AMC ECUADOR CIA.LTDA.,REIMPRESIÓN PLIEGOS NINA FLOWERS 60X90,PUBLICOMERCIAL,30000,540,24155,58.45,454.55,0.05,,,,,30 DÍAS CRÉDITO,27,
69650,08/12/2025,CTAG,BICO INTERNACIONAL S.A.,CATALOGO 2026,PUBLICOMERCIAL,3000,2950,,1536.64,986.91,0.11,56.71,,,57.84,60 DIAS CREDITO,311.8994382,1.960677966
69651,08/12/2025,ASS,AUTO ESTERN,TARJETAS DE REGALO,PUBLICOMERCIAL,200,260.01,,86.87,126.6,0.15,5.02,,,3.84,,37.67117647,1.476866274
69652,08/12/2025,CTAG,CHAIDE Y CHAIDE S.A,REIMPRESIÓN - COD.63 ETIQUETA COLCHON BABY CHAIDE,PUBLICOMERCIAL,5000,750,24156,353.11,139.54,0.33,14.71,,,,CONTADO,242.6485075,
69620,09/12/2025,BV,THATBOOK S.A.S. B.I.C.,textos - 75gr 65x90,EDITORIAL,2000,3878.43,,1678.02,1660.82,0.1,,111.29,,57.32,90 DIAS CREDITO,370.9822222,1.477917611
69618,09/12/2025,BV,THATBOOK S.A.S. B.I.C.,textos - 75gr 86x60,EDITORIAL,1600,4857.8,,1997.85,2184.1,0.1,,139.4,,71.79,90 DIAS CREDITO,464.6611111,1.47782947
69619,09/12/2025,BV,THATBOOK S.A.S. B.I.C.,textos - 90gr 65x90,EDITORIAL,2000,4085.33,,1848.03,1668.92,0.1,,117.23,,60.37,90 DIAS CREDITO,390.7722222,1.477726402
69649,09/12/2025,BV,GRUPO TRANSBEL S.A,LIBRETA PASTA DURA A5,PUBLICOMERCIAL,150,830,,278.02,374.32,0.15,15.35,23.02,,24.17,90 DIAS CREDITO,115.1188235,2.912048193
69653,09/12/2025,BV,GRUPO TRANSBEL S.A,FLYER RXP C17/C18 2025 A5 - 90gr,PUBLICOMERCIAL,22000,465,,196.53,168.94,0.15,8.6,12.9,,13.54,90 DIAS CREDITO,64.49470588,2.911827957
69654,09/12/2025,BV,GRUPO TRANSBEL S.A,FLYER RXP C17/C18 2025 A5 - 300gr,PUBLICOMERCIAL,22000,999,,495.92,261.52,0.18,18.47,27.71,,29.1,90 DIAS CREDITO,166.2673171,2.912912913
69655,09/12/2025,MC,CARRERA MIRIAN SUSANA,LIBRETA A5,PUBLICOMERCIAL,1000,948.3,,393.14,411.42,0.1,17.88,,,36.47,,89.39555556,3.845829379
69656,09/12/2025,BV,GRUPO TRANSBEL S.A,"CAJA NAVIDAD CHOCOLATES, LIBRETA Y VINO",PUBLICOMERCIAL,137,3382.82,,980.15,1038.63,0.33,120.52,150.66,,98.53,90 DIAS CREDITO,994.3244776,2.912658669
69657,09/12/2025,BV,GRUPO TRANSBEL S.A,CAJA PRODUCTOS,PUBLICOMERCIAL,17,1130,,469.07,366.81,0.2,20.9,31.35,,32.91,90 DIAS CREDITO,208.97,2.912389381
69658,09/12/2025,ASS,AUTO ESTERN,TARJETAS NAVIDAD,PUBLICOMERCIAL,65,148.76,,30.02,77.75,0.25,2.87,,,2.2,,35.92333333,1.478892175
69659,09/12/2025,ASS,ORGANIZACION PANAMERICANA DE LA SALUD - ORGANIZACION MUNDIAL DE LA SALUD,GUÍAS METODOLÓGICAS - 4 MOTIVOS,PUBLICOMERCIAL,280,2800,24069,369.12,1783.9,0.2,53.83,,,54.9,60 DIAS,538.255,1.960714286
69660,09/12/2025,ASS,AGLOMERADOS COTOPAXI S.A,CAJA PASTA DURA,CAJAS PASTA DURA,1000,13835.08,,7018.66,960.04,0.4,265.96,,,271.28,60 DIAS CREDITO,5319.133333,1.960812659
69661,09/12/2025,ASS,Guada Teran Gisela Alejandra,CUADERNOS TAPA DURA COSIDO 15X21,EDITORIAL,200,1140.01,,396.36,535.02,0.15,21.91,,,22.35,50% ANTICIPO - 50% CONTRA ENTREGA,164.3611765,1.960509118
69662,09/12/2025,ASS,Guada Teran Gisela Alejandra,CUADERNOS TAPA DURA COSIDO 15.5X22,PUBLICOMERCIAL,200,1240,,436.74,576.34,0.15,23.84,,,24.31,50% ANTICIPO - 50% CONTRA ENTREGA,178.7788235,1.960483871
69663,09/12/2025,ASS,Guada Teran Gisela Alejandra,CALENDARIO,PUBLICOMERCIAL,200,660,,277.14,262.08,0.15,12.69,,,12.94,50% ANTICIPO - 50% CONTRA ENTREGA,95.15647059,1.960606061
69664,09/12/2025,BV,GRUPO TRANSBEL S.A,LIBRETA CAJA NAVIDAD,PUBLICOMERCIAL,120,589.35,,144.24,318.96,0.15,10.9,16.35,,17.17,90 DIAS CREDITO,81.74117647,2.913379147
69665,09/12/2025,BV,GRUPO TRANSBEL S.A,CARTA CAJA NAVIDAD,PUBLICOMERCIAL,120,140,,40.54,56.55,0.25,2.59,3.88,,4.08,90 DIAS CREDITO,32.36333333,2.914285714
69668,09/12/2025,CTAG,GESTIÓN PUBLICIDAD CESPU CIA. LTDA.,TRÍPTICOS ATRACTIVOS TURÍSTCOS,PUBLICOMERCIAL,750,235,,98.49,93.5,0.15,4.52,,,4.61,50% ANTICIPO - 50% CONTRA ENTREGA,33.88058824,1.961702128
69669,09/12/2025,CTAG,GESTIÓN PUBLICIDAD CESPU CIA. LTDA.,POSTALES TURÍSTCAS,PUBLICOMERCIAL,1000,485,,229.72,166.52,0.15,9.32,,,9.51,50% ANTICIPO - 50% CONTRA ENTREGA,69.92470588,1.960824742
69666,10/12/2025,BV,RIJALBA S.A.,LIBROS DE TEXTO,EDITORIAL,1000,1881.06,,767.79,903.78,0.08,36.34,,,27.8,CONTADO,145.353913,1.477890126
69667,10/12/2025,CTAG,GESTIÓN PUBLICIDAD CESPU CIA. LTDA.,CATÁLOGO LUGARES TURÍSTCOS,PUBLICOMERCIAL,1000,1290,,585.02,468.91,0.15,24.8,,,25.29,POR COTIZAR,185.9876471,1.960465116
69670,10/12/2025,CTAG,BICO INTERNACIONAL S.A.,AFICHES 2026 - 3 MOTIVOS,PUBLICOMERCIAL,20000,1481.45,,764.19,232.56,0.3,28.48,,,29.05,60 DIAS CREDITO,427.1785714,1.960916669
69671,10/12/2025,CTAG,BICO INTERNACIONAL S.A.,AFICHES 2026 - 3 MOTIVOS,PUBLICOMERCIAL,20000,1473.12,,758.59,232.56,0.3,28.32,,,28.88,60 DIAS CREDITO,424.7785714,1.960464864
69672,10/12/2025,CTAG,BICO INTERNACIONAL S.A.,BANDERIN 2026 - juego de 8 banderines,PUBLICOMERCIAL,3000,2619.64,,1581.73,306.71,0.25,50.36,,,51.37,60 DIAS CREDITO,629.48,1.960956467
69676,10/12/2025,BV,UMCO S.A.,REIMPRESIÓN SEPARADOR PAPEL EARTH 32 x 30,PUBLICOMERCIAL,20000,560,24157,251.34,237.98,0.1,,,,16.31,45 DIAS CREDITO,54.36888889,2.9125
69677,10/12/2025,BV,UMCO S.A.,reimpresimón SEPARADOR 64x45,PUBLICOMERCIAL,6000,526.2,24159,204.92,205.79,0.18,10.02,,,15.33,45 DIAS,90.15585366,2.913340935
69678,10/12/2025,CTAG,UMCO S.A.,reimpresimón SEPARADOR 27x27,PUBLICOMERCIAL,20000,420,24160,221.17,145.83,0.1,,,,12.23,45 DIAS CREDITO,40.77777778,2.911904762
69679,10/12/2025,ASS,EMPRESA OPERADORA METRO DE MEDELLIN TRANSDEV EOMMT S.A.S.,CORONA,PUBLICOMERCIAL,1900,687.32,24179,357.27,191.06,0.17,13.21,,,13.48,60 DIAS,112.3085542,1.961240761
69680,10/12/2025,ASS,EMPRESA OPERADORA METRO DE MEDELLIN TRANSDEV EOMMT S.A.S.,banderas - 6 motivos,PUBLICOMERCIAL,1200,1140,24178,496.13,380.46,0.2,21.91,,,22.35,60 DIAS,219.1475,1.960526316
69673,11/12/2025,CTAG,BICO INTERNACIONAL S.A.,SOLAPA DE BANDEJA 2026 - 5 motivos,PUBLICOMERCIAL,2000,550,,238.35,131.7,0.3,10.57,,,10.78,60 DIAS CREDITO,158.5928571,1.96
69674,11/12/2025,CTAG,BICO INTERNACIONAL S.A.,VIBRINES - 2 motivos,PUBLICOMERCIAL,2000,559.73,,221.68,208.72,0.2,10.76,,,10.98,POR COTIZAR,107.6,1.961660086
69675,11/12/2025,CTAG,BICO INTERNACIONAL S.A.,PAPEL BACKING - 3 motivos,PUBLICOMERCIAL,6000,1962.63,,826.08,513.28,0.29,37.73,,,38.48,60 DIAS CREDITO,547.0625352,1.960634455
69681,11/12/2025,CTAG,SYNLAB S.A.S,agenda cuaderno 2026,PUBLICOMERCIAL,1000,2300,24161,989.95,966.51,0.115,44.21,,,45.1,30 DIAS,254.2292655,1.960869565
69682,11/12/2025,CTAG,SYNLAB S.A.S,CALENDARIO DE ESCRITO PASTA DURA 2026,PUBLICOMERCIAL,1000,1880,24162,838.11,752.06,0.12,36.14,,,36.86,60 DIAS CREDITO,216.8413636,1.960638298
69684,11/12/2025,CTAG,CARRERA MIRIAN SUSANA,AGENDAS CUADERNO,PUBLICOMERCIAL,1000,3950,24163,1650.11,1462.97,0.172,75.2,,,115.05,30 DIAS,646.6784541,2.912658228
69685,11/12/2025,MC,YUNNY RIVERA CUSME,LIBROS INFORMATICA DEL 1 AL 7,EDITORIAL,1500,3150.01,,1447.33,1251.14,0.1,59.97,,,91.75,90 DIAS CREDITO,299.83,2.912689166
69688,11/12/2025,BV,NATURES SUNSHINE PRODUCTS DEL ECUADOR S.A.,roll ups 1 modelo,PUBLICOMERCIAL,3,117,24164,104,-13.8,0.19,2.23,,,3.41,45 DIAS CREDITO,21.15802469,2.914529915
69689,11/12/2025,BV,GUEVARA FANNY MARITZA,REVISTA BUEN VIAJE # 174,PUBLICOMERCIAL,1600,2272,24171,965.95,796.55,0.185,43.25,,,66.17,,400.0766871,2.912411972
69686,12/12/2025,MC,CARRERA MIRIAN SUSANA,CARTILLAS,PUBLICOMERCIAL,1000,600,,293.02,118.17,0.28,11.42,,,17.48,,159.9072222,2.913333333
69690,12/12/2025,ASS,LEONARDO GUERRERO,CAJAS CHUPA 2 MOTIVOS,EMPAQUE,4000,2180,24166,647.51,924.01,0.25,41.91,,,42.75,50% ANTICIPO - 50% CONTRA ENTREGA,523.84,1.961009174
69691,12/12/2025,ASS,LEONARDO GUERRERO,JUEGO CARTAS CHUPA VERSIÓN MALCRIADITAS,PUBLICOMERCIAL,2000,2960,24167,1274.42,1366.36,0.09,,,,58.04,50% ANTICIPO - 50% CONTRA ENTREGA,261.176044,1.960810811
69692,12/12/2025,ASS,LEONARDO GUERRERO,JUEGO CARTAS CHUPA VERSIÓN TRANQUI,PUBLICOMERCIAL,2000,2960,24168,1274.42,1366.36,0.09,,,,58.04,50% ANTICIPO - 50% CONTRA ENTREGA,261.176044,1.960810811
69695,15/12/2025,BV,HINODE ECUADOR CIA.LTDA.,CATÁLOGO HINODE - CLICLO 01 / 2026,PUBLICOMERCIAL,800,1454.43,,537.83,625.04,0.16,27.69,,,42.36,POR COTIZAR,221.4990476,2.912481178
69696,15/12/2025,ASS,EMPRESA OPERADORA METRO DE MEDELLIN TRANSDEV EOMMT S.A.S.,TRÍPTICO PAPEL ECOLÓGICO,PUBLICOMERCIAL,100,130,24172,44.57,61.64,0.15,2.5,,,2.55,,18.74294118,1.961538462
69697,16/12/2025,BV,HINODE ECUADOR CIA.LTDA.,CATÁLOGO HINODE - CLICLO 01 / 2026,PUBLICOMERCIAL,1200,1740,,697.14,710.63,0.15,33.12,,,50.68,POR COTIZAR,248.43,2.912643678
69698,16/12/2025,BV,HINODE ECUADOR CIA.LTDA.,CATÁLOGO HINODE - CLICLO 01 / 2026,PUBLICOMERCIAL,700,1267,24183,512.13,532.85,0.1335,24.12,,,36.9,60 DIAS,160.9980727,2.912391476
69699,16/12/2025,BV,BUSSINES MARKETING PUBLICIDAD CIA LTDA,AGENDA MINISTERIO DEL AMBIENTE,PUBLICOMERCIAL,1200,4156.26,24188,1697.5,1665.17,0.15,79.12,,,121.06,60 DIAS CREDITO,593.4123529,2.912714796
69700,17/12/2025,CTAG,PLUGIN,TARJETAS 2 MOTIVOS COLEGIO AMERICANO,PUBLICOMERCIAL,140,52.17,24173,20.88,20.74,0.17,1,,,1.02,15 DIAS,8.524578313,1.955146636
69703,17/12/2025,BV,BUSSINES MARKETING PUBLICIDAD CIA LTDA,Tarjetas Navidad,PUBLICOMERCIAL,12,24,,17.48,1.93,0.15,0.46,,,0.7,CONTADO,3.425294118,2.916666667
69704,17/12/2025,CTAG,COMUNIKGRAF S.A.,Sobre para cuadernos y sticker,EMPAQUE,300,320.81,24175,117.9,202.91,0,,,,,60 DIAS CREDITO,0,
69705,18/12/2025,CTAG,GESTIÓN PUBLICIDAD CESPU CIA. LTDA.,CERTIFICADOS RECONOCIMIENTO - PERSONALIZADOS,PUBLICOMERCIAL,367,295,,61.7,160.89,0.215,5.67,,,5.78,50% ANTICIPO - 50% CONTRA ENTREGA,60.96414013,1.959322034
69706,18/12/2025,CTAG,ALISERVIS S.A.,VOLANTES PROMO ENERO 2026 $10.49 PIZZA FAMILIA 1 INGREDIENTE - 5 MOTIVOS,PUBLICOMERCIAL,492675,5223.09,24176,2033.4,1882.41,0.22,100.41,,,102.41,30 DIAS CREDITO,1104.459231,1.96071674
69707,19/12/2025,BV,OMNILIFE DEL ECUADOR S.A.,PASAPORTE,PUBLICOMERCIAL,400,920,,374.85,369.48,0.15,17.51,,,26.8,30 DIAS CREDITO,131.3523529,2.913043478
69708,19/12/2025,BV,GRUPO TRANSBEL S.A,FLYERS ARMADO ÉSIKA ETERNALLY C02,PUBLICOMERCIAL,65000,1965,24184,983.43,512.85,0.2,37.41,,,57.23,90 DIAS CREDITO,374.07,2.912468193
69710,19/12/2025,ASS,EMPRESA OPERADORA METRO DE MEDELLIN TRANSDEV EOMMT S.A.S.,diplomas,PUBLICOMERCIAL,20,28,24180,24.92,-2.59,0.17,0.54,,,0.55,60 DIAS,4.573614458,1.964285714
69402,22/12/2025,ASS,EMPRESA OPERADORA METRO DE MEDELLIN TRANSDEV EOMMT S.A.S.,diplomas,PUBLICOMERCIAL,4,8.24,24058,21.92,-14,0,,,,0.32,,0,3.883495146
69711,22/12/2025,CTAG,CHAIDE Y CHAIDE S.A,REIMPRESION COD.1771 ETIQUETA PROTECTOR BORN IMPERMEeable,PUBLICOMERCIAL,1000,500,24181,197.41,64.71,0.4,21.84,,,41.28,POR COTIZAR,174.7466667,8.256
69712,22/12/2025,CTAG,BICO INTERNACIONAL S.A.,PAPEL BACKING - 3 motivos,PUBLICOMERCIAL,6000,1998,,849.48,514.02,0.29,38.41,,,39.18,60 DIAS CREDITO,556.9225352,1.960960961
69713,23/12/2025,CTAG,HIDALGO VILLARREAL MARIA FERNANDA,CARPETA FUXION,PUBLICOMERCIAL,1000,799,,409.21,205.16,0.2,15.36,,,15.67,,153.5925,1.961201502
69714,23/12/2025,BV,AUQUILLA FREIRE DIEGO SEBASTIAN,AGENDA CUADERNO A5,PUBLICOMERCIAL,200,870,,330.14,373.74,0.15,16.56,,,25.34,60 DIAS CREDITO,124.2141176,2.912643678
69715,23/12/2025,BV,AUQUILLA FREIRE DIEGO SEBASTIAN,AGENDA CUADERNO A4,PUBLICOMERCIAL,1300,4784,,2087.54,1783.01,0.15,91.07,,,139.34,60 DIAS CREDITO,683.0382353,2.912625418
69716,24/12/2025,CTAG,AMC ECUADOR CIA.LTDA.,IMPRESIÓN MAS FLOWERS 60X45,PUBLICOMERCIAL,5000,115,24185,31.52,81.78,0,,,,1.7,,0,1.47826087
69717,24/12/2025,BV,BUSSINES MARKETING PUBLICIDAD CIA LTDA,CAJA PARA AGENDA MINISTERIO DEL AMBIENTE sencilla - opcion 2,PUBLICOMERCIAL,500,1775,24187,671.69,764.39,0.15,33.79,,,51.7,POR COTIZAR,253.4258824,2.912676056
68640,28/01/2026 0:00,MC,TIPAN UMATAMBO SEGUNDO MARCO,LIBRO PREPARATORIA MIS HUELLITAS 1 EGB,EDITORIAL,2000,19500.28504,24223,9341.752,6525.331524,0.12,360.6155346,540.9233019,0,567.969467,POR COTIZAR,2163.693208,2.912621358
69718,05/01/2026 0:00,CTAG,SYNLAB S.A.S,separata cuadernos,PUBLICOMERCIAL,500,265.0069548,,66.85495,149.654,0.15,5.094328235,0,0,5.1962148,30 DIAS,38.20746176,1.960784314
69719,05/01/2026 0:00,BV,NATURES SUNSHINE PRODUCTS DEL ECUADOR S.A.,REIMPRESIÓN CATÁLOGO de producto,PUBLICOMERCIAL,3000,2886.000396,24189,1199.818,1052.723714,0.18,54.94004181,0,0,84.05826397,45 DIAS CREDITO,494.4603762,2.91262136
69720,05/01/2026 0:00,BV,GRUPO TRANSBEL S.A,FOLLETOS CLUB BRILLANTE 2026,PUBLICOMERCIAL,300,895.0056078,,348.2052,396.5983571,0.1,16.55119016,24.82678524,0,26.0681245,90 DIAS CREDITO,82.75595079,2.912621359
69721,05/01/2026 0:00,ASS,OTECEL S.A.,VOLANTES MOVISTAR DICIEMBRE,PUBLICOMERCIAL,126000,2267.998536,24190,1031.1845,735.1695,0.15,41.56127059,103.9031765,0,44.47055953,60 DIAS CREDITO,311.7095294,1.960784314
69722,05/01/2026 0:00,BV,BUSSINES MARKETING PUBLICIDAD CIA LTDA,CUADERNOS / AGENDAS PERSONALIZADAS,PUBLICOMERCIAL,100,698.0104281,,207.1707132,357.5626429,0.15,13.28784367,0,0,20.33040082,60 DIAS CREDITO,99.65882755,2.912621359
69723,05/01/2026 0:00,BV,BUSSINES MARKETING PUBLICIDAD CIA LTDA,CUADERNOS / AGENDAS PERSONALIZADAS,PUBLICOMERCIAL,300,1380.003781,,434.6334374,681.8744762,0.15,26.27077444,0,0,40.19428489,60 DIAS CREDITO,197.0308083,2.91262136
69724,05/01/2026 0:00,BV,NATURES SUNSHINE PRODUCTS DEL ECUADOR S.A.,CUADERNOS,PUBLICOMERCIAL,200,589.7831487,24206,175.3407132,301.830119,0.15,11.22754899,0,0,17.17814996,POR COTIZAR,84.20661745,2.912621359
69725,06/01/2026 0:00,CTAG,LUCIA,,PUBLICOMERCIAL,1000,1300.012102,,473.5197,588.5816905,0.15,24.99062095,0,0,25.49043337,,187.4296571,1.960784314
69726,06/01/2026 0:00,CTAG,GESTIÓN PUBLICIDAD CESPU CIA. LTDA.,AGENDA EJECUTIVA AAA,PUBLICOMERCIAL,150,1950.003686,,818.4036,774.7366667,0.15,37.48565333,0,0,38.2353664,50% ANTICIPO - 50% CONTRA ENTREGA,281.1424,1.960784314
69727,06/01/2026 0:00,CTAG,GESTIÓN PUBLICIDAD CESPU CIA. LTDA.,CALENDARIOS DE ESCRITO 2026 AAA,PUBLICOMERCIAL,200,660.0003257,,244.3575,294.8584524,0.15,12.68743417,0,0,12.94118286,50% ANTICIPO - 50% CONTRA ENTREGA,95.15575631,1.960784314
69728,06/01/2026 0:00,BV,GRUPO TRANSBEL S.A,LIBRETAS,PUBLICOMERCIAL,10000,2069.998677,,968.735,767.8083333,0.11,39.02344569,19.51172285,0,60.2912236,90 DIAS CREDITO,214.6289513,2.912621359
69729,06/01/2026 0:00,CTAG,MANOSALVAS MARTINEZ JANETH,REVISTA A4,PUBLICOMERCIAL,1500,2450.00006,24182,1078.393745,1083.371013,0.1,0,0,0,48.03921685,15 DIAS,240.1960842,1.960784313
69732,07/01/2026 0:00,CTAG,KFC,INDIVIDUALES,PUBLICOMERCIAL,6000,509.996785,,171.21404,245.45,0.15,9.803859765,0,0,9.99993696,,73.52894824,1.960784314
69735,12/01/2026 0:00,MC,SANCHEZ CARRASCO PAUL VICENTE,libros artistica del 2 al 7,EDITORIAL,1500,2850.000057,,1173.7695,1240.565214,0.11,54.25471268,0,0,83.0097104,POR COTIZAR,298.4009197,2.912621359
69736,08/01/2026 0:00,CTAG,FRANKLIN MALLA,BOLETOS NUMERADOS,PUBLICOMERCIAL,6000,595.0017,,109.4525,373.3075,0.16,11.49428571,0,0,8.793128571,CONTADO,91.95428571,1.477832512
69737,08/01/2026 0:00,MC,YUNNY RIVERA CUSME,LIBRO INFORMATIC EVOLUTION 1,EDITORIAL,1500,3150.002666,24191,1267.2725,1290.268214,0.147,59.96578463,0,0,91.74765048,90 DIAS CREDITO,440.7485169,2.91262136
69738,08/01/2026 0:00,MC,YUNNY RIVERA CUSME,LIBRO INFORMATIC EVOLUTION 2,EDITORIAL,1500,3075.004819,24194,1278.6935,1264.785643,0.131,58.53807003,0,0,89.56324715,90 DIAS CREDITO,383.4243587,2.912621359
69739,08/01/2026 0:00,MC,YUNNY RIVERA CUSME,LIBRO INFORMATIC EVOLUTION 3,EDITORIAL,1500,3075.000952,24195,1273.4095,1293.481643,0.123,58.53799642,0,0,89.56313452,90 DIAS CREDITO,360.008678,2.912621359
69740,09/01/2026 0:00,CTAG,BICO INTERNACIONAL S.A.,REGLAS NORMA,PUBLICOMERCIAL,50000,1250.00125,,634.9120333,270.6235,0.25,24.14761422,0,0,18.47292488,60 DIAS CREDITO,301.8451778,1.477832513
69741,09/01/2026 0:00,CTAG,BICO INTERNACIONAL S.A.,HORARIOS,PUBLICOMERCIAL,100000,1630.009967,,804.5439,329.0475,0.28,31.48865,0,0,24.08881725,,440.8411,1.477832513
69742,09/01/2026 0:00,CTAG,BICO INTERNACIONAL S.A.,membretes,PUBLICOMERCIAL,50000,1989.000336,,1130.943033,321.9983889,0.24,38.23530058,0,0,39.0000066,60 DIAS CREDITO,458.8236069,1.960784314
69743,09/01/2026 0:00,CTAG,GAD CAÑAR,REVISTA CACE,PUBLICOMERCIAL,1000,3690.645931,,1389.304,859.9378095,0.25,59.97978159,0,539.908004,91.76906583,,749.7472698,2.486531289
69744,13/01/2026 0:00,BV,REDACOPIO S.A.,INDIVIDUALES 1 MODELO,PUBLICOMERCIAL,100000,1169.995842,,651.805,443.265,0.05,0,0,0,17.29057895,POR COTIZAR,57.63526316,1.477832513
69745,09/01/2026 0:00,CTAG,COMUNIKGRAF S.A.,placas para prueba de color PM52,PUBLICOMERCIAL,300,89.063205,24196,41.3285,46.4185,0,0,0,0,1.316205,,0,1.477832512
69746,12/01/2026 0:00,BV,TOYOTA DEL ECUADOR S.A.,CERTIFICADOS,PUBLICOMERCIAL,136,115.0129904,,44.6765,42.9024,0.2,2.1894725,0,0,3.349892925,30 DIAS CREDITO,21.894725,2.91262136
69747,12/01/2026 0:00,CTAG,ESPARRAGO ESQUETCH CIA. LTDA.,REVISTA PYXART,PUBLICOMERCIAL,6000,4045.616694,,1964.61925,1605.042539,0.1,0,0,0,79.32581753,,396.6290877,1.960784314
69748,12/01/2026 0:00,ASS,ZH EDITORES,libros Yo te ayudo express 2,EDITORIAL,1000,3719.998854,,1678.602,1749.632238,0.06,0,0,0,72.941154,POR COTIZAR,218.823462,1.960784314
69749,12/01/2026 0:00,ASS,ZH EDITORES,libros Leamos otra vez,EDITORIAL,1000,2574.995671,,1178.0355,1194.999726,0.06,0,0,0,50.4901112,POR COTIZAR,151.4703336,1.960784314
69750,13/01/2026 0:00,MC,TRAMA DISENO,Libro Futuro arquitectura,EDITORIAL,500,3912.615041,,2236.841667,1181.948175,0.1,0,0,0,113.9596614,45 DIAS,379.865538,2.91262136
69751,13/01/2026 0:00,BV,BUSSINES MARKETING PUBLICIDAD CIA LTDA,CUADERNOS / AGENDAS,PUBLICOMERCIAL,200,1402.267093,24197,444.3648253,690.1554762,0.15,26.69459533,0,0,40.84273085,60 DIAS CREDITO,200.209465,2.912621358
69752,13/01/2026 0:00,CTAG,F.V. - AREA ANDINA S.A.,CARPETAS INSTITUCIONALES,PUBLICOMERCIAL,500,445.00356,,221.54,142.025,0.15,8.554470588,0,0,8.72556,30 DIAS CREDITO,64.15852941,1.960784314
69754,13/01/2026 0:00,MC,TRAMA DISENO,LIBRO CACAO Y CHOCOLATE PASTA DURA,EDITORIAL,1000,4600.001126,,2816.084,1124.522333,0.1,87.56902963,0,0,133.9806153,45 DIAS CREDITO,437.8451481,2.912621359
69755,13/01/2026 0:00,MC,TERAN ANDRADE FREDDY DAVID,LIBROs - 12 títulos,PUBLICOMERCIAL,1000,2300.002082,,929.685,1154.97375,0.0755,0,0,0,45.09808004,,170.2452522,1.960784314
69756,14/01/2026 0:00,ASS,LEONARDO GUERRERO,TERMOSELLADO JUEGO CARTAS CHUPA,PUBLICOMERCIAL,4000,600.0048,,134,356.2,0.15,11.53411765,0,0,11.7648,50% ANTICIPO - 50% CONTRA ENTREGA,86.50588235,1.960784314
69757,14/01/2026 0:00,BV,OMNILIFE DEL ECUADOR S.A.,LIBRETAS,PUBLICOMERCIAL,95,465.005156,,116.658,268.4119464,0.13,8.852182677,0,0,13.5438395,30 DIAS CREDITO,57.53918739,2.91262136
69758,14/01/2026 0:00,BV,RIJABAL S.A.,LIBRO Ciencias Experimentales 1,EDITORIAL,1300,2518.000689,24198,1031.537,1186.580095,0.088,48.64291876,0,0,37.21183285,30 DIAS CREDITO,214.0288425,1.477832513
69759,14/01/2026 0:00,BV,RIJABAL S.A.,LIBRO Ciencias Experimentales 2,EDITORIAL,1300,2308.003825,24199,949.2945,1079.376881,0.09,44.5861842,0,0,34.10843091,30 DIAS CREDITO,200.6378289,1.477832512
69760,14/01/2026 0:00,BV,RIJABAL S.A.,LIBRO Ciencias Experimentales 3,EDITORIAL,1300,2570.003219,24200,1058.5715,1206.596024,0.0875,49.64750737,0,0,37.98034314,30 DIAS CREDITO,217.2078448,1.477832512
69761,15/01/2026 0:00,BV,OMNILIFE DEL ECUADOR S.A.,LIBRETAS,PUBLICOMERCIAL,95,265.9959276,24204,70.9345,136.6770179,0.18,5.063695557,0,0,7.747454203,30 DIAS CREDITO,45.57326003,2.91262136
69762,15/01/2026 0:00,CTAG,SYNLAB S.A.S,CALENDARIO DE ESCRITO PASTA DURA 2026,PUBLICOMERCIAL,200,721.1842231,,192.0164319,448.8504524,0.08,13.93188879,0,0,10.65789492,60 DIAS CREDITO,55.72755516,1.477832512
69763,15/01/2026 0:00,ASS,LEONARDO GUERRERO,cajas pasta dura - MALCRIADITOS,EMPAQUE,2000,2700.004168,,986.1963286,1237.855548,0.143,51.90319431,0,0,52.9412582,50% ANTICIPO - 50% CONTRA ENTREGA,371.1078394,1.960784314
69764,16/01/2026 0:00,MC,TIPAN UMATAMBO SEGUNDO MARCO,LIBRO PREPARATORIA - aLUMON Y DOCENTE,EDITORIAL,2200,20460.00062,,9611.2015,7650.29031,0.092,380.2090707,570.313606,0,499.0244053,POR COTIZAR,1748.961725,2.43902439
69765,16/01/2026 0:00,BV,BUSSINES MARKETING PUBLICIDAD CIA LTDA,CARPETAS,PUBLICOMERCIAL,1000,599.99766,,269.6025,215.8325,0.15,11.422,0,0,17.47566,60 DIAS CREDITO,85.665,2.912621359
69766,16/01/2026 0:00,BV,NATURES SUNSHINE PRODUCTS DEL ECUADOR S.A.,cuadernos portada con foil,PUBLICOMERCIAL,200,775.997897,,361.2234132,281.3790714,0.13,14.77247091,0,0,22.60188049,45 DIAS CREDITO,96.02106092,2.912621359
69767,16/01/2026 0:00,BV,NATURES SUNSHINE PRODUCTS DEL ECUADOR S.A.,cuadernos portada con foil,PUBLICOMERCIAL,200,913.7495701,,524.2656632,232.4087381,0.13,17.39481382,0,0,26.61406515,45 DIAS CREDITO,113.0662898,2.912621359
69768,16/01/2026 0:00,CTAG,SYNLAB S.A.S,Sticker 3 diseños,PUBLICOMERCIAL,400,80.005264,24218,34.09333333,31.27044444,0.15,1.537971242,0,0,1.568730667,30 DIAS,11.53478431,1.960784314
69769,16/01/2026 0:00,CTAG,AMC ECUADOR CIA.LTDA.,reimpresión PLIEGOS NINA FLOWERS 60X90,PUBLICOMERCIAL,50000,899.9951579,24202,113.89,728.47,0.05,0,0,0,13.30042105,POR COTIZAR,44.33473684,1.477832512
69770,16/01/2026 0:00,ASS,LEONARDO GUERRERO,Tarjetas y manual - MALCRIADITOS,PUBLICOMERCIAL,2000,6250.003387,,2676.4025,3022.13,0.07,0,0,0,122.549086,50% ANTICIPO - 50% CONTRA ENTREGA,428.9218011,1.960784313
69771,19/01/2026 0:00,BV,BUSSINES MARKETING PUBLICIDAD CIA LTDA,LIBROS PASTA DURA FIFA,EDITORIAL,300,3997.99597,,1942.273,1292.351571,0.15,76.10881345,0,0,116.4464846,60 DIAS CREDITO,570.8161008,2.91262136
69772,19/01/2026 0:00,ASS,EMPRESA OPERADORA METRO DE MEDELLIN TRANSDEV EOMMT S.A.S.,libro anillado - bond 90gr,EDITORIAL,5000,5899.996545,,2168.097967,2368.616024,0.2,113.4178498,0,0,115.6862068,60 DIAS,1134.178498,1.960784314
69773,19/01/2026 0:00,ASS,LE@+ EDITORES,SERIE ECA DEL 2 AL 7,EDITORIAL,3000,6598.4412,,3029.222,2792.932,0.1,0,0,0,129.3812,,646.906,1.960784314
69774,19/01/2026 0:00,BV,Juan José Maldonado Utreras,DIPLOMAS,PUBLICOMERCIAL,32,32.003748,24205,26.8015,-0.9085,0.15,0.609247059,0,0,0.932148,CONTADO,4.569352941,2.912621359
69775,19/01/2026 0:00,ASS,EMPRESA OPERADORA METRO DE MEDELLIN TRANSDEV EOMMT S.A.S.,libro anillado - couche 90gr,EDITORIAL,5000,5799.997004,,2193.1681,2378.148262,0.18,111.495521,0,0,113.7254314,60 DIAS,1003.459689,1.960784313
69776,19/01/2026 0:00,ASS,LE@+ EDITORES,SERIE ECA DEL 2 AL 7,EDITORIAL,3000,4583.22121,,2187.4115,1856.607214,0.1,0,0,0,89.86708254,,449.3354127,1.960784314
69778,20/01/2026 0:00,BV,ANDRANGO PINEIDA JOFFRE EFRAIN,"LIBROS 8VO, 9NO Y 10MO",EDITORIAL,2000,4200.00217,,1821.7275,1793.942262,0.1,0,120.5223254,0,62.06899758,PAgos abril y Mayo,401.7410847,1.477832512
69781,20/01/2026 0:00,BV,CABASCANGO PROAÑO SONIA GERMANIA,etiqueta almohada premium,PUBLICOMERCIAL,2000,200.8910556,,94.3925,83.7375,0.1,0,0,0,2.968833333,CONTADO,19.79222222,1.477832512
69782,20/01/2026 0:00,CTAG,SALAZAR-EDITORES S.A.S.,LIBROS SERIE INGLES - STAR UP,PUBLICOMERCIAL,2000,3492.923949,,1380.0675,1276.270119,0.17,64.0081354,160.0203385,0,68.48870488,180 DIAS CREDITO,544.0691509,1.960784314
69783,21/01/2026 0:00,CTAG,PLUGIN,INDIVIDUALES,PUBLICOMERCIAL,150,119.9986735,,28.064,72.4275,0.15,0,0,0,1.773379412,CONTADO,17.73379412,1.477832513
69784,21/01/2026 0:00,CTAG,PLUGIN,INDIVIDUALES,PUBLICOMERCIAL,150,125.9955324,,32.9675,72.546,0.15,0,0,0,1.862002941,CONTADO,18.62002941,1.477832512
69785,21/01/2026 0:00,BV,OMNILIFE DEL ECUADOR S.A.,GUÍA DE PRODUCTOS ene 2026,PUBLICOMERCIAL,3000,2939.999378,24201,1586.568,1020.328,0.1,0,0,0,43.44826667,30 DIAS CREDITO,289.6551111,1.477832512
69787,26/01/2026 0:00,CTAG,VERONICA PROAÑO,CUADERNOS A5,PUBLICOMERCIAL,10,125.0015983,24220,65.40575,30.71235714,0.2,2.402952679,0,0,2.451011732,CONTADO,24.02952679,1.960784314
69788,22/01/2026 0:00,ASS,INTRIAGO FRAY OSCAR PASTOR,libro cívica generación c 2,EDITORIAL,1000,1999.998089,24203,900.2265,927.298881,0.04,0,57.11016815,0,39.2156488,150 DIAS - 25% con la producción  - 25% a 30 de Mayo  - 25% a 30 de Junio - 25% a 30 de Julio ,76.14689088,1.960784314
69789,22/01/2026 0:00,ASS,INTRIAGO FRAY OSCAR PASTOR,libro cívica generación c 3,EDITORIAL,1000,1999.998089,24207,889.7865,937.738881,0.04,0,57.11016815,0,39.2156488,150 DIAS - 25% con la producción  - 25% a 30 de Mayo  - 25% a 30 de Junio - 25% a 30 de Julio ,76.14689088,1.960784314
69790,22/01/2026 0:00,ASS,INTRIAGO FRAY OSCAR PASTOR,libro cívica generación c 4,EDITORIAL,1000,1999.998089,24208,889.7865,937.738881,0.04,0,57.11016815,0,39.2156488,150 DIAS - 25% con la producción  - 25% a 30 de Mayo  - 25% a 30 de Junio - 25% a 30 de Julio ,76.14689088,1.960784314
69791,22/01/2026 0:00,ASS,INTRIAGO FRAY OSCAR PASTOR,libro cívica generación c 5,EDITORIAL,1000,1999.998089,24209,889.7865,937.738881,0.04,0,57.11016815,0,39.2156488,150 DIAS - 25% con la producción  - 25% a 30 de Mayo  - 25% a 30 de Junio - 25% a 30 de Julio ,76.14689088,1.960784314
69792,22/01/2026 0:00,ASS,INTRIAGO FRAY OSCAR PASTOR,libro cívica generación c 6,EDITORIAL,1000,1999.998089,24210,889.7865,937.738881,0.04,0,57.11016815,0,39.2156488,150 DIAS - 25% con la producción  - 25% a 30 de Mayo  - 25% a 30 de Junio - 25% a 30 de Julio ,76.14689088,1.960784314
69793,22/01/2026 0:00,ASS,INTRIAGO FRAY OSCAR PASTOR,libro cívica generación c 7,EDITORIAL,1000,1999.998089,24211,889.7865,937.738881,0.04,0,57.11016815,0,39.2156488,150 DIAS - 25% con la producción  - 25% a 30 de Mayo  - 25% a 30 de Junio - 25% a 30 de Julio ,76.14689088,1.960784314
69794,22/01/2026 0:00,ASS,INTRIAGO FRAY OSCAR PASTOR,libro cívica generación c 8,EDITORIAL,1000,1999.998089,24212,889.7865,937.738881,0.04,0,57.11016815,0,39.2156488,150 DIAS - 25% con la producción  - 25% a 30 de Mayo  - 25% a 30 de Junio - 25% a 30 de Julio ,76.14689088,1.960784314
69795,22/01/2026 0:00,ASS,INTRIAGO FRAY OSCAR PASTOR,libro cívica generación c 9,EDITORIAL,1000,1999.998089,24213,889.7865,937.738881,0.04,0,57.11016815,0,39.2156488,150 DIAS - 25% con la producción  - 25% a 30 de Mayo  - 25% a 30 de Junio - 25% a 30 de Julio ,76.14689088,1.960784314
69796,22/01/2026 0:00,ASS,INTRIAGO FRAY OSCAR PASTOR,libro cívica generación c 10,EDITORIAL,1000,1999.998089,24214,889.7865,937.738881,0.04,0,57.11016815,0,39.2156488,150 DIAS - 25% con la producción  - 25% a 30 de Mayo  - 25% a 30 de Junio - 25% a 30 de Julio ,76.14689088,1.960784314
69797,22/01/2026 0:00,ASS,INTRIAGO FRAY OSCAR PASTOR,libro cívica generación c 1 BACHILLERATO,EDITORIAL,1000,1999.998089,24215,889.7865,937.738881,0.04,0,57.11016815,0,39.2156488,150 DIAS - 25% con la producción  - 25% a 30 de Mayo  - 25% a 30 de Junio - 25% a 30 de Julio ,76.14689088,1.960784314
69798,22/01/2026 0:00,ASS,INTRIAGO FRAY OSCAR PASTOR,libro cívica generación c 2 BACHILLERATO,EDITORIAL,1000,1999.998089,24216,889.7865,937.738881,0.04,0,57.11016815,0,39.2156488,150 DIAS - 25% con la producción  - 25% a 30 de Mayo  - 25% a 30 de Junio - 25% a 30 de Julio ,76.14689088,1.960784314
69799,22/01/2026 0:00,ASS,INTRIAGO FRAY OSCAR PASTOR,libro cívica generación c 3 BACHILLERATO,EDITORIAL,1000,1999.998089,24217,889.7865,937.738881,0.04,0,57.11016815,0,39.2156488,150 DIAS - 25% con la producción  - 25% a 30 de Mayo  - 25% a 30 de Junio - 25% a 30 de Julio ,76.14689088,1.960784314
69800,22/01/2026 0:00,CTAG,MANOSALVAS MARTINEZ JANETH,folleto,PUBLICOMERCIAL,10,99.00668235,,46.29,36.622,0.15,0,0,0,1.463152941,50% ANTICIPO - 50% CONTRA ENTREGA,14.63152941,1.477832512
69801,22/01/2026 0:00,BV,OMNILIFE DEL ECUADOR S.A.,GUÍA DE PRODUCTOS - 115gr.,PUBLICOMERCIAL,10000,7980.002711,,4564.26,2322.760595,0.1065,154.1582674,0,0,117.9310745,30 DIAS CREDITO,820.8927738,1.477832512
69802,22/01/2026 0:00,BV,OMNILIFE DEL ECUADOR S.A.,GUÍA DE PRODUCTOS - 115gr.,PUBLICOMERCIAL,10000,7200.004301,,3970.5165,2295.497095,0.099,139.0902019,0,0,106.4040044,30 DIAS CREDITO,688.4964993,1.477832512
69803,22/01/2026 0:00,CTAG,ALISERVIS S.A.,VOLANTES PROMO ENERO 2026 $10.49 PIZZA FAMILIA 1 INGREDIENTE - 5 MOTIVOS,PUBLICOMERCIAL,492675,5223.088975,,2033.404688,1882.405963,0.22,100.4054013,0,0,102.4135093,30 DIAS CREDITO,1104.459414,1.960784313
69806,23/01/2026 0:00,CTAG,MANOSALVAS MARTINEZ JANETH,tríptico IT AHORA EDICIÓN 114-115,PUBLICOMERCIAL,850,450.4343182,24221,129.315,259.295,0.12,0,0,0,8.832045455,50% ANTICIPO - 50% CONTRA ENTREGA,52.99227273,1.960784314
69807,26/01/2026 0:00,BV,JORGE VINICIO ALENCASTRO,SUPLEMENTOS,PUBLICOMERCIAL,70000,4994.03847,,2410.1745,2050.520056,0.08,0,0,0,145.4574312,,387.8864831,2.91262136
69812,26/01/2026 0:00,BV,JABONERIA WILSON S.A.,STICKERS PRUÉBALO GRATIS,PUBLICOMERCIAL,90000,1075.53273,24228,647.375,157.95,0.24,0,0,0,15.89457237,60 DIAS CREDITO,254.3131579,1.477832513
69813,26/01/2026 0:00,CTAG,ALISERVIS S.A.,REIMPRESION VOLANTES PROMO FEBRERO 2026 $10.49 PIZZA FAMILIA 1 INGREDIENTE - 5 MOTIVOS,PUBLICOMERCIAL,492675,5223.329067,24219,2029.404688,1886.585963,0.22,100.4100167,0,0,102.418217,30 DIAS CREDITO,1104.510184,1.960784314
69817,29/01/2026 0:00,ASS,BFS ECUADOR,EMPAQUE COUPLE - SANDUCHADO 7 motivos,EMPAQUE,1300,1755.155989,24226,524.5069667,656.3938333,0.3,33.74002286,0,0,34.41482331,30 DIAS,506.1003429,1.960784314
69818,27/01/2026 0:00,CTAG,ALISERVIS S.A.,VOLANTES NUEVO LOCAL POMASQUI 50% OFF,PUBLICOMERCIAL,15000,157.7534653,24222,79.9155,79.4155,-0.01,0,0,0,0,30 DIAS,-1.577534653,0
69819,27/01/2026 0:00,BV,NATURES SUNSHINE PRODUCTS DEL ECUADOR S.A.,"Cuadernos 13,5 x 20,5 cm",PUBLICOMERCIAL,264,829.6677162,,322.2287297,364.3928286,0.16,0,0,0,12.26109925,45 DIAS CREDITO,130.7850587,1.477832512
69821,28/01/2026 0:00,MC,YUNNY RIVERA CUSME,REIMPRESIÓN LIBRO CALIGRAFITOS PLUS 2 EGB,EDITORIAL,3000,4650.003371,24224,1681.9265,1947.430786,0.18,88.52090941,0,0,135.4369914,90 DIAS,796.6881847,2.912621359
69822,28/01/2026 0:00,ASS,IMMUNOTEC-ECUADOR S.A,FOLLETOGUIA DEL NUEVO CONSULTOR,PUBLICOMERCIAL,200,970.3957571,,341.2635,404.9077857,0.2,18.65428214,0,0,19.02736779,,186.5428214,1.960784314
69823,28/01/2026 0:00,BV,NATURES SUNSHINE PRODUCTS DEL ECUADOR S.A.,VOLANTE CLOROFILA,PUBLICOMERCIAL,1000,196.2951111,,63.13,108.39,0.1,0,0,0,5.717333333,45 DIAS CREDITO,19.05777778,2.912621359
69824,28/01/2026 0:00,CTAG,ALISERVIS S.A.,VOLANTES PROMO 10.49 INC.IVA,PUBLICOMERCIAL,15000,159.331,24225,79.9155,79.4155,-0.015,0,0,0,2.35464532,30 DIAS,-2.35464532,1.477832512
69829,29/01/2026 0:00,ASS,EDITORIAL GIROS,CUADERNO ANILLADO,PUBLICOMERCIAL,1000,4688.568268,,2042.437617,1993.825659,0.1,0,134.5421092,0,69.28918623,"50% ANTICIPO, SALDO CONTRA ENTREGA",448.4736973,1.477832512
69830,29/01/2026 0:00,ASS,EDITORIAL GIROS,AGENDA PASTA DURA,PUBLICOMERCIAL,1000,3875.155781,,1964.4765,1186.207333,0.15,0,111.2006059,0,57.26831203,"50% ANTICIPO, SALDO CONTRA ENTREGA",556.0030294,1.477832512
69513,02/03/2026 0:00,ASS,AGLOMERADOS COTOPAXI S.A,Sobre para cuadernos y sticker,EMPAQUE,1100,792.0020229,24148,245.179,394.269,0.16,15.22495238,0,0,15.52945143,60 DIAS CREDITO,121.799619,1.960784314
69831,03/03/2026 0:00,BV,JABONERIA WILSON S.A.,CATÁLOGO PASTA DURA INT 200G,PUBLICOMERCIAL,150,1679.995821,,694.8627275,671.0528571,0.15,48.20878534,0,0,24.82752445,60 DIAS CREDITO,241.0439267,1.477832512
69976,02/03/2026 0:00,BV,REDACOPIO S.A.,cupones floresta,PUBLICOMERCIAL,1000,235.0004229,,75.7825,116.2113095,0.15,4.517501401,0,0,4.607851429,30 DIAS CREDITO,33.8812605,1.960784314
69980,02/03/2026 0:00,ASS,EMPRESA OPERADORA METRO DE MEDELLIN TRANSDEV EOMMT S.A.S.,CARTILLAS,PUBLICOMERCIAL,50,725.0021703,24281,129.133625,288.9760464,0.4,13.93698905,0,0,14.21572883,60 DIAS,278.7397809,1.960784314
69981,02/03/2026 0:00,BV,HOLGUINCORP S.A.S,REIMPRESIÓN LIBROS ESTUDIOS SOCIALES 9 EGB,EDITORIAL,1000,3150.000554,24282,996.587,1951.689381,0.05,0,0,0,46.55173233,POR COTIZAR,155.1724411,1.477832512
69982,02/03/2026 0:00,CTAG,FEDERACION DE CHOFERES,REIMPRESION LEY ORGÁNICA TRANSPORTE,EDITORIAL,1500,1889.998045,24283,723.4205,1072.077643,0.05,0,0,0,0,CONTADO,94.49990226,0
69983,02/03/2026 0:00,ASS,MEDIOS PUBLICITARIOS ZAMBRANO MALDONADO WONDERWORLDECUADOR CIA. LTDA.,PERIÓDICO,PUBLICOMERCIAL,1000,789.8091321,,328.055,309.6225,0.16,15.18279762,0,0,15.48645357,30 DIAS,121.462381,1.960784314
69984,02/03/2026 0:00,CTAG,BANCO MUNDIAL,PUBLICACION BANCO MUNDIAL - PAPEL COUCHE,PUBLICOMERCIAL,200,2350.001715,24326,898.0195,1202.616405,0.07,45.17496569,0,0,46.07846501,30 DIAS CREDITO,158.1123799,1.960784314
69985,02/03/2026 0:00,CTAG,BANCO MUNDIAL,PUBLICACION BANCO MUNDIAL - PAPEL ECOLÓGICO,PUBLICOMERCIAL,200,2970.00039,,1331.2565,1066.66769,0.16,57.09343311,0,0,58.23530177,CONTADO,456.7474648,1.960784314
69986,02/03/2026 0:00,BV,THATBOOK S.A.S. B.I.C.,TRÍPTICOS 6 MOTIVOS,PUBLICOMERCIAL,12000,2880.000079,,1524.03,571.7259524,0.213,53.25936347,79.8890452,0,83.88349746,90 DIAS CREDITO,567.2122209,2.91262136
69987,02/03/2026 0:00,BV,THATBOOK S.A.S. B.I.C.,TRÍPTICOS 6 MOTIVOS,PUBLICOMERCIAL,12000,1979.999042,,946.43,481.5859524,0.22,36.61579365,54.92369048,0,57.669875,90 DIAS CREDITO,402.7737302,2.912621359
69988,02/03/2026 0:00,BV,THATBOOK S.A.S. B.I.C.,TRÍPTICOS 6 MOTIVOS,PUBLICOMERCIAL,12000,2189.997885,,1055.035,524.4364286,0.22,40.4992674,60.7489011,0,63.78634615,90 DIAS CREDITO,445.4919414,2.912621359
69989,02/03/2026 0:00,BV,NATURES SUNSHINE PRODUCTS DEL ECUADOR S.A.,BANDERA,PUBLICOMERCIAL,1,16.95218143,24288,24,-12.705,0.3,0.322714286,0,0,0.493752857,45 DIAS CREDITO,4.840714286,2.912621358
69990,02/03/2026 0:00,BV,NATURES SUNSHINE PRODUCTS DEL ECUADOR S.A.,TICKETS bebidas soft,PUBLICOMERCIAL,750,72.00262477,24287,25.8031875,29.024625,0.2,1.370695313,0,0,2.097163828,45 DIAS CREDITO,13.70695312,2.912621359
69991,03/03/2026 0:00,MC,FLORES RUIZ JULIO OSWALDO,FOLLETO REENCONTRARTE 2026,PUBLICOMERCIAL,500,450.0005846,24284,191.678,172.4001429,0.15,8.566544538,0,0,13.10681314,30 DIAS CREDITO,64.24908404,2.912621358
69992,03/03/2026 0:00,ASS,OTECEL S.A.,VOLANTES MOVISTAR marzo,PUBLICOMERCIAL,126000,2267.999777,24289,1102.6127,767.6455,0.1,41.56129333,103.9032333,0,44.47058387,60 DIAS CREDITO,207.8064667,1.960784314
69993,03/03/2026 0:00,CTAG,AMC ECUADOR CIA.LTDA.,reimpresión PLIEGOS NINA FLOWERS 60X90,PUBLICOMERCIAL,100000,1679.999589,24285,188.89,1345.135,0.05,32.29526316,0,0,32.94116842,45 DIAS,80.73815789,1.960784314
69994,03/03/2026 0:00,CTAG,AMC ECUADOR CIA.LTDA.,REIMPRESIÓN PLIEGOS KNL FLORES 60X90,PUBLICOMERCIAL,100000,1679.999589,24286,188.89,1345.135,0.05,32.29526316,0,0,32.94116842,45 DIAS,80.73815789,1.960784314
69995,03/03/2026 0:00,CTAG,CAMARA DE COMERCIO DE ZAMORA,LIBRO LOS PASOS OSCUROS DE LA JUSTICIA,EDITORIAL,500,2225.004132,,773.9115,1043.902333,0.15,42.7720902,0,0,43.627532,50% ANTICIPO - 50% CONTRA ENTREGA,320.7906764,1.960784314
69996,04/03/2026 0:00,CTAG,CAMARA DE COMERCIO DE ZAMORA,MANTO DE OLVIDO,EDITORIAL,500,2049.999043,,732.2327,942.603119,0.15,39.40790162,0,0,40.19605966,50% ANTICIPO - 50% CONTRA ENTREGA,295.5592622,1.960784313
69997,04/03/2026 0:00,CTAG,CAMARA DE COMERCIO DE ZAMORA,LA VIDA DE UN KICHWA URBANO,EDITORIAL,500,1350.000017,,513.015,589.9261905,0.15,25.95155742,0,0,26.47058857,50% ANTICIPO - 50% CONTRA ENTREGA,194.6366807,1.960784314
69998,05/03/2026 0:00,BV,ANDRANGO PINEIDA JOFFRE EFRAIN,INVITACIONES MEGA EXPO ROBOTICLAB,PUBLICOMERCIAL,100,190.0042785,24303,47.3315,88.30833333,0.25,3.617062222,0,0,5.5341052,90 DIAS CREDITO,45.21327778,2.91262136
69999,09/03/2026 0:00,BV,RIJABAL S.A.,"LIBROS CALIGRAFÍA 21 X 29,7",EDITORIAL,,,,,,0,,,,,30 DIAS CREDITO,,
70000,04/03/2026 0:00,CTAG,SYNLAB S.A.S,FOLLETO,PUBLICOMERCIAL,500,610.0031314,,221.22,277.1485714,0.15,11.72631933,0,0,11.96084571,30 DIAS CREDITO,87.94739495,1.960784313
70001,04/03/2026 0:00,CTAG,SYNLAB S.A.S,TRÍPTICOS,PUBLICOMERCIAL,500,324.99648,,125.4,140.12,0.15,6.247529412,0,0,6.37248,30 DIAS CREDITO,46.85647059,1.960784314
70002,04/03/2026 0:00,CTAG,SYNLAB S.A.S,Dípticos,PUBLICOMERCIAL,500,374.996676,,140.8345,165.5353333,0.15,7.208701961,0,0,7.352876,30 DIAS CREDITO,54.0652647,1.960784314
70003,05/03/2026 0:00,MC,YUNNY RIVERA CUSME,LIBRO FORMACIÓN Y ORIENTACIÓN LABORAL,PUBLICOMERCIAL,1500,3194.997219,24290,1441.2115,1350.533643,0.1,0,0,0,93.05817143,POR COTIZAR,310.1939048,2.912621359
70004,05/03/2026 0:00,BV,JABONERIA WILSON S.A.,CATÁLOGO PASTA con protectores plasticos,PUBLICOMERCIAL,150,3974.995928,,1990.621228,670.9093571,0.3,114.0655965,0,0,58.74378219,60 DIAS CREDITO,1140.655965,1.477832512
70005,05/03/2026 0:00,MC,YUNNY RIVERA CUSME,REIMPRESIÓN LIBRO “I KNOW 1” LITTLE ONES,PUBLICOMERCIAL,2500,3274.99737,24292,1288.255,1423.764524,0.13,62.34527641,0,0,95.38827291,,405.2442967,2.912621359
70006,05/03/2026 0:00,BV,LANSEY S.A.,collarines,PUBLICOMERCIAL,30000,865.0067345,24328,394.357,330.187,0.12,16.46690909,0,0,25.19437091,30 DIAS CREDITO,98.80145455,2.912621359
70007,05/03/2026 0:00,BV,ANDRANGO PINEIDA JOFFRE EFRAIN,LIBROS BASE 70G,EDITORIAL,2000,4739.787344,,1819.044,1807.939476,0.2,0,136.0118804,0,70.04611838,PAgos abril y Mayo,906.745869,1.477832512
70008,05/03/2026 0:00,ASS,AGLOMERADOS COTOPAXI S.A,ETIQUETA PARA TABLILLA - 4 modelos,PUBLICOMERCIAL,1600,949.998287,24305,194.5,435.545,0.31,18.26217391,0,0,18.62741739,60 DIAS CREDITO,283.0636957,1.960784313
70009,06/03/2026 0:00,BV,RIJABAL S.A.,libro caligrafia 22x27 cm,EDITORIAL,1000,2540.005609,,1067.272,1189.856524,0.08,49.06801139,0,0,37.53702871,30 DIAS CREDITO,196.2720456,1.477832513
70010,06/03/2026 0:00,BV,RIJABAL S.A.,libros caligrafia A4,EDITORIAL,1000,2495.003819,,1053.832,1163.306524,0.08,48.19866356,0,0,36.87197762,30 DIAS CREDITO,192.7946543,1.477832512
70011,06/03/2026 0:00,BV,THATBOOK S.A.S. B.I.C.,textos - alumno y docente -,EDITORIAL,2000,4183.527703,,1830.827,1770.660333,0.1,0,120.0495778,0,61.82553256,90 DIAS CREDITO,400.1652592,1.477832512
70012,05/03/2026 0:00,ASS,AGLOMERADOS COTOPAXI S.A,credenciales y cordón,PUBLICOMERCIAL,400,600.0017627,,349.9753333,82.55188889,0.25,11.53405926,0,0,11.76474044,60 DIAS CREDITO,144.1757407,1.960784313
70013,05/03/2026 0:00,ASS,AGLOMERADOS COTOPAXI S.A,CAJA PASTA DURA - SUpERFICIES PREMIUM,CAJAS PASTA DURA,400,3939.999713,24291,1988.141,284.0618333,0.4,75.74009444,0,0,77.25489633,60 DIAS CREDITO,1514.801889,1.960784314
70014,05/03/2026 0:00,CTAG,GAD CAYAMBE,DIPTICO,PUBLICOMERCIAL,1300,271.0853229,,92.6275,100.4532143,0.15,4.54307563,0,34.75452857,4.633937143,,34.07306723,1.709401709
70015,05/03/2026 0:00,CTAG,GAD CAYAMBE,flyers,PUBLICOMERCIAL,1300,197.885025,,64.56125,76.3825,0.15,3.316323529,0,25.369875,3.38265,,24.87242647,1.709401709
70016,05/03/2026 0:00,CTAG,GAD CAYAMBE,stickers,PUBLICOMERCIAL,1300,343.0799502,,145.0213833,99.33755556,0.15,5.749622092,0,43.984609,5.864614533,,43.12216568,1.709401709
70017,06/03/2026 0:00,CTAG,SALAZAR-EDITORES S.A.S.,LIBROS SERIE INGLES - STAR UP,PUBLICOMERCIAL,3000,5222.29392,,2203.8405,1697.032643,0.2,0,243.8045714,0,102.39792,180 DIAS CREDITO,975.2182857,1.960784314
70018,06/03/2026 0:00,BV,GRUPO TRANSBEL S.A,FOLLETOS CDV 05,PUBLICOMERCIAL,10000,1310.000148,,504.763,606.5577024,0.1,0,37.04402341,0,38.15534412,90 DIAS CREDITO,123.480078,2.912621359
70019,06/03/2026 0:00,ASS,AGLOMERADOS COTOPAXI S.A,credenciales,,400,259.9990427,,49.97533333,137.4518889,0.25,4.998059259,0,0,5.098020444,60 DIAS CREDITO,62.47574074,1.960784313
70020,06/03/2026 0:00,BV,ANDRANGO PINEIDA JOFFRE EFRAIN,LIBROS ROBOSTEAM 8VO,EDITORIAL,2000,4612.802833,24293,1768.013,1763.816333,0.184,86.56444444,129.8466667,0,68.1695,PAgos abril y Mayo,796.3928888,1.477832512
70021,06/03/2026 0:00,BV,ANDRANGO PINEIDA JOFFRE EFRAIN,LIBROS ROBOSTEAM 9nO,EDITORIAL,2000,4612.802833,24294,1768.013,1763.816333,0.184,86.56444444,129.8466667,0,68.1695,PAgos abril y Mayo,796.3928888,1.477832512
70022,06/03/2026 0:00,BV,ANDRANGO PINEIDA JOFFRE EFRAIN,LIBROS ROBOSTEAM 10mo,EDITORIAL,2000,4899.803226,24295,1871.044,1880.529476,0.184,91.9503303,137.9254954,0,72.41088511,PAgos abril y Mayo,845.9430387,1.477832512
70023,06/03/2026 0:00,BV,ANDRANGO PINEIDA JOFFRE EFRAIN,REIMPRESIÓN LIBROS ROBOSTEAM Bgu 2 REIMPRESIÓN,EDITORIAL,1000,2240.000693,24296,644.552,1237.801524,0.13,43.2724948,0,0,33.10345852,120 DIAS,281.2712162,1.477832512
70024,06/03/2026 0:00,BV,ANDRANGO PINEIDA JOFFRE EFRAIN,LIBROS ROBOSTEAM Bgu 1,EDITORIAL,1000,2399.996686,24297,914.0625,1074.923452,0.142,46.36330891,0,0,35.46793132,120 DIAS,329.1794932,1.477832512
70025,06/03/2026 0:00,BV,ANDRANGO PINEIDA JOFFRE EFRAIN,LIBROS ROBOSTEAM Bgu 3,EDITORIAL,500,1980.002196,24298,702.5925,911.550119,0.156,38.2498251,0,0,29.2611162,120 DIAS,298.3486357,1.477832512
70026,06/03/2026 0:00,MC,AGILA VARGAS NANCY MARLENE,REVISTA MODUS VIVENDI,PUBLICOMERCIAL,80,870.0027447,24299,96.072,632.6567411,0.12,16.56201684,0,0,25.33988577,CONTADO,99.37210106,2.912621359
70027,09/03/2026 0:00,CTAG,ALISERVIS S.A.,REIMPRESIÓN ETIQUETA MEDIUM - GARDEN SALAD,PUBLICOMERCIAL,5000,575.0053725,24308,210.5003667,228.2654444,0.21,11.10799522,0,0,8.497616342,30 DIAS CREDITO,116.6339498,1.477832512
70028,09/03/2026 0:00,MC,YUNNY RIVERA CUSME,LIBRO I KNOW PLUS 4 EGB alumno y docente,EDITORIAL,2500,4250.002514,24300,1883.7885,1665.970881,0.1225,80.90619672,0,0,123.786481,90 DIAS CREDITO,495.5504549,2.912621359
70029,09/03/2026 0:00,MC,YUNNY RIVERA CUSME,LIBRO I KNOW PLUS 5 EGB alumno y docente,EDITORIAL,2500,4250.002514,24301,1883.7885,1665.970881,0.1225,80.90619672,0,0,123.786481,POR COTIZAR,495.5504549,2.912621359
70030,09/03/2026 0:00,MC,YUNNY RIVERA CUSME,LIBRO I KNOW PLUS 7 EGB alumno y docente,EDITORIAL,2500,4250.002514,24302,1883.7885,1665.970881,0.1225,80.90619672,0,0,123.786481,POR COTIZAR,495.5504549,2.912621359
70031,09/03/2026 0:00,BV,INDUSTRIAS ALES C.A.,AFICHES oral B complete,PUBLICOMERCIAL,5000,999.9988715,,593.508,212.3163333,0.17,0,0,0,29.12618072,90 DIAS CREDITO,165.0483574,2.912621359
70032,09/03/2026 0:00,BV,INDUSTRIAS ALES C.A.,TACKERS CUELGA REJAS oral B complete,PUBLICOMERCIAL,3000,1649.999624,,904.818,315.8613333,0.238,0,0,0,48.05824147,90 DIAS CREDITO,381.262049,2.912621359
70033,09/03/2026 0:00,BV,HOLGUINCORP S.A.S,BROCHURE COLECTUM,PUBLICOMERCIAL,1000,672.0009062,24304,310.5978333,201.1104524,0.2,12.79270714,0,0,19.57284193,60 DIAS,127.9270714,2.912621359
70034,09/03/2026 0:00,BV,RIJABAL S.A.,LIBROS EMPRENDIMIENTO Y GESTIÓN 2 BGU,EDITORIAL,700,2765.001404,24306,979.9215,1290.194595,0.15,53.41449636,0,0,40.86208971,30 DIAS CREDITO,400.6087226,1.477832512
70035,09/03/2026 0:00,BV,RIJABAL S.A.,LIBROS EMPRENDIMIENTO Y GESTIÓN 3 BGU,EDITORIAL,700,2086.001154,24307,783.7715,1009.468167,0.11,40.2975206,0,0,30.82760326,30 DIAS CREDITO,221.6363633,1.477832512
70036,10/03/2026 0:00,BV,GRUPO TRANSBEL S.A,8) CARTILLAS 2.000,PUBLICOMERCIAL,2000,169.9981389,,62.585,91.135,0.05,0,4.854315789,0,3.333296842,90 DIAS CREDITO,8.090526316,1.960784314
70037,10/03/2026 0:00,ASS,SANTILLANA S.A.,PLEGABLES,,300,447.7043053,,202.145,194.9783333,0.05,8.360491228,12.54073684,0,8.778515789,,20.90122807,1.960784313
70038,25/03/2026 0:00,ASS,SANTILLANA S.A.,PLEGABLES,,200,360.3451526,,159.1141667,160.5197222,0.05,6.729134503,10.09370175,0,7.065591228,,16.82283626,1.960784314
70039,10/03/2026 0:00,BV,GRUPO TRANSBEL S.A,8) CARTILLAS 65.000,PUBLICOMERCIAL,65000,939.9961151,,509.268,206.5105,0.2,0,26.84169375,0,18.43129638,90 DIAS CREDITO,178.944625,1.960784314
70040,10/03/2026 0:00,MC,TIPAN UMATAMBO SEGUNDO MARCO,REIMPRESIÓN LIBRO AVENTURAS DEL ARTE 2 al 10,EDITORIAL,2000,3040.004437,,1084.042,1417.672238,0.11,56.21829749,84.32744623,0,88.54381854,POR COTIZAR,309.2006362,2.912621359
70041,10/03/2026 0:00,CTAG,F.V. - AREA ANDINA S.A.,ROMPETRÁFICO FV,PUBLICOMERCIAL,2000,649.9994046,,315.9048333,262.0848333,0.093,0,0,0,12.74508637,30 DIAS CREDITO,59.26465159,1.960784315
70042,10/03/2026 0:00,CTAG,SALAZAR-EDITORES S.A.S.,LIBROS pre-escritura,PUBLICOMERCIAL,1500,5612.83578,,2184.169,2270.462571,0.15,0,262.0371513,0,110.0556035,180 DIAS CREDITO,786.1114537,1.960784313
70043,10/03/2026 0:00,BV,GRUPO TRANSBEL S.A,9) TARJETAS,PUBLICOMERCIAL,2000,180.0030602,,78.72313333,73.98,0.1,0,5.090104444,0,5.242807578,90 DIAS CREDITO,16.96701481,2.912621359
70044,10/03/2026 0:00,CTAG,F.V. - AREA ANDINA S.A.,BANDERINES,PUBLICOMERCIAL,10000,2200.000872,,986.599,810.7873333,0.15,42.29144314,0,0,43.137272,30 DIAS CREDITO,317.1858235,1.960784314
70045,10/03/2026 0:00,CTAG,F.V. - AREA ANDINA S.A.,LIBRETA,PUBLICOMERCIAL,1000,850.0005106,,406.8728,396.3776825,0.055,0,0,0,0,30 DIAS CREDITO,46.75002808,0
70046,10/03/2026 0:00,CTAG,F.V. - AREA ANDINA S.A.,Cuaderno tipo agenda,PUBLICOMERCIAL,1000,2100.004076,,1185.8002,708.4034762,0.098,0,0,0,0,30 DIAS CREDITO,205.8003994,0
70047,10/03/2026 0:00,ASS,LEONARDO GUERRERO,CAJAS CARTAS TIPO BARAJA,EMPAQUE,100,347.8358916,,121.46775,129.279,0.25,6.68658,0,0,6.8203116,50% ANTICIPO - 50% CONTRA ENTREGA,83.58225,1.960784314
70048,10/03/2026 0:00,ASS,LEONARDO GUERRERO,PORTA VASOS,PUBLICOMERCIAL,1000,401.0911048,,174.9585333,152.7302778,0.15,7.710324967,0,0,7.864531467,50% ANTICIPO - 50% CONTRA ENTREGA,57.82743725,1.960784314
70049,25/03/2026 0:00,ASS,LEONARDO GUERRERO,STICKERS,PUBLICOMERCIAL,1000,178.429518,,53.61675,92.159,0.15,3.430017647,0,0,3.498618,50% ANTICIPO - 50% CONTRA ENTREGA,25.72513235,1.960784314
70050,11/03/2026 0:00,CTAG,ECUAEMPAQUES,"placas adicionales, tiempo maquina y pruebas",PUBLICOMERCIAL,1,547.9952318,24309,75.14,388.37,0.12,10.53431818,0,0,10.74500455,CRUCE CON FACTURAS PENDIENTES DE PAGO,63.20590909,1.960784315
70051,11/03/2026 0:00,MC,YUNNY RIVERA CUSME,LIBRO LENGUA Y LITERATURA 1 BGU,PUBLICOMERCIAL,1500,3854.996461,24348,1784.862,1729.987714,0.07,0,0,0,75.5881659,90 días,264.5585806,1.960784314
70052,11/03/2026 0:00,MC,YUNNY RIVERA CUSME,REIMPRESIÓN LIBRO CALIGRAFITOS PLUS EGB 3 AL 7,EDITORIAL,2000,3300.000193,,1297.3075,1529.64869,0.1,62.82124868,0,0,96.11651048,90 DIAS,314.1062433,2.912621359
70053,11/03/2026 0:00,MC,YUNNY RIVERA CUSME,reimpresión LIBROS caligrafitos 8 AL 10,EDITORIAL,1500,2625.001478,,904.2435,1344.472786,0.1,0,49.97147302,0,76.45635371,90 DIAS CREDITO,249.8573651,2.912621359
70054,11/03/2026 0:00,CTAG,BANCO GENERAL RUMIÑAHUI S.A.,MEMORIA DE SOSTENIBILIDAD 2025,EDITORIAL,40,1600.00411,24310,346.16675,807.23875,0.25,30.75748,0,0,31.3726296,30 DIAS,384.4685,1.960784313
70055,11/03/2026 0:00,BV,HINODE ECUADOR CIA.LTDA.,CATÁLOGO HINODE - CLICLO 02 / 2026,PUBLICOMERCIAL,700,1309.003995,24354,522.802,486.424381,0.19,24.9191699,0,0,38.12632995,60 DIAS,236.7321141,2.912621359
70056,11/03/2026 0:00,BV,RIJABAL S.A.,libro caligrafia 24x27 cm,EDITORIAL,1000,3099.999379,,1311.206,1443.550524,0.08,59.88601139,0,0,45.81279871,30 DIAS CREDITO,239.5440456,1.477832512
70057,11/03/2026 0:00,MC,YUNNY RIVERA CUSME,REIMPRESIÓN LIBRO CALIGRAFITOS PLUS 3 EGB,EDITORIAL,2000,3300.000193,24311,1297.3075,1529.64869,0.1,62.82124868,0,0,96.11651048,90 DIAS,314.1062433,2.912621359
70058,11/03/2026 0:00,MC,YUNNY RIVERA CUSME,REIMPRESIÓN LIBRO CALIGRAFITOS PLUS 5 EGB,EDITORIAL,2000,3300.000193,24312,1297.3075,1529.64869,0.1,62.82124868,0,0,96.11651048,90 DIAS,314.1062433,2.912621359
70059,11/03/2026 0:00,MC,YUNNY RIVERA CUSME,reimpresión LIBROS caligrafitos 9,EDITORIAL,1500,2625.001478,24313,904.2435,1344.472786,0.1,0,49.97147302,0,76.45635371,90 DIAS CREDITO,249.8573651,2.912621359
70060,11/03/2026 0:00,MC,YUNNY RIVERA CUSME,reimpresión LIBROS caligrafitos 10,EDITORIAL,1500,2625.001478,24314,904.2435,1344.472786,0.1,0,49.97147302,0,76.45635371,90 DIAS CREDITO,249.8573651,2.912621359
70061,12/03/2026 0:00,ASS,EMPRESA OPERADORA METRO DE MEDELLIN TRANSDEV EOMMT S.A.S.,Diccionario de competencias,PUBLICOMERCIAL,100,560.231918,,166.819,226.2695238,0.27,10.7695486,0,0,10.98493957,60 DIAS,145.3889061,1.960784314
70062,12/03/2026 0:00,CTAG,ECUAEMPAQUES,RAYADO HOJAS,,300000,6849.999649,,450.96,5211.285,0.14,131.6801163,0,0,134.3137186,,921.760814,1.960784314
70063,12/03/2026 0:00,BV,ANDRANGO PINEIDA JOFFRE EFRAIN,PREPARATORIA,EDITORIAL,1000,3100.004006,24335,1350.0475,1502.567024,0.066,0,0,0,45.81286708,90 DIAS CREDITO,201.5766152,1.477832512
70064,12/03/2026 0:00,MC,FLORES RUIZ JULIO OSWALDO,folleto,PUBLICOMERCIAL,100,394.9969833,,69.965,278.56175,0.1,0,0,0,7.745038889,30 DIAS CREDITO,38.72519444,1.960784314
70065,12/03/2026 0:00,BV,GLOBAL ESTHETIC,arañas lonas más estructura,PUBLICOMERCIAL,3,105.0009467,,89,-13.3,0.25,1.009333333,0,0,3.05828,,25.23333333,2.912621358
70066,12/03/2026 0:00,MC,TIPAN UMATAMBO SEGUNDO MARCO,REIMPRESIÓN LIBRO AVENTURAS DEL ARTE 2,EDITORIAL,2000,3040.000445,24316,1230.059,1432.039238,0.08,0,86.80755124,0,59.60785185,180 días,231.4868033,1.960784313
70067,12/03/2026 0:00,MC,TIPAN UMATAMBO SEGUNDO MARCO,REIMPRESIÓN LIBRO AVENTURAS DEL ARTE 3,EDITORIAL,2000,3040.000445,24317,1230.059,1432.039238,0.08,0,86.80755124,0,59.60785185,180 días,231.4868033,1.960784313
70068,12/03/2026 0:00,MC,TIPAN UMATAMBO SEGUNDO MARCO,REIMPRESIÓN LIBRO AVENTURAS DEL ARTE 4,EDITORIAL,2000,3040.000445,24318,1230.059,1432.039238,0.08,0,86.80755124,0,59.60785185,180 días,231.4868033,1.960784313
70069,12/03/2026 0:00,MC,TIPAN UMATAMBO SEGUNDO MARCO,REIMPRESIÓN LIBRO AVENTURAS DEL ARTE 5,EDITORIAL,2000,3040.000445,24319,1230.059,1432.039238,0.08,0,86.80755124,0,59.60785185,180 días,231.4868033,1.960784313
70070,12/03/2026 0:00,MC,TIPAN UMATAMBO SEGUNDO MARCO,REIMPRESIÓN LIBRO AVENTURAS DEL ARTE 6,EDITORIAL,2000,3040.000445,24320,1230.059,1432.039238,0.08,0,86.80755124,0,59.60785185,180 días,231.4868033,1.960784313
70071,12/03/2026 0:00,MC,TIPAN UMATAMBO SEGUNDO MARCO,REIMPRESIÓN LIBRO AVENTURAS DEL ARTE 7,EDITORIAL,2000,3040.000445,24321,1230.059,1432.039238,0.08,0,86.80755124,0,59.60785185,180 días,231.4868033,1.960784313
70072,12/03/2026 0:00,MC,TIPAN UMATAMBO SEGUNDO MARCO,REIMPRESIÓN libro aventuras del arte 8,EDITORIAL,2000,3040.000445,24322,1230.059,1432.039238,0.08,0,86.80755124,0,59.60785185,"$  5.000,00 de anticipo 
",231.4868033,1.960784313
70073,12/03/2026 0:00,MC,TIPAN UMATAMBO SEGUNDO MARCO,REIMPRESIÓN libro aventuras del arte 9,EDITORIAL,2000,3040.000445,24323,1230.059,1432.039238,0.08,0,86.80755124,0,59.60785185,"$  5.000,00 de anticipo 
",231.4868033,1.960784313
70074,12/03/2026 0:00,MC,TIPAN UMATAMBO SEGUNDO MARCO,REIMPRESIÓN libro aventuras del arte 10,EDITORIAL,2000,3040.000445,24324,1230.059,1432.039238,0.08,0,86.80755124,0,59.60785185,"$  5.000,00 de anticipo 
",231.4868033,1.960784313
70075,12/03/2026 0:00,CTAG,MEGABOOKS,LIBRO ECO,EDITORIAL,1000,1905.629524,,999.9725,905.6570238,0,0,0,0,0,90 días,0,0
70076,13/03/2026 0:00,ASS,RON CHAISSON PHOTOGRAPY,STICKERS,PUBLICOMERCIAL,500,115.0002479,,37.76245833,45.13852778,0.25,2.210692963,0,0,2.254906822,,27.63366204,1.960784314
70077,13/03/2026 0:00,MC,TRAMA DISENO,REIMPRESIÓN LIBRO CACAO Y CHOCOLATE PASTA DURA,EDITORIAL,300,2335.000741,24325,1125.243,894.848,0.1,22.44545556,0,0,68.00973033,45 DIAS CREDITO,224.4545556,2.91262136
70078,13/03/2026 0:00,CTAG,F.V. - AREA ANDINA S.A.,FUNDAS DE REGALO FV,EMPAQUE,100,474.99768,,241.29,146.78,0.15,9.131058824,0,0,9.31368,ANULADO,68.48294118,1.960784314
70080,16/03/2026 0:00,BV,GLOBAL ESTHETIC,arañas lonas SIN estructura,PUBLICOMERCIAL,3,37.502815,24315,42.5,-13.66,0.2,0.3605,0,0,1.092315,,7.21,2.912621359
70081,16/03/2026 0:00,BV,HOLGUINCORP S.A.S,CARTILLAS LICENCIAS COLECTUM,PUBLICOMERCIAL,3000,859.9977091,,362.79325,324.812,0.16,16.37155357,0,0,25.04847696,60 DIAS,130.9724286,2.912621359
70082,16/03/2026 0:00,BV,HH GLOBAL,VADEMECUM,,5000,1100.001395,,455.0499667,269.9468333,0.2,18.12492,0,147.8993472,27.7311276,30 DIAS,181.2492,2.521008403
70083,16/03/2026 0:00,BV,UMCO S.A.,reimpresimón SEPARADOR 64x45,PUBLICOMERCIAL,7000,613.9049775,24327,249.24,218.23,0.2,11.68675,0,0,17.8807275,45 DIAS,116.8675,2.912621359
70084,17/03/2026 0:00,CTAG,MEGABOOKS,cuentos bond beige 70GR,PUBLICOMERCIAL,1000,1349.16898,,546.749,709.8299524,0.05,0,0,0,26.45429373,,66.13573434,1.960784314
70085,17/03/2026 0:00,CTAG,MEGABOOKS,cuentos bond blanco 75GR,PUBLICOMERCIAL,1000,800.3463863,,300.5835,407.1430238,0.08,15.38535921,0,0,15.6930664,,61.54143685,1.960784314
70086,17/03/2026 0:00,CTAG,SYNLAB S.A.S,ROLL UPS,PUBLICOMERCIAL,1,39.99675,,44,-12.63,0.2,0,0,0,0.78425,30 DIAS CREDITO,7.8425,1.960784314
70087,17/03/2026 0:00,BV,NATURES SUNSHINE PRODUCTS DEL ECUADOR S.A.,CATÁLOGO de producto 2026 - 72 pg,PUBLICOMERCIAL,3000,2886.005521,,1228.0375,1024.508214,0.18,54.94013937,0,0,84.05841324,45 DIAS CREDITO,494.4612543,2.912621359
70088,17/03/2026 0:00,CTAG,BANCO MUNDIAL,PUBLICACION,PUBLICOMERCIAL,100,2494.998874,,835.962,1322.341524,0.1,47.96230053,0,0,48.92154654,30 DIAS CREDITO,239.8115027,1.960784313
70089,17/03/2026 0:00,BV,ARTURO ARAUJO,libros,EDITORIAL,1000,2699.99814,,1150.848,1118.058,0.13,52.15875862,0,0,39.90145034,30 DIAS,339.031931,1.477832512
70090,17/03/2026 0:00,CTAG,MANOSALVAS MARTINEZ JANETH,folleto,PUBLICOMERCIAL,10,153.9958,,49.795,71.581,0.2,0,0,0,2.2758,50% ANTICIPO - 50% CONTRA ENTREGA,30.344,1.477832512
70091,17/03/2026 0:00,BV,ARTURO ARAUJO,libros A5,EDITORIAL,1000,1760.00167,,732.359,746.634,0.13,33.99983908,0,0,26.0098769,30 DIAS,220.998954,1.477832513
70092,18/03/2026 0:00,CTAG,MINISTERIO DE SALUD,LIBRETAS INTEGRALES DE SALUD MATERNA,PUBLICOMERCIAL,242130,374904.1497,,137335.1591,88355.3335,0.3,6448.299789,0,3288.632892,42752.2276,,96724.49683,11.40350877
70093,18/03/2026 0:00,BV,JABONERIA WILSON S.A.,CATÁLOGO PASTA DURA sin protectores,PUBLICOMERCIAL,150,1990.002967,,731.3832275,686.7163571,0.255,57.10468126,0,0,29.40891085,60 DIAS CREDITO,485.3897907,1.477832513
70094,18/03/2026 0:00,ASS,EMPRESA OPERADORA METRO DE MEDELLIN TRANSDEV EOMMT S.A.S.,Mural dibujos niños,PUBLICOMERCIAL,200,175.0024552,24359,59.3975,62.5525,0.275,3.364137931,0,0,3.43142069,60 DIAS,46.25689655,1.960784314
70095,25/03/2026 0:00,CTAG,GIOVANI MANCHENO,libro pasta dura,EDITORIAL,20000,71106.79775,,37553.149,11655.70757,0.28,1366.912683,0,0,1394.250936,50% ANTICIPO - 50% CONTRA ENTREGA,19136.77756,1.960784313
70096,18/03/2026 0:00,CTAG,GIOVANI MANCHENO,REVISTA,PUBLICOMERCIAL,20000,13550.86351,,6754.8975,3664.836071,0.2,260.4933393,0,0,265.7032061,50% ANTICIPO - 50% CONTRA ENTREGA,2604.933393,1.960784314
70097,18/03/2026 0:00,ASS,SANTILLANA S.A.,libretas block de notas,PUBLICOMERCIAL,500,520.5315662,,183.837,286.8511667,0.05,0,14.86383684,0,10.2065013,120 DIAS,24.77306141,1.960784314
70098,18/03/2026 0:00,BV,CONESA,flyers 3 modelos impresión simultánea,PUBLICOMERCIAL,4000,280.00241,,121.48,118.385,0.1,5.330333333,0,0,8.15541,30 DIAS,26.65166667,2.912621359
70099,18/03/2026 0:00,BV,CONESA,BLOCKS,PUBLICOMERCIAL,50,325.000535,,87.8385,175.1069167,0.15,6.18695098,0,0,9.466035,,46.40213236,2.912621359
70100,18/03/2026 0:00,BV,HOLGUINCORP S.A.S,BROCHURE,PUBLICOMERCIAL,1000,862.0034755,24329,353.9545,339.356881,0.155,16.40973683,0,0,25.10689735,60 DIAS CREDITO,127.1754604,2.91262136
70101,18/03/2026 0:00,BV,HOLGUINCORP S.A.S,Catálogo 2026,PUBLICOMERCIAL,1000,906.0035317,24330,481.1375,310.5160714,0.1,0,0,0,26.38845238,60 DIAS,87.96150793,2.912621359
70102,19/03/2026 0:00,MC,SANCHEZ CARRASCO PAUL VICENTE,reimpresión LIBRO CORAZÓN DE TIZA 3,EDITORIAL,1000,1699.995561,24331,519.6825,1030.313452,0.07,0,0,0,33.33324629,120 DIAS CREDITO,116.666362,1.960784313
70103,19/03/2026 0:00,MC,SANCHEZ CARRASCO PAUL VICENTE,reimpresión LIBRO CORAZÓN DE TIZA 6,EDITORIAL,1000,1699.995561,24332,519.6825,1030.313452,0.07,0,0,0,33.33324629,120 DIAS CREDITO,116.666362,1.960784313
70104,19/03/2026 0:00,MC,SANCHEZ CARRASCO PAUL VICENTE,reimpresión LIBRO CORAZÓN DE TIZA 7,EDITORIAL,1000,1699.995561,24333,519.6825,1030.313452,0.07,0,0,0,33.33324629,120 DIAS CREDITO,116.666362,1.960784313
70105,19/03/2026 0:00,MC,SANCHEZ CARRASCO PAUL VICENTE,reimpresión LIBRO CORAZÓN DE TIZA 10,EDITORIAL,1000,1699.995561,24334,519.6825,1030.313452,0.07,0,0,0,33.33324629,120 DIAS CREDITO,116.666362,1.960784313
70106,25/03/2026 0:00,BV,HOLGUINCORP S.A.S,LIBRO BÁSICA Y BACHILLERATO 2026,EDITORIAL,1000,3862.723996,,1676.382,1919.947238,0.055,0,0,0,57.08459108,120 DIAS,209.3101673,1.477832512
70107,19/03/2026 0:00,BV,INDUSTRIAS ALES C.A.,agendas,PUBLICOMERCIAL,500,1149.99764,,472.1209116,484.8812857,0.1,21.2667155,31.90007324,0,33.49507691,POR COTIZAR,106.3335775,2.912621361
70108,19/03/2026 0:00,MC,RECREAR REDIEDITORES CIA. LTDA.,LIBROS INGLES,EDITORIAL,2000,2880.000318,,1247.3745,1395.449321,0.064,0,0,0,56.47059447,,180.7059023,1.960784314
70109,20/03/2026 0:00,BV,GRUPO TRANSBEL S.A,LB FLYER EC BLEU FEMME OASIS C07,PUBLICOMERCIAL,65000,1025.000586,,522.008,307.2805,0.15,0,29.26900588,0,20.09805071,90 DIAS CREDITO,146.3450294,1.960784314
70110,20/03/2026 0:00,CTAG,ECUAEMPAQUES,IMPRESION PLIEGOS - 6 motivos,PUBLICOMERCIAL,15900,1289.998636,,501.23,611.71,0.12,0,0,0,25.29409091,30 DIAS,151.7645455,1.960784314
70111,20/03/2026 0:00,CTAG,ECUAEMPAQUES,IMPRESION PLIEGOS HORARIOS ZIEN,PUBLICOMERCIAL,1684,360.00492,,91.456,190.9008,0.2,0,0,0,7.05892,30 DIAS,70.5892,1.960784314
70112,20/03/2026 0:00,BV,RIJABAL S.A.,LIBROS EMPRENDIMIENTO Y GESTIÓN 1,EDITORIAL,1400,2860.000529,24336,1151.5365,1334.699833,0.1,55.2496963,0,0,42.26601767,30 DIAS CREDITO,276.2484814,1.477832512
70113,20/03/2026 0:00,CTAG,SALAZAR-EDITORES S.A.S.,CUENTO TRS FABULAS DE SIEMPRE,PUBLICOMERCIAL,1000,1368.74214,,536.7795,549.5237857,0.15,0,63.90019328,0,26.83808118,180 DIAS CREDITO,191.7005798,1.960784314
70114,20/03/2026 0:00,CTAG,SALAZAR-EDITORES S.A.S.,CUENTO 15X21,EDITORIAL,1000,1894.04562,,693.7985,809.4123095,0.15,0,88.42416527,0,37.13814941,180 DIAS CREDITO,265.2724958,1.960784314
70115,20/03/2026 0:00,CTAG,SALAZAR-EDITORES S.A.S.,REIMPRESIÓN magica travesuras 4-5 años,PUBLICOMERCIAL,1000,10999.99633,,2843.591,5373.026238,0.2,0,513.5385774,0,215.6862025,90 DIAS CREDITO,2054.154309,1.960784313
70116,20/03/2026 0:00,BV,HOLGUINCORP S.A.S,LIBRO estudios sociales 8 EGB,EDITORIAL,1000,3709.995739,24337,1621.4445,1868.155452,0.05,0,0,0,36.73263108,180 DIAS,183.6631554,0.99009901
70117,20/03/2026 0:00,BV,HOLGUINCORP S.A.S,LIBRO HISTORIA 2 BGU,EDITORIAL,1000,3289.995972,24338,1454.832,1639.718667,0.05,0,0,0,32.57421754,180 DIAS,162.8710877,0.99009901
70118,20/03/2026 0:00,BV,HOLGUINCORP S.A.S,LIBRO CIENCIAS NATURALES 8 EGB,EDITORIAL,1000,3669.998979,24339,1604.007,1847.972238,0.05,0,0,0,36.33662356,180 DIAS,181.6831178,0.99009901
70119,20/03/2026 0:00,BV,HOLGUINCORP S.A.S,LIBRO CIENCIAS NATURALES 9 EGB,EDITORIAL,1000,3669.998979,24340,1604.007,1847.972238,0.05,0,0,0,36.33662356,180 DIAS,181.6831178,0.99009901
70120,20/03/2026 0:00,BV,HOLGUINCORP S.A.S,LIBRO ESTUDIOS SOCIALES 10 EGB,EDITORIAL,1000,3939.99871,24341,1731.8185,1974.120881,0.05,0,0,0,39.00988822,180 DIAS,195.0494411,0.99009901
70121,20/03/2026 0:00,BV,HOLGUINCORP S.A.S,LIBRO CIENCIAS NATURALES 10 EGB,EDITORIAL,1000,3820.000838,24342,1677.231,1915.839095,0.05,0,0,0,37.82179048,180 DIAS,189.1089524,0.99009901
70122,20/03/2026 0:00,BV,HOLGUINCORP S.A.S,LIBRO LENGUA Y LITERATURA 3 EGB,EDITORIAL,1000,3669.998979,24343,1604.007,1847.972238,0.05,0,0,0,36.33662356,180 DIAS,181.6831178,0.99009901
70123,20/03/2026 0:00,BV,HOLGUINCORP S.A.S,LIBRO LENGUA Y LITERATURA 6 EGB,EDITORIAL,1000,3669.998979,24344,1604.007,1847.972238,0.05,0,0,0,36.33662356,180 DIAS,181.6831178,0.99009901
70124,20/03/2026 0:00,BV,HOLGUINCORP S.A.S,LIBRO LENGUA Y LITERATURA 8 EGB,EDITORIAL,1000,3939.99871,24345,1731.8185,1974.120881,0.05,0,0,0,39.00988822,180 DIAS,195.0494411,0.99009901
70125,20/03/2026 0:00,BV,HOLGUINCORP S.A.S,LIBRO HISTORIA 1 BGU,EDITORIAL,1000,3289.996124,24346,1442.6185,1651.93231,0.05,0,0,0,32.57421905,180 DIAS,162.8710953,0.99009901
70126,20/03/2026 0:00,BV,HOLGUINCORP S.A.S,LIBRO LENGUA Y LITERATURA 2 BGU,EDITORIAL,1000,4000.00319,24347,1760.032,2002.347238,0.05,0,0,0,39.60399198,180 DIAS,198.0199599,0.99009901
70127,23/03/2026 0:00,BV,ANDRANGO PINEIDA JOFFRE EFRAIN,LIBRO INICIAL 1,EDITORIAL,500,2489.999908,,998.5855,1275.532643,0.073,0,0,0,36.7980282,90 DIAS CREDITO,179.0837373,1.477832512
70128,23/03/2026 0:00,BV,ANDRANGO PINEIDA JOFFRE EFRAIN,LIBRO INICAL 2,EDITORIAL,1000,3100.004006,,1350.0475,1502.567024,0.066,0,0,0,45.81286708,90 DIAS CREDITO,201.5766152,1.477832512
70129,23/03/2026 0:00,BV,GRUPO TRANSBEL S.A,DIPLOMA CLUB BRILLANTE 2025,PUBLICOMERCIAL,112,106.0013376,,45.0365,35.6803,0.2,2.01792,0,0,3.0874176,90 DIAS CREDITO,20.1792,2.912621359
70130,23/03/2026 0:00,ASS,LEONARDO GUERRERO,JUEGO CARTAS CHUPA VERSIÓN TRANQUI,PUBLICOMERCIAL,2000,2960.000022,,1274.4205,1366.363833,0.09,0,0,0,58.03921612,50% ANTICIPO - 50% CONTRA ENTREGA,261.1764725,1.960784314
70131,23/03/2026 0:00,ASS,LEONARDO GUERRERO,CAJAS malcriaditos tipo baraja,EMPAQUE,2000,1600.35595,,564.0544667,589.6046667,0.25,30.76424356,0,0,31.37952843,50% ANTICIPO - 50% CONTRA ENTREGA,384.5530445,1.960784314
70132,23/03/2026 0:00,ASS,SANTILLANA S.A.,MINI AGENDA & LIBRETAS,PUBLICOMERCIAL,11000,27499.99603,,12667.9415,548.1273333,0.5,528.6427533,0,0,539.2156084,120 DIAS,13216.06883,1.960784314
70133,24/03/2026 0:00,CTAG,SYNLAB S.A.S,DÍPTICOS 2 MODELOS,PUBLICOMERCIAL,500,344.9960207,,118.435,160.1085,0.16,6.631988095,0,0,6.764627857,30 DIAS CREDITO,53.05590476,1.960784314
70134,25/03/2026 0:00,CTAG,SYNLAB S.A.S,GIFTS CARD,PUBLICOMERCIAL,300,160.758171,,62.900125,68.43825,0.15,3.090314706,0,0,3.152121,30 DIAS CREDITO,23.17736029,1.960784314
70135,24/03/2026 0:00,MC,YUNNY RIVERA CUSME,LIBRO LENGUA Y LITERATURA 2 BGU,PUBLICOMERCIAL,1500,3854.996461,24349,1784.862,1729.987714,0.07,0,0,0,75.5881659,90 días,264.5585806,1.960784314
70136,24/03/2026 0:00,MC,YUNNY RIVERA CUSME,LIBRO LENGUA Y LITERATURA 3 BGU,PUBLICOMERCIAL,1500,3225.004494,24350,1484.2725,1440.363929,0.075,0,0,0,63.23538224,90 días,237.1326834,1.960784314
70137,24/03/2026 0:00,MC,FLORES RUIZ JULIO OSWALDO,LIBRO PASTA DURA MOTOMART,EDITORIAL,500,3750.001454,,1737.4167,888.6347381,0.275,72.44279829,0,0,55.41874069,30 DIAS CREDITO,996.0884765,1.477832512
70138,24/03/2026 0:00,MC,YUNNY RIVERA CUSME,"Lengua Bachillerato 1, 2 y 3 Alumno y docente",EDITORIAL,2000,6260.000156,,2828.768,2533.882048,0.1,119.1700011,0,0,182.3301016,90 DIAS CREDITO,595.8500053,2.912621359
70139,24/03/2026 0:00,BV,HOLGUINCORP S.A.S,LIBRO LA MARAVILLA DE LEER 5 EGB,EDITORIAL,1500,3075.004952,24351,1344.5565,1502.1065,0.065,0,0,0,30.44559358,180 DIAS,197.8963583,0.99009901
70140,24/03/2026 0:00,BV,HOLGUINCORP S.A.S,LIBRO LA MARAVILLA DE LEER 6 EGB,EDITORIAL,1500,3075.004952,24352,1344.5565,1502.1065,0.065,0,0,0,30.44559358,180 DIAS,197.8963583,0.99009901
70141,24/03/2026 0:00,BV,HOLGUINCORP S.A.S,LIBRO LA MARAVILLA DE LEER 7 EGB,EDITORIAL,1500,3075.004952,24353,1344.5565,1502.1065,0.065,0,0,0,30.44559358,180 DIAS,197.8963583,0.99009901
70142,24/03/2026 0:00,CTAG,DIDACTICA-EDITORIAL S.A.S.,REIMPRESION IMAGINA Y APRENDE 1 EGB PREPARATORIA,EDITORIAL,3000,15899.99609,24360,7186.321,6573.291,0.1,0,0,305.7691556,305.7691556,120 DÍAS,1528.845778,1.923076923
70143,24/03/2026 0:00,BV,ANDRANGO PINEIDA JOFFRE EFRAIN,LIBRO INICIAL 2,EDITORIAL,1500,4410.163553,,1991.2985,1732.977548,0.1,82.76168995,124.1425349,0,65.17483083,POR COTIZAR,413.8084498,1.477832512
70144,24/03/2026 0:00,MC,FLORES RUIZ JULIO OSWALDO,REVISTA MOTOMART,PUBLICOMERCIAL,500,2749.995359,,1084.1812,907.991619,0.25,53.12460851,0,0,40.64032551,30 DIAS CREDITO,664.0576063,1.477832513
70145,25/03/2026 0:00,BV,HOLGUINCORP S.A.S,LIBRO LA MARAVILLA DE LEER 3 EGB,EDITORIAL,1500,3075.004952,24355,1344.5565,1502.1065,0.065,0,0,0,30.44559358,180 DIAS,197.8963583,0.99009901
70146,25/03/2026 0:00,BV,HOLGUINCORP S.A.S,LIBRO LA MARAVILLA DE LEER 4 EGB,EDITORIAL,1500,3075.004952,24356,1344.5565,1502.1065,0.065,0,0,0,30.44559358,180 DIAS,197.8963583,0.99009901
70147,25/03/2026 0:00,BV,GRUPO TRANSBEL S.A,FOLLETO SHOW ROOM C06,PUBLICOMERCIAL,200,254.9982608,,88.21,128.1142857,0.1,0,7.210809524,0,7.42713381,90 DIAS CREDITO,24.03603174,2.912621359
70148,25/03/2026 0:00,BV,HH GLOBAL,VADEMECUM PLEGABLE,PUBLICOMERCIAL,10000,607.9955073,,212.7635333,207.9946032,0.16,10.01805087,0,81.74729509,15.32761783,30 DIAS,80.14440695,2.521008403
70149,25/03/2026 0:00,MC,TIPAN UMATAMBO SEGUNDO MARCO,LIBRO MINI MAR Y SOL,EDITORIAL,1500,4627.200537,,2035.2715,2092.917214,0.09,0,0,0,90.72942229,120 DIAS,408.2824003,1.960784314
70150,25/03/2026 0:00,CTAG,ALISERVIS S.A.,REIMPRESION VOLANTES PROMO ABRIL 2026 $10.49 PIZZA FAMILIA 1 INGREDIENTE - 5 MOTIVOS,PUBLICOMERCIAL,499750,5247.373953,24357,1910.864775,1821.408125,0.26,100.8722405,0,0,102.8896854,30 DIAS CREDITO,1311.339127,1.960784315
70151,25/03/2026 0:00,MC,DANNY ESCOBAR,"LIBROS CIENCIAS NATURALES 8, 9 Y 10",EDITORIAL,1000,3280.00116,,1329.0565,1480.767452,0.1,62.44053228,0,0,95.53401438,,312.2026613,2.91262136
70152,25/03/2026 0:00,BV,NATURES SUNSHINE PRODUCTS DEL ECUADOR S.A.,CATÁLOGO de producto 2026 - 76 pg,PUBLICOMERCIAL,3000,3098.999297,,1295.819,1122.969714,0.18,58.99484669,0,0,90.26211544,45 DIAS CREDITO,530.9536201,2.912621359
70153,25/03/2026 0:00,ASS,OTECEL S.A.,cuadernos - ÍTEM TARIFARIO - CAYFO78,PUBLICOMERCIAL,924,3883.563904,24366,1309.715713,1319.2141,0.275,72.52220175,108.7833026,0,76.14831183,60 DIAS CREDITO,997.1802739,1.960784313
70154,25/03/2026 0:00,ASS,EMPRESA OPERADORA METRO DE MEDELLIN TRANSDEV EOMMT S.A.S.,"CERTIFICADOS DE PARTICIPACIÓN - A4	",PUBLICOMERCIAL,200,185.002194,24358,48.37,58.321,0.4,3.556366667,0,0,3.627494,60 DIAS,71.12733333,1.960784314
70155,26/03/2026 0:00,BV,HOLGUINCORP S.A.S,MATEMÁTICAS 7 EGB,EDITORIAL,1000,3454.689002,,1510.4195,1739.040452,0.05,0,0,0,34.2048416,180 DIAS,171.024208,0.99009901
70156,26/03/2026 0:00,MC,CARLOS GARCES,LIBRO BETO Y SUS AMIGOS,EDITORIAL,1000,4300.004606,,1778.3625,1823.392738,0.12,81.85807359,0,0,125.2428526,,491.1484415,2.912621359
70157,26/03/2026 0:00,MC,CESAR GARCES,LIBRO BETO Y BELLITA,EDITORIAL,1000,5060.000722,,2237.371,2097.295524,0.1,96.32592275,0,0,147.3786618,,481.6296138,2.912621359
70158,26/03/2026 0:00,MC,YUNNY RIVERA CUSME,REIMPRESION LIBRO BRING UP ENGLISH STUDENT`S BOOK 8 EGB,EDITORIAL,2000,3500.004009,24362,1198.787,1599.617119,0.16,66.6286695,0,0,101.9418643,90 DIAS,533.029356,2.912621358
70159,26/03/2026 0:00,MC,YUNNY RIVERA CUSME,REIMPRESION LIBRO BRING UP ENGLISH STUDENT`S BOOK 10 EGB,EDITORIAL,2000,3500.004009,24363,1198.787,1599.617119,0.16,66.6286695,0,0,101.9418643,90 DIAS,533.029356,2.912621358
70160,26/03/2026 0:00,CTAG,RED DE INTEGRACION ECUATORIANA DE COOPERATIVAS DE AHORRO Y CREDITO,REVISTA,PUBLICOMERCIAL,2000,1983.003226,24361,980.025,735.3757143,0.1,38.12001587,0,0,38.88241619,CONTADO,190.6000794,1.960784313
70161,26/03/2026 0:00,CTAG,GESTIÓN PUBLICIDAD CESPU CIA. LTDA.,CUADERNOS PUBLICITARIOS,PUBLICOMERCIAL,1500,2774.999927,,1191.365884,1129.135786,0.13,53.34486596,0,0,54.41176328,50% ANTICIPO - 50% CONTRA ENTREGA,346.7416289,1.960784314
70162,27/03/2026 0:00,CTAG,GESTIÓN PUBLICIDAD CESPU CIA. LTDA.,LIBRETAS A5,PUBLICOMERCIAL,500,889.9970622,,367.9652,401.9284524,0.1,17.10874783,0,0,17.45092279,POR COTIZAR,85.54373916,1.960784314
70163,27/03/2026 0:00,BV,RIJABAL S.A.,LIBRO QUÍMICA 1,EDITORIAL,1700,5100.00487,24364,2287.8616,2435.295619,0.06,0,0,0,75.36953009,30 DIAS CREDITO,301.4781204,1.477832512
70164,27/03/2026 0:00,BV,HOLGUINCORP S.A.S,CREA Y APRENDE CON GUCHITO PRIMERO DE BÁSICA,EDITORIAL,1500,21750.00045,24365,9588.188333,10151.43206,0.065,316.6784021,0,0,321.4285781,90 DIAS CREDITO,1372.273075,1.477832512
70165,30/03/2026 0:00,CTAG,RECREAR REDIEDITORES CIA. LTDA.,LIBRO DISCOVER 5,EDITORIAL,2000,2880.002541,,1347.557,1348.011881,0.05,0,0,0,42.56161391,,141.8720464,1.477832512
70166,30/03/2026 0:00,CTAG,RECREAR REDIEDITORES CIA. LTDA.,LIBRO DISCOVER 6,EDITORIAL,2000,2959.998214,,1377.5195,1392.922179,0.05,0,0,0,43.74381598,,145.8127199,1.477832513
70167,30/03/2026 0:00,CTAG,RECREAR REDIEDITORES CIA. LTDA.,LIBRO DISCOVER 7,EDITORIAL,1650,2904.000249,,1307.65995,1410.369839,0.05,0,0,0,42.91625983,,143.0541994,1.477832512
70168,30/03/2026 0:00,BV,ANDRANGO PINEIDA JOFFRE EFRAIN,CUPONES NUMERADOS PREPARATORIA E INICIAL,PUBLICOMERCIAL,1400,340.865419,,122.34975,120.9865,0.25,6.488966667,0,0,9.928119,90 DIAS CREDITO,81.11208333,2.912621359
70169,30/03/2026 0:00,BV,BUSSINES MARKETING PUBLICIDAD CIA LTDA,SUPLEMENTOS AEBE ABRIL 2026 16 pg,PUBLICOMERCIAL,15300,3000.328429,,1345.36,853.6242857,0.23,57.11647495,0,0,87.38820668,POR COTIZAR,656.839462,2.91262136
70170,30/03/2026 0:00,CTAG,ALISERVIS S.A.,VOLANTES DOMIWEEK 50% OFF,PUBLICOMERCIAL,125490,1317.650261,24367,637.609625,561.19375,0.072,0,0,0,25.83627963,30 DIAS CREDITO,93.01060668,1.960784314
70171,30/03/2026 0:00,BV,BUSSINES MARKETING PUBLICIDAD CIA LTDA,SUPLEMENTOS AEBE ABRIL 2026,PUBLICOMERCIAL,10000,1384.996462,,642.2025,438.7960714,0.18,26.36581882,0,0,40.33970279,POR COTIZAR,237.2923693,2.91262136
70172,31/03/2026 0:00,ASS,SANTILLANA S.A.,BLOCK DE NOTAS A5 COMPARTIR,PUBLICOMERCIAL,6300,1890.001736,24368,575.1155,589.5914524,0.34,35.29415007,52.94122511,0,37.05885758,120 DIAS,600.0005512,1.960784314
70173,31/03/2026 0:00,BV,THATBOOK S.A.S. B.I.C.,LIBRO LUDO ARTE 2,EDITORIAL,2000,4199.997714,24369,1775.6255,1739.605262,0.125,0,120.5221976,0,62.06893174,150 DIAS,502.1758231,1.477832512
70174,31/03/2026 0:00,BV,THATBOOK S.A.S. B.I.C.,LIBRO LUDO ARTE 3,EDITORIAL,2000,4199.997714,24370,1775.6255,1739.605262,0.125,0,120.5221976,0,62.06893174,150 DIAS,502.1758231,1.477832512
70175,31/03/2026 0:00,BV,THATBOOK S.A.S. B.I.C.,LIBRO LUDO ARTE 4,EDITORIAL,2000,4199.997714,24371,1775.6255,1739.605262,0.125,0,120.5221976,0,62.06893174,150 DIAS,502.1758231,1.477832512
70176,31/03/2026 0:00,BV,THATBOOK S.A.S. B.I.C.,LIBRO LUDO ARTE 5,EDITORIAL,2000,4199.998598,24372,1899.753,1756.087762,0.09,0,120.5222229,0,62.0689448,150 DIAS,361.5666688,1.477832512
70177,31/03/2026 0:00,BV,HH GLOBAL,Minicabeceras,,1249,999.9979927,,476.8448667,215.1952667,0.16,16.47714603,0,134.4535116,25.21003343,30 DIAS,131.8171683,2.521008403
70178,31/03/2026 0:00,MC,ASOCIACION DE FOTOGRAFOS ECUATORIANOS,Directorio # 6,EDITORIAL,500,4310.00289,,1877.454,1404.482333,0.2,82.04840833,0,0,125.5340648,50% ANTICIPO - 50% CONTRA ENTREGA,820.4840832,2.91262136
69910,17/04/2026 0:00,ASS,AGLOMERADOS COTOPAXI S.A,DAMERO 2026,PUBLICOMERCIAL,9000,49499.99861,24259,28076.65983,2848.944833,0.35,951.5570667,0,0,970.588208,POR COTIZAR,16652.24866,1.960784314
70179,02/04/2026 0:00,BV,ANDRANGO PINEIDA JOFFRE EFRAIN,Libros Inicial 1 y 2 cambio de portada y nuevas páginas,EDITORIAL,1016,2373.560298,,545.8481,1169.039471,0.23,44.54253432,66.81380148,0,35.07724578,90 DIAS CREDITO,512.2391446,1.477832512
70180,01/04/2026 0:00,ASS,YANBAL ECUADOR S.A,CUADRÍPTCO FLYER JOYERÍA,PUBLICOMERCIAL,117352,6288.210373,,2783.7335,1447.08855,0.3,120.88063,0,0,123.2982426,60 DIAS,1813.20945,1.960784314
70181,01/04/2026 0:00,MC,YUNNY RIVERA CUSME,LIBRO EMPRENDIMIENTO 1,PUBLICOMERCIAL,1500,3599.999497,24443,1626.5415,1572.530786,0.08,52.15878727,0,0,70.58822543,90 días,278.1801988,1.960784314
70182,01/04/2026 0:00,CTAG,MANOSALVAS MARTINEZ JANETH,REVISTA EDICIÓN 118 - ABRIL,PUBLICOMERCIAL,850,450.0005225,24373,194.8967,172.7507857,0.15,8.650529076,0,0,8.823539657,15 DIAS,64.87896806,1.960784314
70184,01/04/2026 0:00,BV,ANDRANGO PINEIDA JOFFRE EFRAIN,REIMPRESIÓN LIBRO ROBO STEAM PREPARATORIA 5 AÑOS,EDITORIAL,1000,3099.995666,24379,1006.9945,1661.709024,0.1,0,88.95678413,0,45.81274383,90 DIAS CREDITO,296.5226138,1.477832512
70185,01/04/2026 0:00,ASS,AGLOMERADOS COTOPAXI S.A,flyer y adhesivos para tablilla,PUBLICOMERCIAL,1525,700.0024286,,182.9318958,382.2373083,0.16,13.45640962,0,0,13.72553782,60 DIAS,107.651277,1.960784314
70187,01/04/2026 0:00,CTAG,RECREAR REDIEDITORES CIA. LTDA.,LIBRO DISCOVER 5,EDITORIAL,2000,2880.002541,24375,1347.557,1348.011881,0.05,0,0,0,42.56161391,Dos pagos en junio 20 y julio 15  con cheques,141.8720464,1.477832512
70188,01/04/2026 0:00,CTAG,RECREAR REDIEDITORES CIA. LTDA.,LIBRO DISCOVER 6,EDITORIAL,2000,2959.998214,24376,1377.5195,1392.922179,0.05,0,0,0,43.74381598,Dos pagos en junio 20 y julio 15  con cheques,145.8127199,1.477832513
70189,01/04/2026 0:00,CTAG,RECREAR REDIEDITORES CIA. LTDA.,LIBRO DISCOVER 7,EDITORIAL,1650,2903.995112,24377,1268.26795,1407.962839,0.06,0,0,0,56.94108062,Dos pagos en junio 20 y julio 15  con cheques,170.8232419,1.960784313
70190,01/04/2026 0:00,BV,GRUPO TRANSBEL S.A,AFICHE cinta doble faz espuma - 300gr,PUBLICOMERCIAL,20000,12470.0021,,6369.497,2769.948667,0.23,237.3881991,0,0,363.2039447,90 DIAS CREDITO,2729.96429,2.91262136
70191,01/04/2026 0:00,BV,GRUPO TRANSBEL S.A,AFICHE cinta doble faz roja,PUBLICOMERCIAL,20000,11224.99961,,5682.513,2758.139667,0.21,213.6874093,0,0,326.9417362,90 DIAS CREDITO,2243.717798,2.912621359
70192,01/04/2026 0:00,BV,BUSSINES MARKETING PUBLICIDAD CIA LTDA,SUPLEMENTOS AEBE ABRIL 2026 10 pg,PUBLICOMERCIAL,15300,2348.545835,,986.1732,802.1731429,0.2,44.70865857,0,0,68.40424761,POR COTIZAR,447.0865857,2.912621359
70193,01/04/2026 0:00,MC,YUNNY RIVERA CUSME,REIMPRESIÓN LIBRO I KNOW KIDS 3 - ANILLADO,PUBLICOMERCIAL,2000,3999.996628,24385,1720.975167,1472.92469,0.12,72.58863312,181.4715828,0,116.5047562,,435.5317987,2.91262136
70194,01/04/2026 0:00,BV,ANDRANGO PINEIDA JOFFRE EFRAIN,LIBRO ROBOSTEAM INICIAL 2 - 4 AÑOS,EDITORIAL,1500,4799.995333,24378,1886.62025,1941.665964,0.15,90.07732269,135.115984,0,70.93589162,POR COTIZAR,675.5799201,1.477832512
70195,02/04/2026 0:00,BV,THATBOOK S.A.S. B.I.C.,LIBRO LUDO ARTE 6,EDITORIAL,2000,4199.999745,24380,1646.938,1623.997762,0.17,78.8177292,118.2265938,0,62.06896175,150 DIAS,669.9506982,1.477832512
70196,02/04/2026 0:00,BV,THATBOOK S.A.S. B.I.C.,LIBRO LUDO ARTE 7,EDITORIAL,2000,4199.998598,24381,1899.753,1756.087762,0.09,0,120.5222229,0,62.0689448,150 DIAS,361.5666688,1.477832512
70197,02/04/2026 0:00,BV,THATBOOK S.A.S. B.I.C.,LIBRO LUDO ARTE 8,EDITORIAL,2000,4199.999745,24382,1646.938,1623.997762,0.17,78.8177292,118.2265938,0,62.06896175,150 DIAS,669.9506982,1.477832512
70198,02/04/2026 0:00,BV,THATBOOK S.A.S. B.I.C.,LIBRO LUDO ARTE 9,EDITORIAL,2000,4199.998598,24383,1899.753,1756.087762,0.09,0,120.5222229,0,62.0689448,150 DIAS,361.5666688,1.477832512
70199,02/04/2026 0:00,BV,THATBOOK S.A.S. B.I.C.,LIBRO LUDO ARTE 10,EDITORIAL,2000,4199.999745,24384,1646.938,1623.997762,0.17,78.8177292,118.2265938,0,62.06896175,150 DIAS,669.9506982,1.477832512
70200,02/04/2026 0:00,CTAG,MANOSALVAS MARTINEZ JANETH,folleto,PUBLICOMERCIAL,10,153.9980203,24374,50.28325,71.0945,0.2,0,0,0,2.275832813,50% ANTICIPO - 50% CONTRA ENTREGA,30.3444375,1.477832513
70201,02/04/2026 0:00,BV,HOLGUINCORP S.A.S,LIBRO MATEMATICA 7 EGB,EDITORIAL,1000,3639.999273,24386,1535.557,1852.165095,0.06,0,0,0,36.03959676,180 DIAS,216.2375805,0.99009901
70202,02/04/2026 0:00,BV,HOLGUINCORP S.A.S,LIBRO BIOLOGIA 1 BGU,EDITORIAL,1000,3630.004365,24387,1535.557,1853.645095,0.057,0,0,0,35.94063728,180 DIAS,204.8616325,0.99009901
70203,02/04/2026 0:00,BV,HOLGUINCORP S.A.S,LIBRO MATEMATICA 8 EGB,EDITORIAL,1000,4149.999689,24388,1787.894,2115.571054,0.05,0,0,0,41.08910583,180 DIAS,205.4455292,0.99009901
70204,02/04/2026 0:00,BV,HOLGUINCORP S.A.S,LIBRO MATEMATICA 10 EGB,EDITORIAL,1000,4149.999689,24389,1787.894,2115.571054,0.05,0,0,0,41.08910583,180 DIAS,205.4455292,0.99009901
70205,02/04/2026 0:00,ASS,OTECEL S.A.,TEND CARD MOVISTAr y tuenti,PUBLICOMERCIAL,15000,2430.003992,,1008.92,960.495,0.132,45.37822581,68.06733871,0,47.6471371,60 DIAS CREDITO,299.4962903,1.960784314
70206,02/04/2026 0:00,BV,ANDRANGO PINEIDA JOFFRE EFRAIN,Libros Inicial 1 y 2 cambio de portada y nuevas páginas,EDITORIAL,900,1220.065353,,471.17,462.4492857,0.2,0,35.01072321,0,18.03052246,90 DIAS CREDITO,233.4048214,1.477832512
70207,02/04/2026 0:00,BV,ANDRANGO PINEIDA JOFFRE EFRAIN,CUADERNILLO,PUBLICOMERCIAL,1016,596.9977038,,286.66,198.7272,0.15,0,17.13131294,0,8.822626165,90 DIAS CREDITO,85.65656471,1.477832512
70208,02/04/2026 0:00,CTAG,RED DE INTEGRACION ECUATORIANA DE COOPERATIVAS DE AHORRO Y CREDITO,DANÑO OP 243661 - REVISTA,PUBLICOMERCIAL,500,530.5989714,24390,161.6655,368.9334714,0,0,0,0,0,CONTADO,0,0
70209,06/04/2026 0:00,BV,GRUPO TRANSBEL S.A,AFICHE cinta doble faz espuma - cartulina .18,PUBLICOMERCIAL,20000,12740.00357,,6561.781,2775.552667,0.23,242.5281472,0,0,371.0680652,90 DIAS CREDITO,2789.073693,2.91262136
70210,06/04/2026 0:00,CTAG,CHAIDE Y CHAIDE S.A,REIMPRESIÓN - COD.63 ETIQUETA COLCHON BABY CHAIDE,PUBLICOMERCIAL,5000,749.9973393,24391,353.1069222,139.5383889,0.33,14.70583018,0,0,0,CONTADO,242.646198,0
70211,06/04/2026 0:00,MC,YUNNY RIVERA CUSME,REIMPRESIÓN LIBRO CALIGRAFITOS PLUS 4 EGB,EDITORIAL,2000,3299.997275,24392,1327.3075,1499.64619,0.1,62.82119312,0,0,96.11642548,POR COTIZAR,314.1059656,2.912621359
70212,06/04/2026 0:00,MC,YUNNY RIVERA CUSME,REIMPRESIÓN LIBRO CALIGRAFITOS PLUS 6 EGB,EDITORIAL,2000,3299.997275,24393,1327.3075,1499.64619,0.1,62.82119312,0,0,96.11642548,POR COTIZAR,314.1059656,2.912621359
70213,06/04/2026 0:00,MC,YUNNY RIVERA CUSME,REIMPRESIÓN LIBRO CALIGRAFITOS PLUS 7 EGB,EDITORIAL,2000,3299.997275,24394,1327.3075,1499.64619,0.1,62.82119312,0,0,96.11642548,POR COTIZAR,314.1059656,2.912621359
70214,06/04/2026 0:00,ASS,SANTILLANA S.A.,libros Texto Sierra 2026,EDITORIAL,3680,7673.971254,,3529.22,3409.931619,0.05,0,219.1311038,0,150.4700246,,365.2185063,1.960784314
70215,06/04/2026 0:00,BV,JORGE VINICIO ALENCASTRO,REVISTA,PUBLICOMERCIAL,2000,4200.000544,,2071.429,1222.846619,0.18,120.5222787,0,0,62.06897355,CONTADO,723.1336725,1.477832512
70216,06/04/2026 0:00,CTAG,BANCO MUNDIAL,CUADERNOS,PUBLICOMERCIAL,35,321.996915,,98.905125,164.16425,0.15,6.189867647,0,0,6.313665,30 DIAS CREDITO,46.42400735,1.960784314
70217,06/04/2026 0:00,ASS,EMPRESA OPERADORA METRO DE MEDELLIN TRANSDEV EOMMT S.A.S.,SEPARADORES IMANTADOS,PUBLICOMERCIAL,1000,499.9999838,,170.085,214.3825,0.2,9.6116875,0,0,9.80392125,60 DIAS,96.116875,1.960784314
70218,06/04/2026 0:00,CTAG,RED DE INTEGRACION ECUATORIANA DE COOPERATIVAS DE AHORRO Y CREDITO,SOBRE GRANDE,PUBLICOMERCIAL,1000,650.00112,,217.9725,313.0741667,0.15,12.49521569,0,0,12.74512,CONTADO,93.71411765,1.960784314
70219,06/04/2026 0:00,CTAG,RED DE INTEGRACION ECUATORIANA DE COOPERATIVAS DE AHORRO Y CREDITO,SOBRE a4,PUBLICOMERCIAL,1000,514.999632,,155.4265,265.3248333,0.15,9.900031373,0,0,10.098032,CONTADO,74.25023529,1.960784314
70220,06/04/2026 0:00,CTAG,RED DE INTEGRACION ECUATORIANA DE COOPERATIVAS DE AHORRO Y CREDITO,SOBRE carta,PUBLICOMERCIAL,1000,460.000824,,114.448,261.3696667,0.15,8.842768627,0,0,9.019624,CONTADO,66.32076471,1.960784314
70221,06/04/2026 0:00,BV,ANDRANGO PINEIDA JOFFRE EFRAIN,LIBROS BASE 70G,EDITORIAL,500,2481.413893,,972.5465,1227.721976,0.1,0,0,0,36.67114127,PAgos abril y Mayo,244.4742751,1.477832512
70222,06/04/2026 0:00,BV,ANDRANGO PINEIDA JOFFRE EFRAIN,reimrpesion LIBROS ROBOSTEAM Bgu 3,EDITORIAL,500,1474.132173,,329.9325,951.550119,0.1,28.47739153,0,0,21.78520452,120 DIAS,142.3869577,1.477832512
70223,07/04/2026 0:00,BV,GRUPO TRANSBEL S.A,LICITACION - FLYER CAT 1 (LANZAMIENTOS - RXP - EXPOFERTA) - A4,PUBLICOMERCIAL,60000,959.449268,,576.547,322.647,0.03,0,0,18.54008247,13.90506186,90 DIAS CREDITO,27.81012371,1.449275363
70225,07/04/2026 0:00,MC,YUNNY RIVERA CUSME,LIBRO INGLES - BOND 70GR,PUBLICOMERCIAL,1000,3099.995692,,1306.4975,1349.124167,0.1,59.01381481,0,0,90.29113667,,295.0690741,2.91262136
70226,07/04/2026 0:00,MC,YUNNY RIVERA CUSME,LIBRO INGLES - couche 90gr,PUBLICOMERCIAL,1000,3259.99857,,1439.921,1352.767667,0.1,62.05974815,0,0,94.95141467,,310.2987408,2.91262136
70227,08/04/2026 0:00,BV,GRUPO TRANSBEL S.A,licitacion - FOLLETO - MANUAL CAT 5 (CLUB BRILLANTE + MKT) - A5,PUBLICOMERCIAL,200,418.8058144,,192.6945,199.8095,0.03,0,0,8.092865979,6.069649485,90 DIAS CREDITO,12.13929897,1.449275363
70228,07/04/2026 0:00,ASS,AGLOMERADOS COTOPAXI S.A,CAJA PASTA DURA,CAJAS PASTA DURA,1500,13049.99868,,6292.191,794.746,0.435,250.8650265,0,0,255.8823271,60 DIAS CREDITO,5456.314327,1.960784314
70229,07/04/2026 0:00,ASS,AGLOMERADOS COTOPAXI S.A,ETIQUETAs PARA TABLILLA,PUBLICOMERCIAL,13500,2586.812412,,1708.0325,156.74,0.25,49.72726667,0,0,50.721812,60 DIAS CREDITO,621.5908333,1.960784314
70230,07/04/2026 0:00,BV,UMCO S.A.,reimpresión SEPARADOR papel earth 27x27,PUBLICOMERCIAL,70000,1469.996718,24395,726.3463667,393.0115,0.2,27.98394667,0,0,42.8154384,45 DIAS CREDITO,279.8394667,2.91262136
70231,07/04/2026 0:00,MC,DANNY ESCOBAR,"LIBROS CIENCIAS NATURALES 8, 9 Y 10 - COUCHE 90GR",EDITORIAL,1000,3430.003494,,1452.4165,1485.907452,0.1,65.29608783,0,0,99.90301438,,326.4804391,2.912621359
70232,07/04/2026 0:00,BV,DELTA GLOBAL,AGENDAS ANILLADAS,PUBLICOMERCIAL,50,1707.413194,,376.8203143,1004.581946,0.15,32.50358261,0,0,49.73048139,,243.7768695,2.91262136
70233,08/04/2026 0:00,BV,GRUPO TRANSBEL S.A,licitacion FOLLETO - MANUAL CAT 5 (CLUB BRILLANTE + MKT) - A5,PUBLICOMERCIAL,200,427.5969124,,200.4215,200.3215,0.03,0,0,8.262742268,6.197056701,90 DIAS CREDITO,12.3941134,1.449275362
70234,08/04/2026 0:00,BV,GRUPO TRANSBEL S.A,licitación FOLLETO - MANUAL CAT 7 (MANUAL PDN) - 21X21,PUBLICOMERCIAL,200,514.0212415,,203.7495,277.9902143,0.03,0,0,9.932777614,7.449583211,90 DIAS CREDITO,14.89916642,1.449275362
70235,08/04/2026 0:00,MC,THERESA RODRIGUEZ,FOLLETO,PUBLICOMERCIAL,2000,2799.998126,,1213.508,977.1599048,0.19,54.09056555,0,0,41.37928265,30 DIAS CREDITO,513.8603727,1.477832512
70236,08/04/2026 0:00,ASS,BFS ECUADOR S.A,NIDO IMPRESO,PUBLICOMERCIAL,1000,411.9962325,24405,211.27,105.5283333,0.2,7.919958333,0,0,8.0783575,,79.19958332,1.960784314
70237,08/04/2026 0:00,BV,HOLGUINCORP S.A.S,CARTILLAS LICENCIAS COLECTUM,PUBLICOMERCIAL,1000,489.0042871,24396,139.19575,233.1661667,0.2,9.309047917,0,0,14.24284331,60 DIAS,93.09047917,2.912621358
70238,08/04/2026 0:00,CTAG,MEGABOOKS,libro tracitos,EDITORIAL,700,3625.997039,,1459.1692,1740.239952,0.1,0,0,0,71.09798116,CONTADO,355.4899058,1.960784314
70240,08/04/2026 0:00,BV,GRUPO TRANSBEL S.A,CARTILLAS,PUBLICOMERCIAL,200,213.8669582,,94.7657,105.67,0.03,0,0,4.132694845,3.099521134,90 DIAS CREDITO,6.199042268,1.449275363
70242,08/04/2026 0:00,CTAG,GIZ EC,FOLLETOS,PUBLICOMERCIAL,1000,3609.999795,,1505.458,1443.888238,0.15,69.39638207,0,0,70.78430971,CONTADO,520.4728655,1.960784314
70244,09/04/2026 0:00,ASS,EMPRESA OPERADORA METRO DE MEDELLIN TRANSDEV EOMMT S.A.S.,COLGANTES,PUBLICOMERCIAL,2000,640.0001333,,271.3,171.6066667,0.28,12.30296296,0,0,12.54902222,,172.2414815,1.960784313
70245,09/04/2026 0:00,CTAG,SIERACEXPRESS SAS,folleto opcion 1,PUBLICOMERCIAL,50100,6600.004166,,3776.5104,2140.734714,0.09,0,0,0,97.53700738,CONTADO,585.2220442,1.477832512
70246,09/04/2026 0:00,ASS,INTRIAGO FRAY OSCAR PASTOR,LIBRO LEER ES PODER 8,PUBLICOMERCIAL,500,1099.998087,24434,289.0965,686.2712619,0.1,0,0,0,16.25612937,120 DIAS,108.3741958,1.477832513
70247,09/04/2026 0:00,ASS,INTRIAGO FRAY OSCAR PASTOR,REIMPRESIÓN LIBROS EXPRESS ARTE 8,EDITORIAL,1000,1849.998013,24429,635.9765,928.8045952,0.12,35.56320671,0,0,36.27447084,POR COTIZAR,213.3792403,1.960784314
70248,09/04/2026 0:00,ASS,INTRIAGO FRAY OSCAR PASTOR,libros textos a4 - alumno y Docente,EDITORIAL,2000,4205.248,,2026.367,1616.099857,0.09,0,120.081325,0,82.45584314,,360.2439749,1.960784314
70249,09/04/2026 0:00,BV,THATBOOK S.A.S. B.I.C.,LIBRO habia una vez 4,EDITORIAL,1650,4042.499542,24397,1896.636,1759.536,0.082,0,0,0,59.74137255,150 DIAS,326.5861699,1.477832513
70250,09/04/2026 0:00,BV,THATBOOK S.A.S. B.I.C.,LIBRO HABIA UNA VEZ 5,EDITORIAL,1650,4042.502669,24398,1620.772,1565.437,0.16,75.86211905,113.7931786,0,59.74141875,150 DIAS,606.8969524,1.477832512
70251,09/04/2026 0:00,BV,THATBOOK S.A.S. B.I.C.,LIBRO HABIA UNA VEZ 6,EDITORIAL,1650,4042.499542,24399,1896.636,1759.536,0.082,0,0,0,59.74137255,150 DIAS,326.5861699,1.477832513
70252,09/04/2026 0:00,BV,THATBOOK S.A.S. B.I.C.,LIBRO HABIA UNA VEZ 7,EDITORIAL,1650,4042.502669,24400,1620.772,1565.437,0.16,75.86211905,113.7931786,0,59.74141875,150 DIAS,606.8969524,1.477832512
70253,09/04/2026 0:00,ASS,EMPRESA OPERADORA METRO DE MEDELLIN TRANSDEV EOMMT S.A.S.,Diccionario de competencias,PUBLICOMERCIAL,100,564.9951584,24401,114.7715,281.6591667,0.27,10.86111416,0,0,11.07833644,60 DIAS,146.6250411,1.960784314
70254,09/04/2026 0:00,BV,MEGAPUBLISHER S.A.S,LIBROS actividad fisica deporte binenestar y vida saludable,EDITORIAL,2200,4310.413803,,1895.6265,2030.691024,0.08,0,0,0,42.67736439,150 DIAS,341.4189151,0.99009901
70255,10/04/2026 0:00,MC,INTERNATIONAL EDUCATION INTEREDU S.A.S.,LIBROS SCIENCE EXPERIENCE 8,EDITORIAL,1000,3438.377661,24402,1357.301,1391.830196,0.16,65.45550468,0,0,100.1469222,30 DIAS CREDITO,523.6440373,2.91262136
70256,10/04/2026 0:00,MC,INTERNATIONAL EDUCATION INTEREDU S.A.S.,LIBROS SCIENCE EXPERIENCE 9,EDITORIAL,1000,3238.003279,24403,1303.129,1285.794238,0.16,61.64102948,0,0,94.3107751,30 DIAS CREDITO,493.1282358,2.912621359
70257,10/04/2026 0:00,MC,INTERNATIONAL EDUCATION INTEREDU S.A.S.,LIBROS SCIENCE EXPERIENCE 10,EDITORIAL,1000,3238.003279,24404,1303.129,1285.794238,0.16,61.64102948,0,0,94.3107751,30 DIAS CREDITO,493.1282358,2.912621359
70258,10/04/2026 0:00,CTAG,BENALCÁZAR DURÁN ALVARO FABRICIO,FOLLETOS MERCEDES DE JESUS MOLINA,PUBLICOMERCIAL,50000,6599.99911,24424,3761.0935,2127.141,0.09,0,0,0,129.4117473,50% ANTICIPO - 50% CONTRA ENTREGA,582.3528626,1.960784314
70259,10/04/2026 0:00,MC,TIPAN UMATAMBO SEGUNDO MARCO,LIBROS DE LECTURA DEL 2 AL 10,EDITORIAL,1500,3000.001816,,1492.429,1374.56781,0.03,0,0,0,44.33500221,,88.67000443,1.477832512
70260,10/04/2026 0:00,BV,THATBOOK S.A.S. B.I.C.,CUADERNILLOS,PUBLICOMERCIAL,100,945.817194,,87.0665,689.4665,0.15,18.27136471,0,0,13.977594,90 DIAS CREDITO,137.0352353,1.477832512
70261,10/04/2026 0:00,BV,HOLGUINCORP S.A.S,reimpresion CREA Y APRENDE CON GUCHITO PRIMERO DE BÁSICA,EDITORIAL,2000,15225.56555,,5464.734167,5964.261786,0.2,285.7248988,428.5873482,0,225.0083578,90 DIAS CREDITO,2857.248988,1.477832512
70262,10/04/2026 0:00,CTAG,BENALCÁZAR DURÁN ALVARO FABRICIO,FOLLETOS MERCEDES DE JESUS MOLINA,PUBLICOMERCIAL,100,199.9965,24406,41.4525,154.6225,0,0,0,0,3.9215,50% ANTICIPO - 50% CONTRA ENTREGA,0,1.960784314
70263,10/04/2026 0:00,ASS,OTECEL S.A.,VOLANTES MOVISTAR CAMPAÑA MADRES,PUBLICOMERCIAL,126000,2267.999777,24407,1102.6127,767.6455,0.1,41.56129333,103.9032333,0,44.47058387,60 DIAS CREDITO,207.8064667,1.960784314
70264,10/04/2026 0:00,BV,HOLGUINCORP S.A.S,DESCUBRE Y APRENDE CON GUCHITO,EDITORIAL,2000,12264.00622,,5559.247,5115.817,0.09,0,351.9251868,0,181.2414712,POR COTIZAR,1055.77556,1.477832512
70265,10/04/2026 0:00,BV,HOLGUINCORP S.A.S,EXPLORA Y APRENDE CON GUCHITO,EDITORIAL,2100,10405.27364,,4737.5155,4319.635976,0.09,0,298.5874113,0,153.7725168,90 DIAS CREDITO,895.7622339,1.477832512
70266,13/04/2026 0:00,BV,NATURES SUNSHINE PRODUCTS DEL ECUADOR S.A.,CATÁLOGO de producto 2026,PUBLICOMERCIAL,3000,3098.999297,24408,1357.819,1060.969714,0.18,58.99484669,0,0,90.26211544,45 DIAS CREDITO,530.9536201,2.912621359
70267,13/04/2026 0:00,MC,MIRIAN SUSANA CARRERA,reimpresion GUIA DE USUARIO ALARMA,PUBLICOMERCIAL,3000,809.9989797,24409,248.4152,368.3744286,0.2,15.41974071,0,0,23.59220329,30 DIAS,154.1974072,2.912621359
70268,13/04/2026 0:00,BV,GUEVARA FANNY MARITZA,REVISTA BUEN VIAJE # 176,PUBLICOMERCIAL,1500,2162.688053,24410,893.541,753.2802857,0.2,41.17053214,0,0,62.99091418,60 DIAS,411.7053214,2.91262136
70269,13/04/2026 0:00,BV,BUSSINES MARKETING PUBLICIDAD CIA LTDA,SUPLEMENTOS AEBE ABRIL 2026 16 pg,PUBLICOMERCIAL,15300,3000.328429,24411,1345.36,853.6242857,0.23,57.11647495,0,0,87.38820668,POR COTIZAR,656.839462,2.91262136
70270,14/04/2026 0:00,MC,YUNNY RIVERA CUSME,LIBRO TICS,PUBLICOMERCIAL,1000,2740.000294,24418,1194.71,1228.204524,0.08,52.67205487,0,0,53.72549596,90 DIAS,210.6882195,1.960784314
70271,14/04/2026 0:00,BV,ANDRANGO PINEIDA JOFFRE EFRAIN,reimpresión LIBROS ROBOSTEAM 8VO,EDITORIAL,1000,3050.000288,24412,792.0035,1468.845881,0.21,57.23669319,85.85503978,0,45.07389589,PAgos abril y Mayo,600.9852785,1.477832513
70272,14/04/2026 0:00,BV,ANDRANGO PINEIDA JOFFRE EFRAIN,reimpresión LIBROS ROBOSTEAM 9NO,EDITORIAL,1000,3050.000288,24413,792.0035,1468.845881,0.21,57.23669319,85.85503978,0,45.07389589,PAgos abril y Mayo,600.9852785,1.477832513
70273,14/04/2026 0:00,BV,ANDRANGO PINEIDA JOFFRE EFRAIN,reimpresión LIBROS ROBOSTEAM 10MO,EDITORIAL,1000,3149.997056,24414,823.978,1540.55181,0.2,59.11324524,88.66986786,0,46.55168063,PAgos abril y Mayo,591.1324525,1.477832512
70274,14/04/2026 0:00,BV,ANDRANGO PINEIDA JOFFRE EFRAIN,REIMPRESIÓN LIBROS ROBOSTEAM B1,EDITORIAL,1000,1979.999429,24415,577.452,1105.537952,0.12,38.24977165,0,0,29.26107531,120 DIAS,229.4986298,1.477832513
70275,14/04/2026 0:00,BV,ANDRANGO PINEIDA JOFFRE EFRAIN,REIMPRESIÓN LIBROS ROBOSTEAM B2,EDITORIAL,500,1564.996247,24416,361.8847,998.5872619,0.1,30.23271026,0,0,23.12802335,120 DIAS,151.1635513,1.477832512
70276,14/04/2026 0:00,BV,ANDRANGO PINEIDA JOFFRE EFRAIN,REIMPRESIÓN LIBROS ROBOSTEAM B3,EDITORIAL,500,1475.002975,24417,346.071,936.168619,0.1,28.49421376,0,0,21.79807352,120 DIAS,142.4710688,1.477832512
70277,14/04/2026 0:00,ASS,OTECEL S.A.,BANDEROLAS,PUBLICOMERCIAL,5000,2520.000251,,1263.445,650.05,0.21,48.44291139,0,0,49.41176962,60 DIAS CREDITO,508.6505696,1.960784313
70278,14/04/2026 0:00,ASS,OTECEL S.A.,BANDEROLAS,PUBLICOMERCIAL,2000,1242.001776,,591.045,304.285,0.25,23.87546667,0,0,24.352976,60 DIAS CREDITO,298.4433333,1.960784314
70279,15/04/2026 0:00,CTAG,BENALCÁZAR DURÁN ALVARO FABRICIO,TRÍPTICO,PUBLICOMERCIAL,150000,2973.664963,,1674.2135,832.9942143,0.14,0,0,0,58.30715615,50% ANTICIPO - 50% CONTRA ENTREGA,408.150093,1.960784314
70280,14/04/2026 0:00,BV,HOLGUINCORP S.A.S,LIBRO BÁSICA Y BACHILLERATO 2026,EDITORIAL,500,3087.55417,,1180.494,1557.238762,0.1,0,0,0,45.62887937,180 DIAS,304.1925291,1.477832513
70281,15/04/2026 0:00,BV,HOLGUINCORP S.A.S,reimpresion LIBRO LENGUA Y LITERATURA 2 BGU,EDITORIAL,1000,3289.769325,,1102.632,1652.347238,0.15,0,0,0,48.61728067,180 DIAS,486.1728067,1.477832512
70282,15/04/2026 0:00,BV,HOLGUINCORP S.A.S,REIMPRESION LIBRO MATEMÁTICAS 2 BGU,EDITORIAL,1000,3988.593785,,1295.080811,2045.120881,0.15,0,0,0,58.94473574,120 DIAS,589.4473574,1.477832512
70283,15/04/2026 0:00,CTAG,PAMELA SILVA,FANZINE,PUBLICOMERCIAL,100,670.0011518,,217.3837,362.2020714,0.1,12.87968381,0,0,13.13727749,,64.39841904,1.960784314
70284,15/04/2026 0:00,ASS,EMPRESA OPERADORA METRO DE MEDELLIN TRANSDEV EOMMT S.A.S.,TARJETAS DE PRESENTACIÓN,PUBLICOMERCIAL,100,132.0048373,24446,46.25125,42.564,0.3,2.537578571,0,0,2.588330143,60 DIAS,38.06367857,1.960784314
70285,15/04/2026 0:00,ASS,AGLOMERADOS COTOPAXI S.A,ETIQUETA PARA TABLILLA,PUBLICOMERCIAL,18000,2117.6424,,450.57,1279.53,0.15,40.70823529,0,0,41.5224,60 DIAS CREDITO,305.3117647,1.960784314
70286,16/04/2026 0:00,BV,THATBOOK S.A.S. B.I.C.,LIBRO HABIA UNA VEZ 8,EDITORIAL,1650,4042.499542,24419,1896.636,1759.536,0.082,0,0,0,59.74137255,150 DIAS,326.5861699,1.477832513
70287,16/04/2026 0:00,BV,THATBOOK S.A.S. B.I.C.,LIBRO HABIA UNA VEZ 9,EDITORIAL,1650,4042.502669,24420,1620.772,1565.437,0.16,75.86211905,113.7931786,0,59.74141875,POR COTIZAR,606.8969524,1.477832512
70288,16/04/2026 0:00,BV,THATBOOK S.A.S. B.I.C.,LIBRO HABIA UNA VEZ 10,EDITORIAL,1650,4042.499099,24421,1768.884,1745.314,0.1,0,78.09328889,0,59.741366,150 DIAS,390.4664444,1.477832512
70289,16/04/2026 0:00,MC,YUNNY RIVERA CUSME,reimpresión BRING UP ENGLISH STUDENT`S BOOK 3 BGU,EDITORIAL,2000,3499.997121,24422,1316.5215,1515.191381,0.15,66.62853838,0,0,101.9416637,90 DIAS,499.7140378,2.912621359
70290,16/04/2026 0:00,MC,YUNNY RIVERA CUSME,REIMPRESIÓN BRING UP ENGLISH STUDENT`S BOOK 9 EGB,EDITORIAL,2000,3499.999475,24423,1295.1275,1403.330119,0.19,66.62858319,0,0,101.9417323,90 DIAS,632.9715403,2.91262136
70291,16/04/2026 0:00,CTAG,COOPERATIVA POLICÍA NACIONAL,CUADERNOS INSTITUCIONALES PARA COLABORADORES,PUBLICOMERCIAL,800,3184.000133,,1207.283698,1241.005524,0.2,61.20723054,0,0,62.43137515,,612.0723055,1.960784314
70292,16/04/2026 0:00,CTAG,BENALCÁZAR DURÁN ALVARO FABRICIO,reimpresión FOLLETOS MERCEDES DE JESUS MOLINA,PUBLICOMERCIAL,100,274.99608,,56.4525,168.2175,0.15,5.286352941,0,0,5.39208,50% ANTICIPO - 50% CONTRA ENTREGA,39.64764706,1.960784314
70293,17/04/2026 0:00,CTAG,MARCO ALDANA,LIBROS EDUCATIVOS,EDITORIAL,20000,599.9978355,24425,282.3755,225.1197857,0.12,11.53398377,0,0,11.76466344,30 DIAS CREDITO,69.2039026,1.960784314
70294,17/04/2026 0:00,,KAREM SILVA,PAPEL REGALO,PUBLICOMERCIAL,1000,247.729032,,103.6565,98.7365,0.15,4.762188235,0,0,4.857432,"50% ANTICIPO, SALDO CONTRA ENTREGA",35.71641176,1.960784314
70295,17/04/2026 0:00,,KAREM SILVA,SHOPPING BAG,PUBLICOMERCIAL,1000,1562.543349,,733.18,498.3516667,0.18,30.03735772,0,0,30.63810488,"50% ANTICIPO, SALDO CONTRA ENTREGA",270.3362195,1.960784314
70297,17/04/2026 0:00,ASS,EMPRESA OPERADORA METRO DE MEDELLIN TRANSDEV EOMMT S.A.S.,manuales,PUBLICOMERCIAL,580,698.0001984,,288.768,214.404,0.25,13.41792,0,0,13.6862784,60 DIAS,167.724,1.960784314
70299,17/04/2026 0:00,CTAG,ESCUELA POLITECNICA NACIONAL,FICHAs para juego,PUBLICOMERCIAL,200,1697.705651,,676.2469,557.129,0.15,0,0,217.6545706,29.02060941,POR COTIZAR,217.6545706,1.709401709
70300,17/04/2026 0:00,CTAG,ESCUELA POLITECNICA NACIONAL,caja,EMPAQUE,200,1029.251294,,410.605,337.1416667,0.15,0,0,131.9552941,17.59403922,,131.9552941,1.70940171
70301,17/04/2026 0:00,CTAG,ESCUELA POLITECNICA NACIONAL,TRIPTICO,PUBLICOMERCIAL,200,376.7819496,,120.52,153.2104762,0.15,0,0,48.30537815,6.440717087,,48.30537815,1.709401709
70302,17/04/2026 0:00,ASS,AGLOMERADOS COTOPAXI S.A,cuaderno 18x25 pasta dura,PUBLICOMERCIAL,1000,4599.995829,24426,2179.130884,1579.035643,0.15,88.42744768,0,0,90.19599664,60 DIAS,663.2058577,1.960784314
70303,17/04/2026 0:00,CTAG,COOPERATIVA POLICÍA NACIONAL,FOLLETOS INSTITUCIONALES,PUBLICOMERCIAL,800,791.9983691,,281.013,327.9822857,0.2,15.22488214,0,0,15.52937979,,152.2488214,1.960784314
70304,17/04/2026 0:00,BV,HOLGUINCORP S.A.S,REIMPRESION LIBRO MATEMÁTICAS 1 BGU,EDITORIAL,1000,4439.724408,,1503.276,2214.71981,0.15,0,0,0,65.61169076,120 DIAS,656.1169076,1.477832512
70305,17/04/2026 0:00,ASS,EMPRESA OPERADORA METRO DE MEDELLIN TRANSDEV EOMMT S.A.S.,TARJETAS,PUBLICOMERCIAL,580,149.9954093,24428,60.70883333,40.2108,0.3,2.883418095,0,0,2.941086457,,43.25127143,1.960784314
70306,20/04/2026 0:00,BV,GRUPO TRANSBEL S.A,POSTERS POV,PUBLICOMERCIAL,1000,311.5200667,,130.8625,128.3775,0.1,5.760888889,8.641333333,0,9.0734,90 DIAS CREDITO,28.80444444,2.912621359
70307,20/04/2026 0:00,MC,YUNNY RIVERA CUSME,LIBRO BRING UP ENGLISH STUDENT´S BOOK 9,EDITORIAL,2000,3899.995726,24436,1657.931,1534.526952,0.14,74.24320819,0,0,113.5921085,30 DIAS,519.7024573,2.912621359
70309,21/04/2026 0:00,CTAG,BENALCÁZAR DURÁN ALVARO FABRICIO,ESTIQUETAS 1.5X4.5,PUBLICOMERCIAL,5000,145.0010713,,59.65105797,58.81386957,0.15,2.78741006,0,0,2.843158261,50% ANTICIPO - 50% CONTRA ENTREGA,20.90557545,1.960784314
70310,21/04/2026 0:00,CTAG,BENALCÁZAR DURÁN ALVARO FABRICIO,ESTIQUETAS 2X5,PUBLICOMERCIAL,5000,214.998286,,65.31886111,110.3333333,0.15,4.13299281,0,0,4.215652667,50% ANTICIPO - 50% CONTRA ENTREGA,30.99744607,1.960784314
70311,21/04/2026 0:00,MC,TIPAN UMATAMBO SEGUNDO MARCO,CUADERNOS PASTA DURA,PUBLICOMERCIAL,1500,2729.996485,,1167.743634,1170.916976,0.1,51.97023578,0,0,79.51446074,90 DIAS CREDITO,259.8511789,2.91262136
70312,21/04/2026 0:00,MC,TIPAN UMATAMBO SEGUNDO MARCO,LIBROS DE LECTURA DEL 2 AL 10,EDITORIAL,1500,2610.004634,,1240.064,1254.226143,0.03,0,0,0,38.57149705,,77.14299411,1.477832512
70313,21/04/2026 0:00,ASS,INTRIAGO FRAY OSCAR PASTOR,REIMPRESIÓN LIBROS EXPRESS ARTE 9,EDITORIAL,1000,1849.998013,24430,635.9765,928.8045952,0.12,35.56320671,0,0,36.27447084,POR COTIZAR,213.3792403,1.960784314
70314,21/04/2026 0:00,ASS,INTRIAGO FRAY OSCAR PASTOR,REIMPRESIÓN LIBROS EXPRESS ARTE 10,EDITORIAL,1000,1849.998013,24431,635.9765,928.8045952,0.12,35.56320671,0,0,36.27447084,POR COTIZAR,213.3792403,1.960784314
70315,21/04/2026 0:00,ASS,INTRIAGO FRAY OSCAR PASTOR,REIMPRESIÓN LIBROS EXPRESS ARTE 1BGU,EDITORIAL,1000,1849.998013,24432,635.9765,928.8045952,0.12,35.56320671,0,0,36.27447084,POR COTIZAR,213.3792403,1.960784314
70316,21/04/2026 0:00,ASS,INTRIAGO FRAY OSCAR PASTOR,REIMPRESIÓN LIBROS EXPRESS ARTE 2BGU,EDITORIAL,1000,1849.998013,24433,635.9765,928.8045952,0.12,35.56320671,0,0,36.27447084,POR COTIZAR,213.3792403,1.960784314
70317,21/04/2026 0:00,CTAG,PAOLA ALEXANDRA IMBAQUINGO CHAMORRO,CARPETA,PUBLICOMERCIAL,200,400.0032,,188.13,138.67,0.15,7.689411765,0,0,7.8432,"50% ANTICIPO, SALDO CONTRA ENTREGA",57.67058824,1.960784314
70318,21/04/2026 0:00,CTAG,PAOLA ALEXANDRA IMBAQUINGO CHAMORRO,sobres A4,PUBLICOMERCIAL,200,300.001992,,120.2265,124.8731667,0.15,5.76705098,0,0,5.882392,"50% ANTICIPO, SALDO CONTRA ENTREGA",43.25288236,1.960784314
70319,21/04/2026 0:00,CTAG,PAOLA ALEXANDRA IMBAQUINGO CHAMORRO,TARJETAS DE PRESENTACIÓN,PUBLICOMERCIAL,200,235.004532,,86.4225,105.5746667,0.15,4.517580392,0,0,4.607932,"50% ANTICIPO, SALDO CONTRA ENTREGA",33.88185295,1.960784314
70320,21/04/2026 0:00,CTAG,ANDRES MARVAL,TRÍPTICOS,PUBLICOMERCIAL,200,197.9980869,,75.06,86.70314286,0.15,3.806191597,0,0,3.882315429,"50% ANTICIPO, SALDO CONTRA ENTREGA",28.54643698,1.960784314
70321,21/04/2026 0:00,CTAG,ANDRES MARVAL,FOLLETO,PUBLICOMERCIAL,200,430.0006787,,136.436,214.871744,0.15,8.266064566,0,0,8.431385857,"50% ANTICIPO, SALDO CONTRA ENTREGA",61.99548424,1.960784314
70322,21/04/2026 0:00,CTAG,ANDRES MARVAL,cuaderno pasta dura ENCOLADO,PUBLICOMERCIAL,200,1268.841609,,339.8198253,696.8154762,0.15,24.39141886,0,0,24.87924724,"50% ANTICIPO, SALDO CONTRA ENTREGA",182.9356414,1.960784314
70323,21/04/2026 0:00,MC,ASOCIACION DE FOTOGRAFOS ECUATORIANOS,Directorio # 6,EDITORIAL,500,4309.997437,24435,1920.6965,1402.259833,0.19,82.04830453,0,0,125.5339059,50% ANTICIPO - 50% CONTRA ENTREGA,779.4588929,2.912621358
70324,21/04/2026 0:00,MC,YUNNY RIVERA CUSME,LIBRO BRING UP ENGLISH STUDENT´S BOOK 1,EDITORIAL,2000,3899.995726,24437,1657.931,1534.526952,0.14,74.24320819,0,0,113.5921085,30 DIAS,519.7024573,2.912621359
70325,21/04/2026 0:00,MC,YUNNY RIVERA CUSME,LIBRO BRING UP ENGLISH STUDENT´S BOOK 2,EDITORIAL,2000,3899.995726,24438,1657.931,1534.526952,0.14,74.24320819,0,0,113.5921085,30 DIAS,519.7024573,2.912621359
70326,21/04/2026 0:00,MC,YUNNY RIVERA CUSME,LIBRO BRING UP ENGLISH STUDENT´S BOOK 3,EDITORIAL,2000,3899.995726,24439,1657.931,1534.526952,0.14,74.24320819,0,0,113.5921085,30 DIAS,519.7024573,2.912621359
70327,22/04/2026 0:00,ASS,EMPRESA OPERADORA METRO DE MEDELLIN TRANSDEV EOMMT S.A.S.,tarjetas conmemorativas,PUBLICOMERCIAL,580,376.9994588,24447,88.407625,157.99725,0.32,7.247202206,0,0,7.39214625,60 DIAS,115.9552353,1.960784313
70328,22/04/2026 0:00,MC,YUNNY RIVERA CUSME,reimpresión LIBRO ECA 1 - crearte,EDITORIAL,2500,4499.999448,24441,1829.167,1825.612238,0.13,84.01791352,84.01791352,0,131.0679451,90 DIAS,546.1164379,2.91262136
70330,22/04/2026 0:00,CTAG,CHAIDE Y CHAIDE S.A,REIMPRESION COD.1148 ETIQUETA ALMOHADA ANTIREFLUJO B,PUBLICOMERCIAL,500,624.99633,24440,278.039,72.099,0.4,29.17816667,0,0,12.25483,POR COTIZAR,233.4253333,1.960784314
70331,22/04/2026 0:00,MC,YUNNY  RIVERA  CUSME,libros inicial 4 - ANILLADO,PUBLICOMERCIAL,2000,4000.000576,24442,1909.957167,1516.65669,0.1,76.1469746,0,0,116.5048711,,380.734873,2.912621358
70332,22/04/2026 0:00,BV,GRUPO TRANSBEL S.A,CAJA productos infantiles AGÚ,PUBLICOMERCIAL,6,597.0006649,,167.9145,230.9013,0.25,21.270176,26.58772,0,17.38836888,90 DIAS CREDITO,132.9386,2.912621359
70333,22/04/2026 0:00,ASS,OTECEL S.A.,VOLANTES MOVISTAR CAMPAÑA MADRES,PUBLICOMERCIAL,288888,3597.619049,,1871.2456,1095.4551,0.1,65.92668222,164.8167056,0,70.54154998,60 DIAS CREDITO,329.6334111,1.960784314
70334,22/04/2026 0:00,MC,YUNNY RIVERA CUSME,LIBRO EMPRENDIMIENTO 2,PUBLICOMERCIAL,1500,3854.998579,24444,1760.7215,1729.697214,0.07,26.27196882,0,0,75.58820743,90 días,262.7196882,1.960784314
70335,22/04/2026 0:00,MC,YUNNY RIVERA CUSME,LIBRO EMPRENDIMIENTO 3,PUBLICOMERCIAL,1500,3974.995116,24445,1772.765,1787.602143,0.08,27.08975,0,0,77.94108071,POR COTIZAR,309.5971429,1.960784314
70336,22/04/2026 0:00,ASS,EMPRESA OPERADORA METRO DE MEDELLIN TRANSDEV EOMMT S.A.S.,DIPLOMAS,PUBLICOMERCIAL,10,25.0013475,24448,20.58975,-4.249,0.32,0.480610294,0,0,0.4902225,60 DIAS,7.689764706,1.960784314
70337,22/04/2026 0:00,ASS,EMPRESA OPERADORA METRO DE MEDELLIN TRANSDEV EOMMT S.A.S.,PORTA TARJETAS,PUBLICOMERCIAL,10,30.00342575,24449,20.2685,0.7835,0.27,0.576767123,0,0,0.588302466,60 DIAS,7.786356164,1.960784315
70338,23/04/2026 0:00,ASS,AGLOMERADOS COTOPAXI S.A,ETIQUETAS PARA TABLILLA - MELA RESIST Y PANELES DECORATIVOS,PUBLICOMERCIAL,27000,2969.998668,24450,760.52,1523.216,0.2,57.0934,0,0,58.235268,60 DIAS CREDITO,570.934,1.960784314
70339,23/04/2026 0:00,MC,TIPAN UMATAMBO SEGUNDO MARCO,LIBRO ANDRESITO EXPLORADOR - INICIAL 1 PLUS,EDITORIAL,2000,12500.00188,24460,5637.555,4208.572143,0.14,228.979701,457.959402,0,364.0777246,90 DIAS CREDITO,1602.857907,2.912621359
70340,23/04/2026 0:00,BV,RIJABAL S.A.,LIBROS 20.5 X 28 cm BASE retractilado bond 75g - 2026,EDITORIAL,1700,3790.129291,,1837.555,1672.515476,0.06,0,0,0,56.01176292,30 DIAS CREDITO,224.0470517,1.477832512
70341,23/04/2026 0:00,CTAG,GESTIÓN PUBLICIDAD CESPU CIA. LTDA.,CARTILLAS,PUBLICOMERCIAL,1000,3050.001107,24451,1197.0285,1441.380762,0.1,58.63131693,0,0,59.80394327,50% ANTICIPO - 50% CONTRA ENTREGA,293.1565847,1.960784314
70342,23/04/2026 0:00,CTAG,SALAZAR-EDITORES S.A.S.,REIMPRESIÓN magica travesuras 4-5 años,PUBLICOMERCIAL,1000,11000.0013,24452,3234.512,5290.232238,0.17,0,513.5388095,0,215.6863,90 DIAS CREDITO,1746.031952,1.960784314
70343,23/04/2026 0:00,CTAG,GESTIÓN PUBLICIDAD CESPU CIA. LTDA.,REGLAMENTO A6,PUBLICOMERCIAL,6800,4599.998098,,1719.9255,2038.242881,0.15,88.42749132,0,0,90.19604114,50% ANTICIPO - 50% CONTRA ENTREGA,663.2061849,1.960784314
70344,23/04/2026 0:00,BV,JABONERIA WILSON S.A.,AFICHES GOL MUNDIALISTA TIENDAS,PUBLICOMERCIAL,2000,180.0036583,,69.12,80.675,0.1,3.328777778,4.993166667,0,5.242825,60 DIAS CREDITO,16.64388889,2.91262136
70345,23/04/2026 0:00,BV,JABONERIA WILSON S.A.,rompetraficos GOL MUNDIALISTA TIENDAS,PUBLICOMERCIAL,2400,1519.99778,,723.94,330.15,0.25,28.10906667,42.1636,0,44.27178,60 DIAS CREDITO,351.3633333,2.912621359
70346,23/04/2026 0:00,BV,JABONERIA WILSON S.A.,takcers GOL MUNDIALISTA TIENDAS,PUBLICOMERCIAL,2800,783.9984353,,395.355,220.825,0.15,14.49835294,21.74752941,0,22.83490588,60 DIAS CREDITO,108.7376471,2.912621359
70347,24/04/2026 0:00,ASS,YANBAL ECUADOR S.A,Díptico Genactive Yanbal,PUBLICOMERCIAL,90000,5850.004171,,2417.8435,2474.0285,0.13,112.4568276,0,0,114.7059641,60 DIAS,730.9693793,1.960784313
70348,24/04/2026 0:00,ASS,LE@+ EDITORES,LIBRO ECA PIKASO 2 EGB,EDITORIAL,3000,4800.000674,24455,2111.588,1856.117286,0.14,92.27221595,0,0,94.11766027,90 DIAS,645.9055117,1.960784314
70349,24/04/2026 0:00,ASS,LE@+ EDITORES,SERIE ECA DEL 2 AL 7,EDITORIAL,3000,5033.928448,,2390.7215,2050.980071,0.1,0,0,0,98.70447937,,493.5223968,1.960784314
70350,24/04/2026 0:00,CTAG,ALISERVIS S.A.,REIMPRESION VOLANTES PROMO MAYO 2026 $10.49 PIZZA FAMILIA 1 INGREDIENTE - 5 MOTIVOS,PUBLICOMERCIAL,479750,5037.385172,24453,1891.619775,1739.71325,0.25,96.83554733,0,0,98.77225828,30 DIAS CREDITO,1210.444342,1.960784314
70352,25/04/2026 0:00,ASS,LE@+ EDITORES,LIBRO ECA PIKASO 3 EGB,EDITORIAL,3000,4800.000674,24456,2111.588,1856.117286,0.14,92.27221595,0,0,94.11766027,90 DIAS,645.9055117,1.960784314
70353,25/04/2026 0:00,ASS,LE@+ EDITORES,LIBRO ECA PIKASO 4 EGB,EDITORIAL,3000,4800.000674,24457,2111.588,1856.117286,0.14,92.27221595,0,0,94.11766027,90 DIAS,645.9055117,1.960784314
70354,27/04/2026 0:00,CTAG,MEGABOOKS,LIBRO ECO APAISADO,EDITORIAL,1000,2020.021745,,900.6975,979.3227381,0.06,0,0,0,20.0002153,90 días,120.0012918,0.99009901
70355,27/04/2026 0:00,MC,TIPAN UMATAMBO SEGUNDO MARCO,REIMPRESIÓN LIBRO sueños de mar y sol - inicial 2,PUBLICOMERCIAL,2500,15625.00321,24458,6636.424833,6525.699516,0.115,297.4491378,0,0,455.0971809,90 DIAS CREDITO,1710.332543,2.912621359
70356,27/04/2026 0:00,MC,SANCHEZ CARRASCO PAUL VICENTE,REIMPRESIÓN LIBRO RINCONES MÁGICOS EDUCACIÓN INICIAL 2,EDITORIAL,1000,9300.000155,24459,3310.64,4329.39,0.12,173.6370455,173.6370455,0,270.8737909,120 DIAS,1041.822273,2.912621359
70357,27/04/2026 0:00,MC,YUNNY RIVERA CUSME,REIMPRESIÓN LIBRO cALIGRAFITO plus 1 egb,EDITORIAL,2000,4799.999245,24461,1847.2975,2173.261548,0.12,91.37634199,0,0,139.8058032,90 DIAS CREDITO,548.258052,2.912621358
70358,27/04/2026 0:00,MC,TIPAN UMATAMBO SEGUNDO MARCO,LIBRO LEO ECUATORIANO 2,EDITORIAL,2000,5340.001214,,2355.6575,2218.872381,0.1,101.6562196,0,0,155.534016,90 DIAS CREDITO,508.2810979,2.91262136
70359,27/04/2026 0:00,MC,TIPAN UMATAMBO SEGUNDO MARCO,LIBRO LEO ECUATORIANO DEL 3 AL 10,EDITORIAL,2000,3559.995482,,1575.07,1474.612024,0.1,67.77071164,0,0,103.6891888,90 DIAS CREDITO,338.8535582,2.912621359
70360,27/04/2026 0:00,MC,TIPAN UMATAMBO SEGUNDO MARCO,LIBRO MINI HUELLITAS,PUBLICOMERCIAL,2000,5100.00247,,2359.815133,2290.187119,0.07,0,0,0,100.0000484,POR COTIZAR,350.0001695,1.960784313
70361,27/04/2026 0:00,MC,TIPAN UMATAMBO SEGUNDO MARCO,libros ingles del 1 al 7,EDITORIAL,2000,3499.998841,,1533.044,1293.255905,0.13,64.9724116,84.46413508,0,101.9417138,120 DIAS,422.3206755,2.912621359
70363,27/04/2026 0:00,MC,TRAMA DISENO,CUADERNO CONSTRUCTIVA,PUBLICOMERCIAL,300,2019.000804,,1116.3325,736.3196429,0.05,39.00320301,0,0,29.8374503,45 DIAS CREDITO,97.50800752,1.477832512
70364,27/04/2026 0:00,BV,OMNILIFE DEL ECUADOR S.A.,TRÍPTICO OMNILIFE,PUBLICOMERCIAL,1000,315.0004323,,166.1930333,91.65997619,0.14,5.996581617,0,0,9.174769874,30 DIAS CREDITO,41.97607131,2.91262136
70365,28/04/2026 0:00,ASS,EMPRESA OPERADORA METRO DE MEDELLIN TRANSDEV EOMMT S.A.S.,manuales,PUBLICOMERCIAL,580,697.9999011,24472,321.078,148.549,0.3,13.41791429,0,0,13.68627257,60 DIAS,201.2687143,1.960784314
70366,28/04/2026 0:00,MC,YUNNY RIVERA CUSME,REIMPRESION LIBROS I KNOW 9,EDITORIAL,1000,1650.000676,24469,648.46,855.952381,0.07,0,0,0,32.35295443,,113.2353405,1.960784314
70367,28/04/2026 0:00,MC,YUNNY RIVERA CUSME,REIMPRESIÓN LIBROS ECA 1 BGU - CREARTE,EDITORIAL,2000,3460.001069,24470,1441.935,1581.366905,0.1,0,0,0,100.7767302,90 DIAS CREDITO,335.9224339,2.91262136
70368,28/04/2026 0:00,CTAG,SALAZAR-EDITORES S.A.S.,LIBRO INGLES STAR UP 1,PUBLICOMERCIAL,3000,5250.001373,24463,2122.8675,1725.401786,0.2,96.20673214,240.5168304,0,102.9412034,180 DIAS CREDITO,962.0673215,1.960784314
70369,28/04/2026 0:00,CTAG,SALAZAR-EDITORES S.A.S.,LIBRO INGLES STAR UP 2,PUBLICOMERCIAL,3000,5249.998402,24464,2142.196,1802.277786,0.18,96.2066777,240.5166943,0,102.9411451,180 DIAS CREDITO,865.8600994,1.960784313
70370,28/04/2026 0:00,CTAG,SALAZAR-EDITORES S.A.S.,LIBRO INGLES STAR UP 3,PUBLICOMERCIAL,3000,5249.998402,24465,2142.196,1802.277786,0.18,96.2066777,240.5166943,0,102.9411451,180 DIAS CREDITO,865.8600994,1.960784313
70371,28/04/2026 0:00,CTAG,SALAZAR-EDITORES S.A.S.,LIBRO INGLES STAR UP 4,PUBLICOMERCIAL,3000,5249.998402,24466,2142.196,1802.277786,0.18,96.2066777,240.5166943,0,102.9411451,180 DIAS CREDITO,865.8600994,1.960784313
70372,28/04/2026 0:00,CTAG,SALAZAR-EDITORES S.A.S.,LIBRO INGLES STAR UP 5,PUBLICOMERCIAL,3000,5250.001373,24467,2122.8675,1725.401786,0.2,96.20673214,240.5168304,0,102.9412034,POR COTIZAR,962.0673215,1.960784314
70373,28/04/2026 0:00,CTAG,SALAZAR-EDITORES S.A.S.,LIBRO INGLES STAR UP 6,PUBLICOMERCIAL,3000,5249.998402,24468,2142.196,1802.277786,0.18,96.2066777,240.5166943,0,102.9411451,180 DIAS CREDITO,865.8600994,1.960784313
70374,28/04/2026 0:00,MC,YUNNY RIVERA CUSME,REIMPRESIÓN LIBROS ECA 2 BGU - CREARTE,EDITORIAL,2000,3460.001069,24471,1441.935,1581.366905,0.1,0,0,0,100.7767302,90 DIAS CREDITO,335.9224339,2.91262136
70375,28/04/2026 0:00,ASS,NANDO MONGE RODRIGUEZ,TAPA Y BASE PEQUEÑA,EMPAQUE,200,173.032392,,57.48266667,83.88366667,0.15,3.326266667,0,0,3.392792,CONTADO,24.947,1.960784314
70378,28/04/2026 0:00,MC,YUNNY RIVERA CUSME,cuentos - FULL COLOR,EDITORIAL,1000,1749.999883,,698.089,767.7399524,0.12,33.31429437,0,0,50.97087039,90 DIAS CREDITO,199.8857662,2.91262136
70379,28/04/2026 0:00,MC,YUNNY RIVERA CUSME,cuentos - UN COLOR,EDITORIAL,1000,1499.995297,,566.089,678.9099524,0.128,28.55502184,0,0,43.68918342,POR COTIZAR,182.7521398,2.91262136
70380,28/04/2026 0:00,BV,UMCO S.A.,reimpresimón SEPARADOR 64x45,PUBLICOMERCIAL,10000,877.0014825,24473,360.35,307.46,0.2,16.69525,0,0,25.5437325,45 DIAS,166.9525,2.912621359
70381,28/04/2026 0:00,BV,HOLGUINCORP S.A.S,REIMPRESIÓN LIBRO HISTORIA 2 BGU,EDITORIAL,500,1909.996926,,517.9335,1278.598262,0.05,0,0,0,18.91086065,180 DIAS,94.55430326,0.99009901
69687,20/02/2026 0:00,MC,Oswaldo Guaman,cuentos,EDITORIAL,1000,2435.775679,,396.572,1593.44081,0.15,46.82383081,0,0,47.76030743,,351.1787312,1.960784314
69733,20/02/2026 0:00,BV,GRUPO TRANSBEL S.A,roll ups,PUBLICOMERCIAL,100,3635.061294,,3014,0,0.15,35.45882353,0,0,53.72011765,90 DIAS CREDITO,531.8823529,1.477832512
69753,20/02/2026 0:00,CTAG,MANOSALVAS MARTINEZ JANETH,CARTOLAS 10 MOTIVOS,PUBLICOMERCIAL,10000,2671.633,,2550.8315,120.8015,0,0,0,0,0,50% ANTICIPO - 50% CONTRA ENTREGA,0,0
69786,18/02/2026 0:00,ASS,AGLOMERADOS COTOPAXI S.A,DAMERO pequeño 2026 - ECUADOR,PUBLICOMERCIAL,9000,49124.01975,,28576.559,2987.654,0.3315,944.3294839,0,0,963.2160736,60 DIAS,15652.2612,1.960784314
69808,20/02/2026 0:00,BV,JABONERIA WILSON S.A.,reimpresión STICKERS PRUÉBALO GRATIS,PUBLICOMERCIAL,250000,1537.824463,,881.7648111,274.6042407,0.21,29.27516587,0,0,44.79100378,60 DIAS CREDITO,307.3892416,2.912621359
69809,20/02/2026 0:00,BV,BUSSINES MARKETING PUBLICIDAD CIA LTDA,SUPLEMENTO 4 DE JULIO,PUBLICOMERCIAL,5500,1339.998593,,481.7905,474.8047262,0.25,25.50920603,0,0,39.02908523,POR COTIZAR,318.8650754,2.912621359
69810,20/02/2026 0:00,BV,BUSSINES MARKETING PUBLICIDAD CIA LTDA,SUPLEMENTO 4 DE JULIO,PUBLICOMERCIAL,5500,1339.998593,,481.7905,474.8047262,0.25,25.50920603,0,0,39.02908523,POR COTIZAR,318.8650754,2.912621359
69811,20/02/2026 0:00,BV,JABONERIA WILSON S.A.,reimpresión STICKERS PRUÉBALO GRATIS,PUBLICOMERCIAL,250000,1537.824463,,881.7648111,274.6042407,0.21,29.27516587,0,0,44.79100378,60 DIAS CREDITO,307.3892416,2.912621359
69814,20/02/2026 0:00,CTAG,GESTIÓN PUBLICIDAD CESPU CIA. LTDA.,libro canton penipe,EDITORIAL,3000,2850.080972,,1092.3405,1059.191214,0.23,0,0,0,55.88394063,50% ANTICIPO - 50% CONTRA ENTREGA,642.6653172,1.960784314
69816,20/02/2026 0:00,MC,MAYA MATEDIC CIA. LTDEDICIONESA,textos escolares,EDITORIAL,2500,2264.348863,,953.3931,895.7258333,0.1,41.09153185,102.7288296,0,65.95190862,,205.4576593,2.912621359
69825,20/02/2026 0:00,BV,JABONERIA WILSON S.A.,AFICHES LAVA FEB 2026,PUBLICOMERCIAL,5700,590.81212,,285.2552,173.628,0.2,0,0,0,17.20812,60 DIAS CREDITO,114.7208,2.912621359
69826,20/02/2026 0:00,BV,JABONERIA WILSON S.A.,ROMPETRÁFICO 2 motivos LAVA Y GOL FEB 2026,PUBLICOMERCIAL,13500,5888.148366,,3891.5115,1097.4615,0.14,0,0,0,87.01697093,60 DIAS,812.1583953,1.477832512
69827,20/02/2026 0:00,BV,JABONERIA WILSON S.A.,Tackers GOL FEB 2026,PUBLICOMERCIAL,3650,971.3035642,,527.3675,180.775,0.26,0,0,0,14.35423986,45 DIAS CREDITO,248.8068243,1.477832512
69828,20/02/2026 0:00,BV,JABONERIA WILSON S.A.,PRECIADOR MULTIMARCA FEB 2026,PUBLICOMERCIAL,6750,398.2869868,,193.260125,159.90075,0.1,0,0,0,5.886014583,60 DIAS CREDITO,39.24009722,1.477832512
69832,02/02/2026 0:00,MC,YUNNY RIVERA CUSME,"BACHILLERATO TECNICO, ÉTICA Y FUNDAMENTOS",EDITORIAL,1500,2735.83934,,1111.029,1154.514714,0.13,52.0814647,0,0,79.68464099,90 DIAS CREDITO,338.5295205,2.91262136
69833,02/02/2026 0:00,ASS,BOOKS & BITS ECUADOR S.A.,,PUBLICOMERCIAL,300,220.01859,,99.76,69.42,0.2,4.2295,0,0,4.31409,,42.295,1.960784314
69834,20/02/2026 0:00,ASS,BOOKS & BITS ECUADOR S.A.,,PUBLICOMERCIAL,300,240.7251,,62.442,126.362,0.2,0,0,0,4.7201,,47.201,1.960784314
69836,02/02/2026 0:00,BV,UMCO S.A.,reimpresimón SEPARADOR papel earth 27x27,PUBLICOMERCIAL,50000,1050.0585,24227,546.4831333,232.803,0.2356,0,0,0,30.58422815,45 DIAS CREDITO,240.1881384,2.912621359
69837,20/02/2026 0:00,BV,RIJABAL S.A.,LIBROS 20.5 X 28 cm BASE retractilado bond 75g,EDITORIAL,1700,3902.69964,,1710.0077,1904.315119,0.06,0,0,0,57.67536413,30 DIAS CREDITO,230.7014565,1.477832512
69838,03/02/2026 0:00,BV,RIJABAL S.A.,LIBRO LENGUA Y LITERATURA 1,EDITORIAL,1300,2569.826243,24229,1044.008,1195.587524,0.0935,49.41192551,0,0,49.81804213,30 DIAS CREDITO,231.0007518,1.938576286
69839,20/02/2026 0:00,ASS,AGLOMERADOS COTOPAXI S.A,Sobre para cuadernos y sticker,EMPAQUE,1100,851.2676657,,290.854,396.444,0.16,16.3642381,0,0,16.69152286,60 DIAS CREDITO,130.9139048,1.960784314
69840,03/02/2026 0:00,ASS,AGLOMERADOS COTOPAXI S.A,cuaderno 18x25 pasta dura,PUBLICOMERCIAL,1000,4599.995829,,2179.130884,1579.035643,0.15,88.42744768,0,0,90.19599664,POR COTIZAR,663.2058577,1.960784314
69841,03/02/2026 0:00,BV,RIJABAL S.A.,LIBRo LENGUA Y LITERATURA 2,EDITORIAL,1300,2734.725213,24230,1442.327,1164.275095,0.0268,0,0,0,56.34245959,30 DIAS CREDITO,71.78065777,2.060260363
69842,04/02/2026 0:00,BV,RIJABAL S.A.,LIBRO LENGUA Y LITERATURA 3,EDITORIAL,1300,2717.001661,24231,1152.613,1209.312524,0.1,52.48723386,0,0,40.1527339,30 DIAS CREDITO,262.4361693,1.477832512
69843,04/02/2026 0:00,CTAG,ECUAEMPAQUES,IMPRESIÓN PLIEGOS ECUAEMPAQUES,PUBLICOMERCIAL,10000,760.0056152,,129.39,447.7,0.21,14.60987342,0,0,14.90207089,CRUCE CON FACTURAS PENDIENTES DE PAGO,153.4036709,1.960784314
69844,04/02/2026 0:00,BV,RIJABAL S.A.,LIBRO FÍSICA 1,EDITORIAL,1400,3052.003686,24234,1338.6785,1373.427548,0.08,58.95882712,0,0,45.10350275,30 DIAS CREDITO,235.8353085,1.477832512
69845,20/02/2026 0:00,MC,TIPAN UMATAMBO SEGUNDO MARCO,LIBRO INGLES - inicial 1 y 2,PUBLICOMERCIAL,2000,5616.174322,,2656.7365,2201.545786,0.1,107.9618286,0,0,110.1210651,90 DIAS CREDITO,539.8091429,1.960784313
69846,04/02/2026 0:00,MC,TIPAN UMATAMBO SEGUNDO MARCO,REIMPRESIÓN LIBROS ECA 1 BGU,EDITORIAL,2000,2999.99661,24237,1025.119,1415.932333,0.12,55.47843939,83.21765909,0,87.37854205,90 DIAS CREDITO,332.8706363,2.91262136
69847,04/02/2026 0:00,MC,TIPAN UMATAMBO SEGUNDO MARCO,REIMPRESIÓN PRE ESCRITURA - PRE MATEMATICA - PRE ESCRITURA 1,PUBLICOMERCIAL,2000,4799.99877,24242,1730.3575,2280.83375,0.11,90.13912921,63.09739045,0,139.8057894,90 DIAS CREDITO,495.7652107,2.912621359
69848,04/02/2026 0:00,MC,TIPAN UMATAMBO SEGUNDO MARCO,REIMPRESION LIBROS OVERCOME YOUR ENGLISH 8,EDITORIAL,1500,2780.004843,24239,884.24,1469.568571,0.1,31.38411429,52.30685714,0,80.97101486,120 DIAS,261.5342857,2.91262136
69849,04/02/2026 0:00,MC,TIPAN UMATAMBO SEGUNDO MARCO,LIBROS serie matematicas del 2 al 7,EDITORIAL,1500,2969.999203,,1237.163,1367.794786,0.1,17.36638524,0,0,58.2352785,120 DIAS,289.439754,1.960784314
69850,04/02/2026 0:00,CTAG,GOBERNACIÓN DE MANABÍ,IMPRESION AFICHES A3,PUBLICOMERCIAL,500,274.302288,,113.933,81.439,0.15,4.596988235,0,35.16696,4.688928,,34.47741176,1.709401709
69851,20/02/2026 0:00,CTAG,GOBERNACIÓN DE MANABÍ,IMPRESION AFICHES A3,PUBLICOMERCIAL,10000,765.238149,,308.685,236.3564167,0.15,12.82450392,0,98.107455,13.080994,,96.18377942,1.709401709
69852,04/02/2026 0:00,BV,CABASCANGO PROAÑO SONIA GERMANIA,etiqueta almohada premium,PUBLICOMERCIAL,2000,201.0038333,24233,94.3925,83.8375,0.1,0,0,0,2.9705,CONTADO,19.80333333,1.477832513
69853,04/02/2026 0:00,BV,GRUPO TRANSBEL S.A,Manual de uso audífonos FEST,PUBLICOMERCIAL,3000,194.9959521,,67.14675,95.1245,0.1,3.606027778,5.409041667,0,5.67949375,90 DIAS CREDITO,18.03013889,2.912621359
69855,05/02/2026 0:00,MC,TIPAN UMATAMBO SEGUNDO MARCO,LIBROS serie matematicas del 2 al 7,EDITORIAL,1500,2819.998736,,1208.5925,1270.108214,0.09,40.85770408,0,0,55.29409286,120 DIAS,245.1462245,1.960784314
69856,06/02/2026 0:00,ASS,AGLOMERADOS COTOPAXI S.A,CAJA PASTA DURA - SUOERFICIES PREMIUM,CAJAS PASTA DURA,400,2789.938374,,1392.7655,216.1955,0.4,53.63203333,0,0,54.704674,60 DIAS CREDITO,1072.640667,1.960784314
69857,05/02/2026 0:00,CTAG,RED DE INTEGRACION ECUATORIANA DE COOPERATIVAS DE AHORRO Y CREDITO,REVISTA,PUBLICOMERCIAL,2000,1787.814442,,707.2705,667.4426429,0.2,34.36782857,0,0,35.05518514,CONTADO,343.6782857,1.960784314
69858,05/02/2026 0:00,ASS,AGLOMERADOS COTOPAXI S.A,ETIQUETA PARA TABLILLA,PUBLICOMERCIAL,9000,1349.99703,,336.54,701.52,0.2,25.9515,0,0,26.47053,60 DIAS CREDITO,259.515,1.960784314
69859,05/02/2026 0:00,BV,NATURES SUNSHINE PRODUCTS DEL ECUADOR S.A.,"Cuadernos 13,5 x 20,5 cm",PUBLICOMERCIAL,264,829.6677162,24236,322.2287297,364.3928286,0.16,0,0,0,12.26109925,45 DIAS CREDITO,130.7850587,1.477832512
69860,05/02/2026 0:00,CTAG,SYNLAB S.A.S,,PUBLICOMERCIAL,6000,839.9998844,,173.156,524.6126667,0.14,16.22717829,0,0,12.4137914,30 DIAS,113.5902481,1.477832513
69861,05/02/2026 0:00,MC,TIPAN UMATAMBO SEGUNDO MARCO,REIMPRESIÓN LIBRO AVENTURAS DEL ARTE 1,EDITORIAL,2000,3039.995914,24243,1273.94,1447.793393,0.064,0,87.23504464,0,44.92604799,180 días,186.1014286,1.477832512
69862,05/02/2026 0:00,MC,TIPAN UMATAMBO SEGUNDO MARCO,REIMPRESIÓN LIBROS ECA 2 BGU,EDITORIAL,2000,2999.99661,24238,1025.119,1415.932333,0.12,55.47843939,83.21765909,0,87.37854205,90 DIAS CREDITO,332.8706363,2.91262136
69863,05/02/2026 0:00,MC,TIPAN UMATAMBO SEGUNDO MARCO,REIMPRESION LIBROS OVERCOME YOUR ENGLISH 9,EDITORIAL,1500,2780.004843,24240,884.24,1469.568571,0.1,31.38411429,52.30685714,0,80.97101486,120 DIAS,261.5342857,2.91262136
69864,05/02/2026 0:00,MC,TIPAN UMATAMBO SEGUNDO MARCO,REIMPRESION LIBROS OVERCOME YOUR ENGLISH 10,EDITORIAL,1500,2780.004843,24241,884.24,1469.568571,0.1,31.38411429,52.30685714,0,80.97101486,120 DIAS,261.5342857,2.91262136
69865,05/02/2026 0:00,CTAG,RED DE INTEGRACION ECUATORIANA DE COOPERATIVAS DE AHORRO Y CREDITO,REVISTA,PUBLICOMERCIAL,2000,1982.995056,,833.832,786.262,0.15,38.11985882,0,0,38.882256,CONTADO,285.8989412,1.960784314
69866,05/02/2026 0:00,ASS,SANTILLANA S.A.,BROCHURE a5,PUBLICOMERCIAL,800,324.9997726,,123.765,159.1283333,0.05,5.955649123,14.88912281,0,6.372544561,90 DIAS,14.88912281,1.960784314
69867,05/02/2026 0:00,ASS,SANTILLANA S.A.,BROCHURE a4,PUBLICOMERCIAL,500,354.9998695,,145.825,163.1816667,0.05,6.505403509,16.26350877,0,6.960781754,POR COTIZAR,16.26350877,1.960784313
69868,06/02/2026 0:00,ASS,AGLOMERADOS COTOPAXI S.A,CAJA PASTA DURA - SUpERFICIES PREMIUM,CAJAS PASTA DURA,400,3940.001447,,1988.2765,283.9273333,0.4,75.74012778,0,0,77.25493033,60 DIAS CREDITO,1514.802556,1.960784314
69869,06/02/2026 0:00,BV,OMNILIFE DEL ECUADOR S.A.,PASAPORTE,PUBLICOMERCIAL,100,539.9982223,,168.54425,242.648,0.2,10.27980625,0,0,15.72810356,30 DIAS CREDITO,102.7980625,2.912621359
69870,06/02/2026 0:00,MC,TIPAN UMATAMBO SEGUNDO MARCO,LIBRO OVERCOME YOUR ENGLISH - INITIAL 3 YEARS,PUBLICOMERCIAL,2000,4520.002489,24244,2138.031,1798.072667,0.094,86.88970567,0,0,88.62749978,90 DIAS CREDITO,408.3816167,1.960784314
69871,06/02/2026 0:00,BV,HOLGUINCORP S.A.S,LIBRO BÁSICA Y BACHILLERATO 2026,EDITORIAL,1000,3695.032801,,1582.926,1857.276952,0.055,0,0,0,54.60639607,180 DIAS,200.2234522,1.477832512
69872,06/02/2026 0:00,BV,EDICIONES HOLGUIN S.A.,CREA Y APRENDE CON GUCHITO PRIMERO DE BÁSICA,EDITORIAL,1500,21749.99906,,9650.207533,10194.97106,0.06,316.6783819,0,0,321.4285576,60 DIAS CREDITO,1266.713527,1.477832513
69873,06/02/2026 0:00,BV,NATURES SUNSHINE PRODUCTS DEL ECUADOR S.A.,Tarjetón acai Y CLOROFILA 2 MODELOS,PUBLICOMERCIAL,1000,500.0038867,24247,232.21,196.12,0.1,9.518444444,0,0,14.56322,45 DIAS CREDITO,47.59222222,2.912621359
69874,19/02/2026 0:00,BV,RIJABAL S.A.,"LIBRO BASE BOND 75G, RETRACTILADO + DATA VARIABLE",EDITORIAL,1000,2655.43604,,1032.379,1301.675667,0.09,51.29790476,0,0,39.24289714,30 DIAS CREDITO,230.8405715,1.477832512
69875,09/02/2026 0:00,BV,JABONERIA WILSON S.A.,TRÍPTICO A4,PUBLICOMERCIAL,150,134.9990062,,47.93525,58.16660417,0.15,2.496514216,3.744771324,0,3.93200989,60 DIAS CREDITO,18.72385662,2.91262136
69876,20/02/2026 0:00,CTAG,DIDACTICA-EDITORIAL S.A.S.,LIBROS 2026,EDITORIAL,2500,4736.451223,,2359.3645,2330.191167,0,0,0,46.89555667,0,,0,0
69877,09/02/2026 0:00,ASS,RAMÓN TORRES,COMIC,PUBLICOMERCIAL,500,945.005724,,345.973,426.0905,0.15,18.1662,0,0,18.529524,CONTADO,136.2465,1.960784314
69878,09/02/2026 0:00,CTAG,F.V. - AREA ANDINA S.A.,CATÁLOGO,PUBLICOMERCIAL,100,4780.001703,,3120.855,692.487381,0.17,91.88776822,0,0,93.72552358,30 DIAS CREDITO,781.0460298,1.960784314
69879,09/02/2026 0:00,CTAG,F.V. - AREA ANDINA S.A.,BROCHURE - 150GR.,PUBLICOMERCIAL,1500,419.9998629,,172.5,170.6371429,0.15,8.073815126,0,0,8.235291429,30 DIAS CREDITO,60.55361345,1.960784314
69880,09/02/2026 0:00,CTAG,F.V. - AREA ANDINA S.A.,BROCHURE - 200GR.,PUBLICOMERCIAL,1500,435.9975429,,186.675,169.5321429,0.15,8.381344538,0,0,8.548971429,30 DIAS CREDITO,62.86008404,1.960784314
69881,10/02/2026 0:00,CTAG,DIDACTICA-EDITORIAL S.A.S.,LIBROS 2026,EDITORIAL,2000,2868.742762,,1420.369,1448.373762,0,0,0,0,0,,0,0
69882,10/02/2026 0:00,MC,TIPAN UMATAMBO SEGUNDO MARCO,LIBRO PEQUEÑOS MATEMÁTICOS FINANCIEROS 6,EDITORIAL,1500,2819.998736,24245,1208.5925,1270.108214,0.09,40.85770408,0,0,55.29409286,120 DIAS,245.1462245,1.960784314
69883,11/02/2026 0:00,BV,GUEVARA FANNY MARITZA,REVISTA BUEN VIAJE # 175,PUBLICOMERCIAL,1500,2205.002169,24246,939.1322,739.91,0.2,41.976055,0,0,64.22336415,60 DIAS,419.76055,2.912621359
69884,11/02/2026 0:00,CTAG,OMAR ESMAIL,TRÍPTICOS,PUBLICOMERCIAL,10000,1000.195543,,541.421,292.0752857,0.15,0,0,0,19.61167731,CONTADO,147.0875798,1.960784313
69885,12/02/2026 0:00,ASS,MUNACAI,CAJA PASTA DURA grupo,CAJAS PASTA DURA,3000,4344.764256,,1547.282,2002.362,0.15,83.52103529,0,0,85.191456,CONTADO,626.4077647,1.960784314
69886,20/02/2026 0:00,ASS,MUNACAI,CAJA PASTA DURA grupo con cinta,CAJAS PASTA DURA,3000,4785.404256,,1907.282,2002.362,0.15,91.99162353,0,0,93.831456,CONTADO,689.9371765,1.960784314
69887,20/02/2026 0:00,ASS,MUNACAI,CAJA PASTA DURA grupo - competencia,CAJAS PASTA DURA,3000,10703.33165,,5975.226,2769.326,0.15,205.7541647,0,0,209.869248,CONTADO,1543.156235,1.960784313
69888,12/02/2026 0:00,BV,TOYOTA DEL ECUADOR S.A.,Backing RAV 4 impresión tela + arreglo de estructura,PUBLICOMERCIAL,1,293.9991536,24248,244,-8.935,0.16,5.596785714,0,0,8.563082143,30 DIAS CREDITO,44.77428571,2.912621359
69889,13/02/2026 0:00,ASS,ISM,ANUARIO,EDITORIAL,90,2817.115164,,1356.0244,810.154119,0.2,54.15446298,0,0,55.23755224,,541.5446297,1.960784314
69890,13/02/2026 0:00,CTAG,GAD CAYAMBE,AGENDA CORPORATIVA,PUBLICOMERCIAL,250,1805.981082,,712.4184308,573.892881,0.15,30.26614851,0,231.5360361,30.87147148,,226.9961138,1.709401709
69891,13/02/2026 0:00,CTAG,GAD CAYAMBE,CARPETA,PUBLICOMERCIAL,2000,1318.61574,,567.7225,371.4625,0.15,22.09847059,0,169.0533,22.54044,POR COTIZAR,165.7385294,1.709401709
69892,13/02/2026 0:00,ASS,INTRIAGO FRAY OSCAR PASTOR,LIBRO ROBÓTICA - INICIAL,EDITORIAL,1000,1999.999337,24249,679.737,1173.740095,0.05,9.755142607,0,0,39.21567328,120 DIAS,97.55142605,1.960784314
69893,13/02/2026 0:00,ASS,INTRIAGO FRAY OSCAR PASTOR,LIBRO ROBÓTICA - 1 EGB,EDITORIAL,1000,1999.998258,24250,688.4015,1165.074595,0.05,9.755137343,0,0,39.21565212,120 DIAS,97.55137342,1.960784314
69894,13/02/2026 0:00,ASS,INTRIAGO FRAY OSCAR PASTOR,LIBROS ROBÓTICA - 2 EGB,EDITORIAL,1000,1999.996841,24251,676.5925,1088.110595,0.064,37.70733109,37.70733109,0,39.21562434,120 DIAS,120.6634595,1.960784314
69895,13/02/2026 0:00,ASS,INTRIAGO FRAY OSCAR PASTOR,LIBROS ROBÓTICA - 3 EGB,EDITORIAL,1000,2000.003604,24252,662.1525,1072.390595,0.08,37.70745859,37.70745859,0,39.21575694,120 DIAS,150.8298343,1.960784314
69896,13/02/2026 0:00,BV,GRUPO TRANSBEL S.A,Cartilla de TF en Caja de pedido,PUBLICOMERCIAL,65000,1049.99895,,523.485,309.8475,0.15,19.60782353,29.41173529,0,20.58821471,90 DIAS CREDITO,147.0586765,1.960784314
69897,13/02/2026 0:00,ASS,INTRIAGO FRAY OSCAR PASTOR,LIBROS ROBÓTICA - 7 EGB ALUMNO Y DOCENTE,EDITORIAL,1000,2000.000164,24253,692.5475,1189.805595,0.04,0,0,0,39.21568948,120 DIAS,78.43137896,1.960784313
69898,13/02/2026 0:00,ASS,INTRIAGO FRAY OSCAR PASTOR,LIBROS ROBÓTICA - 8 EGB ALUMNO Y DOCENTE,EDITORIAL,1000,2000.000164,24254,692.5475,1189.805595,0.04,0,0,0,39.21568948,120 DIAS,78.43137896,1.960784313
69899,13/02/2026 0:00,ASS,INTRIAGO FRAY OSCAR PASTOR,LIBROS ROBÓTICA - 9 EGB ALUMNO Y DOCENTE,EDITORIAL,1000,2000.000164,24255,692.5475,1189.805595,0.04,0,0,0,39.21568948,120 DIAS,78.43137896,1.960784313
69900,13/02/2026 0:00,ASS,INTRIAGO FRAY OSCAR PASTOR,LIBROS ROBÓTICA - 10 EGB ALUMNO Y DOCENTE,EDITORIAL,1000,2000.000164,24256,692.5475,1189.805595,0.04,0,0,0,39.21568948,120 DIAS,78.43137896,1.960784313
69901,13/02/2026 0:00,ASS,INTRIAGO FRAY OSCAR PASTOR,LIBROS ROBÓTICA - 1 BGU ALUMNO Y DOCENTE,EDITORIAL,1000,2000.000164,24257,692.5475,1189.805595,0.04,0,0,0,39.21568948,120 DIAS,78.43137896,1.960784313
69902,13/02/2026 0:00,ASS,INTRIAGO FRAY OSCAR PASTOR,LIBROS ROBÓTICA - 3 BGU ALUMNO Y DOCENTE,EDITORIAL,1000,2000.000164,24258,692.5475,1189.805595,0.04,0,0,0,39.21568948,120 DIAS,78.43137896,1.960784313
69903,18/02/2026 0:00,BV,PROAUDIO,AYUDAVENTAS OPCIÓN 1,PUBLICOMERCIAL,5000,1080.00144,,419.321,517.0349286,0.12,0,0,0,15.96061242,CONTADO,127.6848994,1.477832513
69904,18/02/2026 0:00,BV,PROAUDIO,AYUDAVENTAS OPCIÓN 2,PUBLICOMERCIAL,5000,1099.999247,,435.88,517.8139286,0.12,0,0,0,16.25614651,CONTADO,130.0491721,1.477832513
69905,18/02/2026 0:00,BV,ANDRANGO PINEIDA JOFFRE EFRAIN,LIBROS ROBOSTEAM Bgu 1 REIMPRESIÓN bond 70g,EDITORIAL,1000,2110.002543,,643.9995,1129.111881,0.13,40.76118117,0,0,31.1823036,120 DIAS,264.9476776,1.477832513
69906,18/02/2026 0:00,BV,ANDRANGO PINEIDA JOFFRE EFRAIN,LIBROS ROBOSTEAM Bgu 2 REIMPRESIÓN,EDITORIAL,1000,2239.99558,,668.612,1246.191524,0.115,43.27239602,0,0,33.10338295,120 DIAS,248.8162771,1.477832512
69907,18/02/2026 0:00,BV,ANDRANGO PINEIDA JOFFRE EFRAIN,LIBROS ROBOSTEAM BGU 3 reimpresión 70g,EDITORIAL,500,1649.995341,,420.108,970.4270476,0.1275,31.87472889,0,0,24.3841676,120 DIAS,203.2013966,1.477832512
69908,18/02/2026 0:00,CTAG,GESTIÓN PUBLICIDAD CESPU CIA. LTDA.,Guía técnica,PUBLICOMERCIAL,40,489.998412,,69.97,330.3555,0.15,9.419423529,0,0,9.607812,50% ANTICIPO - 50% CONTRA ENTREGA,70.64567647,1.960784314
69909,18/02/2026 0:00,CTAG,TRUSTMOTOR S.A.S.,RECETARIOS,PUBLICOMERCIAL,400,156.01104,,47.5675,79.8925,0.15,2.999058824,0,0,3.05904,CONTADO,22.49294118,1.960784314
69911,18/02/2026 0:00,ASS,WILMA GUACHAMIN,POSTER,PUBLICOMERCIAL,500,330.001008,,161.84,76.05,0.25,6.343733333,0,0,6.470608,CONTADO,79.29666667,1.960784314
69912,19/02/2026 0:00,MC,YUNNY RIVERA CUSME,LIBRO cALIGRAFITO 2 - 7,EDITORIAL,2000,3544.089321,,1570.6395,1397.948548,0.12,67.46791017,0,0,103.2259026,90 DIAS CREDITO,404.8074611,2.912621361
69913,19/02/2026 0:00,MC,FLORES RUIZ JULIO OSWALDO,FOLLETO,PUBLICOMERCIAL,500,450.0005846,,191.678,172.4001429,0.15,8.566544538,0,0,13.10681314,30 DIAS CREDITO,64.24908404,2.912621358
69914,19/02/2026 0:00,ASS,INTRIAGO FRAY OSCAR PASTOR,LIBROS ROBÓTICA - 2 BGU ALUMNO Y DOCENTE,EDITORIAL,1000,2000.000164,24260,692.5475,1189.805595,0.04,0,0,0,39.21568948,120 DIAS,78.43137896,1.960784313
69915,19/02/2026 0:00,BV,HOLGUINCORP S.A.S,REIMPRESIÓN LIBROS ESTUDIOS SOCIALES 9 EGB,EDITORIAL,1000,3150.00143,,961.9245,1970.835452,0.055,0,0,0,46.55174528,90 días,170.6897327,1.477832513
69916,19/02/2026 0:00,ASS,INTRIAGO FRAY OSCAR PASTOR,LIBROS ROBÓTICA - 5 EGB ALUMNO Y DOCENTE,EDITORIAL,1000,2000.000164,24261,692.5475,1189.805595,0.04,0,0,0,39.21568948,120 DIAS,78.43137896,1.960784313
69917,19/02/2026 0:00,ASS,INTRIAGO FRAY OSCAR PASTOR,LIBROS ROBÓTICA - 6 EGB ALUMNO Y DOCENTE,EDITORIAL,1000,2000.000164,24262,692.5475,1189.805595,0.04,0,0,0,39.21568948,120 DIAS,78.43137896,1.960784313
69918,19/02/2026 0:00,ASS,INTRIAGO FRAY OSCAR PASTOR,LIBROS ROBÓTICA - 4 EGB,EDITORIAL,1000,2000.003604,24263,662.1525,1072.390595,0.08,37.70745859,37.70745859,0,39.21575694,120 DIAS,150.8298343,1.960784314
69919,19/02/2026 0:00,CTAG,CHAIDE Y CHAIDE S.A,REIMPRESION COD.512 ETIQUETA CHN LATEX,EMPAQUE,1000,1499.995638,24264,274.12,131.5583333,0.72,28.97702381,0,0,22.16742321,60 DIAS CREDITO,1043.172857,1.477832512
69920,19/02/2026 0:00,CTAG,ECUAEMPAQUES,IMPRESIÓN PLIEGOS ECUAEMPAQUES,PUBLICOMERCIAL,10000,850.0008886,24232,269.22,449.735,0.12,16.33988636,0,0,16.66668409,CRUCE CON FACTURAS PENDIENTES DE PAGO,98.03931818,1.960784314
69921,19/02/2026 0:00,ASS,SANTILLANA S.A.,sobre para libros,EMPAQUE,60000,20348.50913,,14257.28,1702.335,0.2,0,0,0,398.990375,120 DIAS,3989.90375,1.960784313
69922,20/02/2026 0:00,MC,GABRIELA GOMEZ,LIBRO GRAPADO,PUBLICOMERCIAL,100,418.4300987,,130.9965,207.5391786,0.15,7.965545378,0,0,12.18728443,CONTADO,59.74159034,2.91262136
69923,20/02/2026 0:00,MC,MIRIAN SUSANA CARRERA,reimpresion GUIA DE USUARIO ALARMA,PUBLICOMERCIAL,2400,683.9995361,24265,204.163,329.703,0.18,13.02112195,0,0,19.92231659,30 DIAS,117.1900976,2.91262136
69924,20/02/2026 0:00,CTAG,HENRY RUALES,LIBRO A5,EDITORIAL,100,999.0025296,,265.86,569.5227381,0.13,19.20420088,0,0,19.58828489,50% ANTICIPO - 50% CONTR ENTREGA,124.8273057,1.960784313
69925,20/02/2026 0:00,BV,PROAUDIO,AYUDAVENTAS OPCIÓN 1 24 pag interiores,PUBLICOMERCIAL,5000,1400.002526,,505.7015,600.3351429,0.17,26.65148537,0,0,40.77677262,CONTADO,226.5376257,2.912621361
69926,20/02/2026 0:00,ASS,BFS ECUADOR S.A,shopping bag,EMPAQUE,500,678.0270286,,298.4533333,248.9733333,0.16,13.03396825,0,0,13.29464762,30 DIAS,104.271746,1.960784314
69927,20/02/2026 0:00,BV,RIJABAL S.A.,DIARIOS ESCOLARES interiores 2x2,EDITORIAL,3000,5499.997069,,2407.3855,2373.834786,0.1,106.2493397,0,0,81.28074486,POR COTIZAR,531.2466984,1.477832512
69928,20/02/2026 0:00,BV,RIJABAL S.A.,DIARIOS ESCOLARES interiores 4x4 páginas diferentes,EDITORIAL,3000,5999.000165,,2676.2255,2538.784786,0.1,115.8891175,0,0,88.65517486,POR COTIZAR,579.4455873,1.477832512
69929,20/02/2026 0:00,ASS,EMPRESA OPERADORA METRO DE MEDELLIN TRANSDEV EOMMT S.A.S.,CARTILLAS,PUBLICOMERCIAL,300,1064.996357,24277,358.93525,459.97775,0.2,20.472825,0,0,20.8822815,60 DIAS,204.72825,1.960784313
69930,20/02/2026 0:00,ASS,EMPRESA OPERADORA METRO DE MEDELLIN TRANSDEV EOMMT S.A.S.,MAPA,PUBLICOMERCIAL,300,239.9964994,24278,93.573,90.96871429,0.2,4.613542857,0,0,4.705813714,,46.13542857,1.960784314
69931,20/02/2026 0:00,ASS,EMPRESA OPERADORA METRO DE MEDELLIN TRANSDEV EOMMT S.A.S.,sticker holograficos,PUBLICOMERCIAL,300,389.9985494,24279,293.04,3.095,0.21,7.497088608,0,0,7.64703038,,78.71943038,1.960784314
69932,20/02/2026 0:00,ASS,BFS ECUADOR S.A,shopping bag,EMPAQUE,500,654.0648,,281.12,246.96,0.16,12.57333333,0,0,12.8248,30 DIAS,100.5866667,1.960784314
69933,20/02/2026 0:00,BV,RIJABAL S.A.,LIBRO CONTABILIDAD 1,EDITORIAL,1000,2700.002692,24266,1029.8225,1317.325595,0.1,52.15884656,0,0,39.90151762,30 DIAS CREDITO,260.7942328,1.477832512
69934,20/02/2026 0:00,BV,RIJABAL S.A.,LIBRO CONTABILIDAD 2,EDITORIAL,1000,2670.000423,24267,1009.592,1285.685095,0.11,51.57926057,0,0,39.45813433,30 DIAS CREDITO,283.6859331,1.477832512
69935,20/02/2026 0:00,BV,RIJABAL S.A.,LIBRO CONTABILIDAD 3,EDITORIAL,1000,3219.715733,24268,1254.791,1544.150524,0.1,62.19870053,0,0,47.5820059,30 DIAS CREDITO,310.9935027,1.477832512
69936,23/02/2026 0:00,BV,RIJABAL S.A.,DIARIOS ESCOLARES interiores 4x4,EDITORIAL,3000,5504.523709,24276,2147.4537,2306.044446,0.15,104.7881917,0,0,160.3259333,POR COTIZAR,785.9114375,2.91262136
69937,23/02/2026 0:00,BV,NATURES SUNSHINE PRODUCTS DEL ECUADOR S.A.,TARJETAS TRASCIENDE CASA DEL SUIZO 2026,PUBLICOMERCIAL,45,20.5786275,24269,15.575,0.095,0.2,0.39175,0,0,0.5993775,45 DIAS CREDITO,3.9175,2.912621359
69938,24/02/2026 0:00,CTAG,F.V. - AREA ANDINA S.A.,BROCHURE - Majestic Marble White de 120 gr.,PUBLICOMERCIAL,1500,1199.998865,,719.875,191.3121429,0.21,23.06802893,0,0,23.52938951,30 DIAS CREDITO,242.2143038,1.960784314
69939,24/02/2026 0:00,CTAG,F.V. - AREA ANDINA S.A.,CUADERNO PASTA DURA,PUBLICOMERCIAL,100,965.0027229,,452.93975,289.0846429,0.2,18.55060982,0,0,18.92162202,30 DIAS CREDITO,185.5060982,1.960784314
69940,24/02/2026 0:00,CTAG,F.V. - AREA ANDINA S.A.,POSTALES 8 MODELOS,PUBLICOMERCIAL,800,998.9985825,,595.8775,172.2875,0.2,19.204125,0,0,19.5882075,POR COTIZAR,192.04125,1.960784314
69941,24/02/2026 0:00,MC,SPRINT EDITORES,LIBROS DIGITALES,EDITORIAL,20,827.6865056,,159.6675,523.3747619,0.15,0,0,0,24.10737395,CONTADO,120.5368697,2.912621359
69942,24/02/2026 0:00,CP,TELEVISION Y VENTAS TELEVENT SA,reimpresión DIPTICO INSTRUCTIVO BAJE DE PESO,PUBLICOMERCIAL,10000,295.0019341,24270,110.1815,153.0065,0.09,0,0,0,5.784351648,,26.02958242,1.960784313
69943,24/02/2026 0:00,BV,SEDEMI SERVICIOS DE MECANICA,CATÁLOGO,PUBLICOMERCIAL,300,1785.000697,,788.47775,655.6975714,0.15,33.9805958,0,0,51.99031157,45 DIAS CREDITO,254.8544685,2.91262136
69944,24/02/2026 0:00,MC,EDITORIAL DEL MAR A LA LUNA,LIBRO INFANTIL,EDITORIAL,250,1477.597047,,686.2452,509.2216667,0.15,28.12863216,0,0,43.0368072,CONTADO,210.9647412,2.91262136
69945,24/02/2026 0:00,BV,ANDRANGO PINEIDA JOFFRE EFRAIN,"LIBROS 8VO, 9NO Y 10MO",EDITORIAL,2000,4299.998826,,1646.8435,1643.60469,0.2,0,123.3918071,0,63.54678068,PAgos abril y Mayo,822.6120475,1.477832512
69946,24/02/2026 0:00,BV,ANDRANGO PINEIDA JOFFRE EFRAIN,LIBROS ROBOSTEAM BGU 1,EDITORIAL,1000,2399.997213,,932.371,1084.433381,0.13,46.3633191,0,0,35.46793911,120 DIAS,301.3615742,1.477832512
69947,24/02/2026 0:00,BV,ANDRANGO PINEIDA JOFFRE EFRAIN,LIBROS ROBOSTEAM BGU 2,EDITORIAL,1000,2609.995493,,1005.9945,1187.279024,0.13,50.42008101,0,0,38.57136197,120 DIAS,327.7305266,1.477832512
69948,24/02/2026 0:00,BV,ANDRANGO PINEIDA JOFFRE EFRAIN,LIBROS ROBOSTEAM BGU 3,EDITORIAL,500,1979.999269,,722.8905,921.8495476,0.14,38.24976855,0,0,29.26107294,120 DIAS,267.7483798,1.477832512
69949,24/02/2026 0:00,ASS,Damaris Castro,libro,EDITORIAL,50,2650.001907,,541.8625,1623.171738,0.15,50.94198207,0,0,51.96082171,CONTADO,382.0648655,1.960784314
69950,24/02/2026 0:00,CTAG,MANOSALVAS MARTINEZ JANETH,tríptico IT AHORA EDICIÓN 116-117,PUBLICOMERCIAL,850,450.4343182,24271,136.3,252.31,0.12,0,0,0,8.832045455,50% ANTICIPO - 50% CONTRA ENTREGA,52.99227273,1.960784314
69951,24/02/2026 0:00,BV,RIJABAL S.A.,LIBRO FISICA 2,EDITORIAL,1400,4270.007924,24273,1844.824,2017.691619,0.0635,82.48832075,0,0,63.10356537,30 DIAS CREDITO,261.9004184,1.477832512
69952,24/02/2026 0:00,CTAG,ALISERVIS S.A.,REIMPRESION VOLANTES PROMO MARZO 2026 $10.49 PIZZA FAMILIA 1 INGREDIENTE - 5 MOTIVOS,PUBLICOMERCIAL,513675,5393.591272,24272,1982.730988,1863.909463,0.258,103.683031,0,0,105.7566916,30 DIAS CREDITO,1337.5111,1.960784314
69953,25/02/2026 0:00,MC,YUNNY RIVERA CUSME,LIBRO I KNOW PLUS 2 - 7 alumno y docente,EDITORIAL,2500,4250.004573,,1893.3635,1666.510881,0.12,80.90623593,0,0,123.786541,90 DIAS CREDITO,485.4374156,2.91262136
69954,25/02/2026 0:00,BV,THATBOOK S.A.S. B.I.C.,textos - 75gr alumno y docente,EDITORIAL,1650,3684.919686,,1544.4095,1627.8395,0.1,0,105.7416333,0,54.45694117,90 DIAS CREDITO,352.4721111,1.477832512
69955,25/02/2026 0:00,BV,HOLGUINCORP S.A.S,BROCHURE COLECTUM,PUBLICOMERCIAL,1000,672.0009062,,310.5978333,201.1104524,0.2,12.79270714,0,0,19.57284193,60 DIAS,127.9270714,2.912621359
69956,25/02/2026 0:00,CTAG,GESTIÓN PUBLICIDAD CESPU CIA. LTDA.,BLOCK DE NOTAS,PUBLICOMERCIAL,200,570.00167,,258.74,236.77,0.1,11.01133333,0,0,8.42367,50% ANTICIPO - 50% CONTRA ENTREGA,55.05666667,1.477832512
69957,25/02/2026 0:00,CTAG,GESTIÓN PUBLICIDAD CESPU CIA. LTDA.,AFICHE,PUBLICOMERCIAL,50,321.9953968,,134.5552,106.8485,0.22,6.189838462,0,0,6.313635231,50% ANTICIPO - 50% CONTRA ENTREGA,68.08822308,1.960784314
69958,25/02/2026 0:00,CTAG,GESTIÓN PUBLICIDAD CESPU CIA. LTDA.,AFICHE,PUBLICOMERCIAL,450,317.9952,,146.4175,87.4025,0.235,6.112941176,0,0,6.2352,POR COTIZAR,71.82705882,1.960784314
69959,25/02/2026 0:00,CTAG,GESTIÓN PUBLICIDAD CESPU CIA. LTDA.,TRÍPTICO,PUBLICOMERCIAL,1000,299.9974133,,117.1,142.4133333,0.1,5.766962963,0,0,5.882302222,POR COTIZAR,28.83481481,1.960784314
69960,25/02/2026 0:00,CTAG,GESTIÓN PUBLICIDAD CESPU CIA. LTDA.,sticker,PUBLICOMERCIAL,300,173.999097,,104.73125,45.787,0.1,3.34485,0,0,3.411747,POR COTIZAR,16.72425,1.960784314
69961,25/02/2026 0:00,CTAG,GESTIÓN PUBLICIDAD CESPU CIA. LTDA.,CARPETA,PUBLICOMERCIAL,100,625.00007,,400.69,139.9675,0.1,12.01461111,0,0,12.25490333,50% ANTICIPO - 50% CONTRA ENTREGA,60.07305556,1.960784313
69962,25/02/2026 0:00,CTAG,GESTIÓN PUBLICIDAD CESPU CIA. LTDA.,CUADERNO,PUBLICOMERCIAL,100,951.5976288,,308.2078143,454.2902857,0.15,17.94113177,0,0,36.5999088,50% ANTICIPO - 50% CONTRA ENTREGA,134.5584882,3.846153846
69963,26/02/2026 0:00,ASS,EMPRESA OPERADORA METRO DE MEDELLIN TRANSDEV EOMMT S.A.S.,"CERTIFICADOS A4	",PUBLICOMERCIAL,3,7.501284,24274,15.2865,-9.5185,0.2,0.1442,0,0,0.147084,,1.442,1.960784314
69964,26/02/2026 0:00,ASS,EMPRESA OPERADORA METRO DE MEDELLIN TRANSDEV EOMMT S.A.S.,"CERTIFICADOS 50x30	",PUBLICOMERCIAL,3,16.4968425,24275,15.36,-2.675,0.2,0.317125,0,0,0.3234675,,3.17125,1.960784314
69965,26/02/2026 0:00,MC,YUNNY RIVERA CUSME,LIBRO FORMACIÓN Y ORIENTACIÓN LABORAL,PUBLICOMERCIAL,1500,3194.997219,,1441.2115,1350.533643,0.1,0,0,0,93.05817143,90 DIAS,310.1939048,2.912621359
69966,26/02/2026 0:00,ASS,YANBAL ECUADOR S.A,CARTILLA INICIO GANADOR,PUBLICOMERCIAL,42500,959.037393,,455.7474889,300.1258889,0.18,18.43593604,0,0,18.80465476,,165.9234244,1.960784313
69967,26/02/2026 0:00,ASS,YANBAL ECUADOR S.A,Solapa grande para caja de 3L. Tira,PUBLICOMERCIAL,47500,2604.851881,,1320.1595,307.247,0.35,50.07404615,0,0,51.07552708,,876.2958077,1.960784314
69968,26/02/2026 0:00,ASS,OTECEL S.A.,cuadernos - ÍTEM TARIFARIO - PUBLI61,PUBLICOMERCIAL,1401,3883.391351,,1677.431247,1104.787293,0.24,73.21627735,73.21627735,0,76.14492845,60 DIAS CREDITO,878.5953284,1.960784314
69969,26/02/2026 0:00,CTAG,GESTIÓN PUBLICIDAD CESPU CIA. LTDA.,AGENDA CUADERNO CORPORATIVA,PUBLICOMERCIAL,150,1254.002955,,564.3295687,450.2359286,0.15,23.87212935,0,0,36.5243579,50% ANTICIPO - 50% CONTRA ENTREGA,179.0409701,2.912621358
69970,26/02/2026 0:00,CTAG,GESTIÓN PUBLICIDAD CESPU CIA. LTDA.,CARPETA,PUBLICOMERCIAL,150,405.0046,,204.1975,146.1525,0.1,7.785555556,0,0,7.941266667,50% ANTICIPO - 50% CONTRA ENTREGA,38.92777778,1.960784314
69971,26/02/2026 0:00,CTAG,GESTIÓN PUBLICIDAD CESPU CIA. LTDA.,impresion pliegos,PUBLICOMERCIAL,50,168.5228235,,71.1025,66.6325,0.15,0,0,0,6.481647059,50% ANTICIPO - 50% CONTRA ENTREGA,24.30617647,3.846153847
69972,27/02/2026 0:00,MC,TIPAN UMATAMBO SEGUNDO MARCO,LIBRO OVERCOME YOUR ENGLISH - INITIAL 4 YEARS,PUBLICOMERCIAL,2000,4520.002489,24280,2138.031,1798.072667,0.094,86.88970567,0,0,88.62749978,90 DIAS CREDITO,408.3816167,1.960784314
69973,27/02/2026 0:00,CTAG,FONAG QUITO,PERIÓDICOS,EDITORIAL,500,787.2655886,,282.1,278.6304762,0.15,13.19365826,0,100.9314857,13.45753143,,98.95243698,1.70940171
69974,27/02/2026 0:00,MC,AGILA VARGAS NANCY MARLENE,REVISTA MODUS VIVENDI,PUBLICOMERCIAL,80,870.0027447,,96.072,632.6567411,0.12,16.56201684,0,0,25.33988577,CONTADO,99.37210106,2.912621359
69975,27/02/2026 0:00,BV,AUQUILLA FREIRE DIEGO SEBASTIAN,CUADERNOS UNIVERSITARIOS - 326PG,PUBLICOMERCIAL,9000,28710.00328,,14804.28818,9776.568429,0.1005,546.5448939,0,0,836.2136877,CONTADO,2746.388093,2.912621359
69977,27/02/2026 0:00,BV,AUQUILLA FREIRE DIEGO SEBASTIAN,CUADERNOS UNIVERSITARIOS - 416PG,PUBLICOMERCIAL,9000,33300.00182,,17152.83198,11326.18157,0.1015,633.9235069,0,0,969.9029655,CONTADO,3217.161798,2.912621359
69979,27/02/2026 0:00,ASS,EMPRESA OPERADORA METRO DE MEDELLIN TRANSDEV EOMMT S.A.S.,CARTILLAS,PUBLICOMERCIAL,50,724.9961756,,129.711125,288.3950893,0.4,13.93687381,0,0,14.21561129,60 DIAS,278.7374762,1.960784314
70108,19/05/2026 0:00,MC,RECREAR REDIEDITORES CIA. LTDA.,LIBROS INGLES,EDITORIAL,2000,3238.49192,,1359.5115,1422.386321,0.08,0,0,0,63.49984158,,241.9041583,1.960784314
70224,05/05/2026 0:00,BV,GRUPO TRANSBEL S.A,FLYER CAT 2 - (PDN + PROSPECCION) - A5,PUBLICOMERCIAL,15000,285.2540026,,148.166,119.1735,0.03,0,0,5.512154639,4.134115979,90 DIAS CREDITO,8.268231959,1.449275362
70239,05/05/2026 0:00,BV,GRUPO TRANSBEL S.A,DIPLOMAS CAT 9 (PDN) - A5,PUBLICOMERCIAL,200,217.7636799,,98.2517,105.836,0.03,0,0,4.207993814,3.155995361,90 DIAS CREDITO,6.311990722,1.449275362
70241,05/05/2026 0:00,BV,GRUPO TRANSBEL S.A,TARJETAS,PUBLICOMERCIAL,5000,197.0720737,,89.03206667,95.6635,0.03,0,0,3.808156014,2.85611701,90 DIAS CREDITO,5.712234021,1.449275362
70243,05/05/2026 0:00,CTAG,UNIVERSIDAD CENTRAL DE ECUADOR,REVISTAS,PUBLICOMERCIAL,300,2814.965921,,1015.772,871.2505714,0.2,47.17556429,0,360.8930668,48.11907557,,471.7556428,1.709401709
70376,05/05/2026 0:00,ASS,NANDO MONGE RODRIGUEZ,TAPA Y BASE MEDIANA,EMPAQUE,200,325.1740212,,73.32516667,179.6891667,0.15,6.250942353,0,0,6.3759612,CONTADO,44.64958824,1.960784314
70377,05/05/2026 0:00,ASS,NANDO MONGE RODRIGUEZ,CAJA PARA VELA,EMPAQUE,300,1196.418384,,404.785,526.135,0.15,22.9992,0,0,23.459184,CONTADO,164.28,1.960784314
70404,04/05/2026 0:00,CTAG,PLUGIN,SOBRE TIPO MANILA,PUBLICOMERCIAL,1000,509.999592,,202.274,214.3923333,0.15,9.803913725,0,0,9.999992,CONTADO,73.52935294,1.960784314
70405,04/05/2026 0:00,MC,TRAMA DISENO,CUADERNO CONSTRUCTIVA,PUBLICOMERCIAL,300,1991.319061,,986.027,841.2241429,0.05,38.46844511,0,0,29.42836051,45 DIAS CREDITO,96.17111278,1.477832512
70406,05/05/2026 0:00,MC,TRAMA DISENO,CUADERNO CONSTRUCTIVA,PUBLICOMERCIAL,300,1991.322369,24487,922.42,838.4571429,0.08,38.27993789,0,0,39.04553665,45 DIAS CREDITO,153.1197516,1.960784314
70407,05/05/2026 0:00,ASS,AGLOMERADOS COTOPAXI S.A,flyer y adhesivos para tablilla,PUBLICOMERCIAL,1525,699.9987129,24488,168.5828958,396.5833083,0.16,13.45633819,0,0,13.72546496,60 DIAS,107.6507055,1.960784314
70408,05/05/2026 0:00,ASS,INTRIAGO FRAY OSCAR PASTOR,REIMPRESIÓN libros EXPRESS ARTE 1,EDITORIAL,600,1409.998714,24496,515.1965,894.8022143,0,0,0,0,0,CONTADO,0,0
70409,05/05/2026 0:00,ASS,INTRIAGO FRAY OSCAR PASTOR,REIMPRESIÓN libros EXPRESS ARTE 2,EDITORIAL,600,1470.001429,24497,524.84,945.1614286,0,0,0,0,0,CONTADO,0,0
70410,05/05/2026 0:00,ASS,INTRIAGO FRAY OSCAR PASTOR,REIMPRESIÓN libros EXPRESS ARTE 3,EDITORIAL,600,1349.995,24498,503.8825,846.1125,0,0,0,0,0,120 DIAS,0,0
70411,05/05/2026 0:00,ASS,INTRIAGO FRAY OSCAR PASTOR,REIMPRESIÓN libros EXPRESS ARTE 4,EDITORIAL,600,1230.000857,24499,472.9515,757.0493571,0,0,0,0,0,120 DIAS,0,0
70412,07/05/2026 0:00,ASS,INTRIAGO FRAY OSCAR PASTOR,REIMPRESIÓN libros EXPRESS ARTE 5,EDITORIAL,600,1349.995,24500,503.8825,846.1125,0,0,0,0,0,120 DÍAS,0,0
70413,05/05/2026 0:00,ASS,INTRIAGO FRAY OSCAR PASTOR,REIMPRESIÓN libros EXPRESS ARTE 6,EDITORIAL,600,1350.004429,24501,528.7465,821.2579286,0,0,0,0,0,120 DIAS,0,0
70414,05/05/2026 0:00,ASS,YANBAL ECUADOR S.A,FOLLETO ELIGE CRECER,PUBLICOMERCIAL,100000,7895.003817,,3762.359033,2460.154548,0.18,151.7686239,0,0,154.8039964,60 DIAS,1365.917615,1.960784314
70415,05/05/2026 0:00,ASS,INTRIAGO FRAY OSCAR PASTOR,REIMPRESIÓN LIBROS EXPRESS ARTE 7,EDITORIAL,600,1350.004429,24502,528.7465,821.2579286,0,0,0,0,0,120 DIAS,0,0
70416,05/05/2026 0:00,CTAG,MANOSALVAS MARTINEZ JANETH,REVISTA 12 pg,PUBLICOMERCIAL,850,594.9994229,24489,229.4817,273.7857857,0.12,11.4378974,0,0,11.66665535,15 días,68.62738441,1.960784314
70418,06/05/2026 0:00,ASS,HECTOR ESTALIN ARTIEDA TAIPE,LIBRO ECA PIKASO 9,EDITORIAL,3000,4800.000674,24490,2084.0855,1883.619786,0.14,92.27221595,0,0,94.11766027,90 DIAS CREDITO,645.9055117,1.960784314
70419,06/05/2026 0:00,BV,OMNILIFE DEL ECUADOR S.A.,TRÍPTICO OMNILIFE,PUBLICOMERCIAL,1000,392.1755606,24508,187.3335,129.9606429,0.15,7.465744538,0,0,11.42258914,30 DIAS CREDITO,55.99308404,2.912621358
70421,06/05/2026 0:00,CTAG,GRÁFICAS LEÓN,cuaderno pasta dura,PUBLICOMERCIAL,800,2599.99964,,1128.837998,995.3447143,0.15,49.9807697,0,0,50.98038509,"50% ANTICIPO, SALDO CONTRA ENTREGA",374.8557728,1.960784313
70422,06/05/2026 0:00,MC,TERAN ANDRADE FREDDY DAVID,LIBROs QUIMICA 2 BGU Y 3 BGU - opción 1,PUBLICOMERCIAL,1000,3960.00096,,1636.6725,1865.058452,0.08,76.12458592,0,0,77.64707764,60 DIAS,304.4983437,1.960784314
70423,06/05/2026 0:00,MC,TERAN ANDRADE FREDDY DAVID,LIBROs QUIMICA 2 BGU Y 3 BGU - opcion 2,PUBLICOMERCIAL,1000,3880.003247,,1569.6725,1861.318452,0.08,74.58675983,0,0,76.07849503,60 DIAS,298.3470393,1.960784313
70424,06/05/2026 0:00,ASS,EMPRESA OPERADORA METRO DE MEDELLIN TRANSDEV EOMMT S.A.S.,PORTA TARJETAS,PUBLICOMERCIAL,10,30.00342575,24492,20.2685,0.7835,0.27,0.576767123,0,0,0.588302466,60 DIAS,7.786356164,1.960784315
70425,06/05/2026 0:00,MC,TIPAN UMATAMBO SEGUNDO MARCO,CUADERNOS DE APOYO MINI MAR Y SOL,EDITORIAL,2000,5760.000531,24517,2631.5145,2620.25069,0.07,0,0,0,112.9411869,120 DIAS,395.2941541,1.960784314
70426,06/05/2026 0:00,ASS,HECTOR ESTALIN ARTIEDA TAIPE,LIBRO ECA PIKASO 8,EDITORIAL,3000,4800.00133,24493,2259.658,1892.592286,0.1,92.27222857,0,0,94.11767314,90 DIAS CREDITO,461.3611429,1.960784314
70427,06/05/2026 0:00,ASS,HECTOR ESTALIN ARTIEDA TAIPE,LIBRO ECA PIKASO 1 bgu,EDITORIAL,3000,4800.00133,24494,2259.658,1892.592286,0.1,92.27222857,0,0,94.11767314,90 DIAS CREDITO,461.3611429,1.960784314
70428,07/05/2026 0:00,CTAG,ASOCIACION DE CUENTAS EN PARTICIPACION NEWPATHLAB,TARJETAS DE PRESENTACIÓN,PUBLICOMERCIAL,500,238.0015324,24495,64.83675,95.295,0.3,4.575192857,0,0,4.666696714,"50% ANTICIPO, SALDO CONTRA ENTREGA",68.62789286,1.960784314
70429,07/05/2026 0:00,ASS,OTECEL S.A.,BANDEROLAS TUENTI,PUBLICOMERCIAL,5000,2609.999235,24503,1035.040167,896.6201667,0.23,50.17299567,0,0,51.17645558,60 DIAS CREDITO,576.9894503,1.960784313
70430,07/05/2026 0:00,ASS,OTECEL S.A.,CENEFA TUENTI,PUBLICOMERCIAL,2000,1313.997726,24504,579.1498333,393.3398333,0.23,25.25947186,0,0,25.7646613,60 DIAS CREDITO,290.4839264,1.960784314
70432,08/05/2026 0:00,CTAG,FUNDACION ORGANIZACION DE DESARROLLO Y COOPERACION EDUCATIVA ODEC,LIBROS EDUCATIVOS TRIPTICOS,PUBLICOMERCIAL,40000,1199.996845,24505,694.251,303.4395714,0.135,23.06799009,0,0,23.52934989,50% ANTICIPO - 50% CONTRA ENTREGA,155.7089331,1.960784313
70433,08/05/2026 0:00,ASS,EMPRESA OPERADORA METRO DE MEDELLIN TRANSDEV EOMMT S.A.S.,TARJETAS DE SEGUIMIENTO,PUBLICOMERCIAL,10000,400.0022164,24521,137.01375,132.115,0.3,7.689392857,0,0,7.843180714,60 DIAS,115.3408929,1.960784314
70434,08/05/2026 0:00,ASS,OTECEL S.A.,AFICHES MOVISTAR Y TUENTI,PUBLICOMERCIAL,15000,4049.998352,,2045.4052,1023.938,0.2,76.73358,76.73358,0,59.8521924,,767.3358,1.477832512
70435,11/05/2026 0:00,BV,UMCO S.A.,reimpresión SEPARADOR papel earth 27x27,PUBLICOMERCIAL,50000,1050.003177,24506,540.2436333,309.2735,0.15,19.98863843,0,0,30.5826168,45 DIAS CREDITO,149.9147882,2.912621359
70436,11/05/2026 0:00,BV,UMCO S.A.,reimpresimón SEPARADOR 64x45,PUBLICOMERCIAL,7000,613.9006,24507,273.24,217.6,0.16,11.68666667,0,0,17.8806,45 DIAS,93.49333333,2.912621359
70437,11/05/2026 0:00,BV,LANSEY S.A.,LIBRETAS,PUBLICOMERCIAL,1000,749.10561,24518,241.6425,364.43,0.15,14.26052941,0,0,21.81861,30 DIAS CREDITO,106.9539706,2.912621359
70439,11/05/2026 0:00,CTAG,IESS,AFICHES,PUBLICOMERCIAL,4250,282.13731,,82.2575,118.695,0.15,4.728294118,0,36.17145,4.82286,POR COTIZAR,35.46220588,1.709401709
70440,11/05/2026 0:00,CTAG,IESS,TRIPTICOS,PUBLICOMERCIAL,18000,942.2133686,,412.545,258.5471429,0.15,15.79040336,0,120.7965857,16.10621143,POR COTIZAR,118.4280252,1.70940171
70441,11/05/2026 0:00,CTAG,IESS,VOLANTES,PUBLICOMERCIAL,18000,548.97804,,243.5375,147.4725,0.15,9.200235294,0,70.3818,9.38424,POR COTIZAR,69.00176471,1.709401709
70442,11/05/2026 0:00,CTAG,IESS,RECETARIO,PUBLICOMERCIAL,670,686.0370716,,211.95625,276.6741429,0.15,11.49718571,0,87.95347071,11.72712943,POR COTIZAR,86.22889286,1.70940171
70443,11/05/2026 0:00,CTAG,IESS,MANUAL DE CULTIVO,PUBLICOMERCIAL,670,686.0370716,,211.95625,276.6741429,0.15,11.49718571,0,87.95347071,11.72712943,POR COTIZAR,86.22889286,1.70940171
70444,11/05/2026 0:00,CTAG,IESS,CATALOGO,PUBLICOMERCIAL,670,699.8903396,,221.37475,277.1226429,0.15,11.72935042,0,89.72953071,11.96393743,POR COTIZAR,87.97012816,1.70940171
70445,11/05/2026 0:00,CTAG,IESS,VOLANTES,PUBLICOMERCIAL,500,702.244296,,294.602,205.572,0.15,11.7688,0,90.03132,12.004176,POR COTIZAR,88.266,1.709401709
70446,11/05/2026 0:00,MC,YUNNY RIVERA CUSME,REIMPRESIÓN LIBRO CALIGRAFITOS PLUS 2 EGB,EDITORIAL,2000,3300.000193,24509,1360.21,1466.74619,0.1,62.82124868,0,0,96.11651048,90 DIAS,314.1062433,2.912621359
70447,12/05/2026 0:00,BV,LANSEY S.A.,LIBRETAS 45 ANILLADAS,PUBLICOMERCIAL,1000,909.00075,,365.1425,370.295,0.15,17.30441176,0,0,26.47575,30 DIAS CREDITO,129.7830882,2.912621359
70449,12/05/2026 0:00,MC,TIPAN UMATAMBO SEGUNDO MARCO,libros ingles OVERCOME YOUR ENGLISH 1,EDITORIAL,2000,3042.998397,24510,1397.164,1264.435905,0.09,58.4967012,0,0,59.66663523,120 DIAS,263.2351554,1.960784314
70450,12/05/2026 0:00,MC,TIPAN UMATAMBO SEGUNDO MARCO,libros ingles OVERCOME YOUR ENGLISH 2,EDITORIAL,2000,3400.000804,24511,1518.594,1394.028048,0.1,64.72493439,0,0,99.02914962,SEPTIEMBRE - OCTUBRE - NOVIEMBRE 2026,323.624672,2.912621359
70451,12/05/2026 0:00,MC,TIPAN UMATAMBO SEGUNDO MARCO,libros ingles OVERCOME YOUR ENGLISH 3,EDITORIAL,2000,3400.000804,24512,1518.594,1394.028048,0.1,64.72493439,0,0,99.02914962,SEPTIEMBRE - OCTUBRE - NOVIEMBRE 2026,323.624672,2.912621359
70452,12/05/2026 0:00,MC,TIPAN UMATAMBO SEGUNDO MARCO,libros ingles OVERCOME YOUR ENGLISH 4,EDITORIAL,2000,3400.000804,24513,1518.594,1394.028048,0.1,64.72493439,0,0,99.02914962,SEPTIEMBRE - OCTUBRE - NOVIEMBRE 2026,323.624672,2.912621359
70453,12/05/2026 0:00,MC,TIPAN UMATAMBO SEGUNDO MARCO,libros ingles OVERCOME YOUR ENGLISH 5,EDITORIAL,2000,3400.000804,24514,1518.594,1394.028048,0.1,64.72493439,0,0,99.02914962,SEPTIEMBRE - OCTUBRE - NOVIEMBRE 2026,323.624672,2.912621359
70454,12/05/2026 0:00,MC,TIPAN UMATAMBO SEGUNDO MARCO,libros ingles OVERCOME YOUR ENGLISH 6,EDITORIAL,2000,3400.000804,24515,1518.594,1394.028048,0.1,64.72493439,0,0,99.02914962,SEPTIEMBRE - OCTUBRE - NOVIEMBRE 2026,323.624672,2.912621359
70455,12/05/2026 0:00,MC,TIPAN UMATAMBO SEGUNDO MARCO,libros ingles OVERCOME YOUR ENGLISH 7,EDITORIAL,2000,3400.000804,24516,1518.594,1394.028048,0.1,64.72493439,0,0,99.02914962,SEPTIEMBRE - OCTUBRE - NOVIEMBRE 2026,323.624672,2.912621359
70456,12/05/2026 0:00,MC,TIPAN UMATAMBO SEGUNDO MARCO,CUADERNOS DE APOYO MINI MAR Y SOL,EDITORIAL,1500,4530.003854,,2056.2545,2204.640214,0.05,0,0,0,44.85152331,120 DIAS,224.2576165,0.99009901
70457,12/05/2026 0:00,MC,YUNNY RIVERA CUSME,"LIBRO ETICA, LEGISTACION I CIUDADANIA DIGITAL",EDITORIAL,1500,2940.001708,24522,1314.3815,1204.180786,0.1,55.96805079,0,0,85.63111771,90 DIAS CREDITO,279.840254,2.912621359
70458,12/05/2026 0:00,BV,LANSEY S.A.,CERTIFICADOS 3 MODELOS 300 de cada uno,PUBLICOMERCIAL,900,314.997287,24536,190.04,16.84,0.31,5.996521739,0,0,9.174678261,30 DIAS CREDITO,92.94608696,2.912621359
70459,12/05/2026 0:00,BV,OMNILIFE DEL ECUADOR S.A.,FLYER BIENVENIDA EOS,PUBLICOMERCIAL,10000,397.6663415,24519,203.0197,137.6425,0.1,7.570271111,0,0,11.5825148,30 DIAS CREDITO,37.85135556,2.912621359
70461,12/05/2026 0:00,CTAG,DIDACTICA-EDITORIAL S.A.S.,REIMPRESIÓN IMAGINA Y APRENDE 4 AÑOS INICIAL,EDITORIAL,3000,15899.99566,24537,7475.8235,6442.239929,0.0625,296.9186865,0,454.2855903,302.8570602,50% a 30 días - 50% a 60 días,927.8708953,1.904761905
70462,13/05/2026 0:00,ASS,OTECEL S.A.,STICKERS,PUBLICOMERCIAL,500,751.4978921,,282.82775,199.1665,0.3,13.77126429,34.42816071,0,14.73525279,60 DIAS CREDITO,206.5689643,1.960784314
70463,13/05/2026 0:00,ASS,EMPRESA OPERADORA METRO DE MEDELLIN TRANSDEV EOMMT S.A.S.,LIBRETIN,PUBLICOMERCIAL,300,675.0005914,24535,165.913,385.5580714,0.15,12.97578992,0,0,13.23530571,,97.31842436,1.960784313
70465,13/05/2026 0:00,ASS,MEDIOS PUBLICITARIOS ZAMBRANO MALDONADO WONDERWORLDECUADOR CIA. LTDA.,LIBRO PASTA DURA A4,EDITORIAL,100,2001.879153,,809.667,633.4408095,0.25,38.48287492,0,0,39.25253242,POR COTIZAR,481.0359365,1.960784314
70468,13/05/2026 0:00,ASS,KEYLA,tARJETAS,PUBLICOMERCIAL,200,88.9930416,,27.0115,37.1415,0.25,1.710746667,0,0,1.7449616,,21.38433333,1.960784314
70469,13/05/2026 0:00,BV,LANSEY S.A.,AYUDA VENTAS ECUAQUÍMICA,PUBLICOMERCIAL,150,122.9971346,24543,32.27425,61.38433333,0.2,2.341464583,0,0,3.582440813,30 DIAS CREDITO,23.41464583,2.912621359
70470,13/05/2026 0:00,ASS,AGLOMERADOS COTOPAXI S.A,REIMPRESIÓN CAJA PASTA DURA - SUpERFICIES PREMIUM,CAJAS PASTA DURA,200,1969.997129,,601.967,609.8728333,0.36,37.86999479,0,0,38.62739469,60 DIAS CREDITO,681.6599062,1.960784314
70471,13/05/2026 0:00,ASS,AGLOMERADOS COTOPAXI S.A,REIMPRESION ETIQUETA PARA TABLILLA - 4 modelos,PUBLICOMERCIAL,800,559.9998235,,139.5965,231.799,0.31,10.76508696,0,0,10.9803887,POR COTIZAR,166.8588478,1.960784314
70472,14/05/2026 0:00,ASS,YANBAL ECUADOR S.A,DIPTICO Acelera tu crecimiento,PUBLICOMERCIAL,100000,3501.84862,,1836.518967,788.8577381,0.22,67.3173514,0,0,68.66369843,60 DIAS,740.4908655,1.960784314
70473,14/05/2026 0:00,CTAG,F.V. - AREA ANDINA S.A.,Cuaderno tipo agenda,PUBLICOMERCIAL,1000,3450.004031,,1528.960957,1455.471595,0.1,66.32072339,0,0,67.64713786,30 DIAS CREDITO,331.6036169,1.960784314
70474,14/05/2026 0:00,CTAG,NITERRA DO BRASIL LTDA,DIPLOMAS,PUBLICOMERCIAL,2000,600.0005053,24554,222.4075,106.3125,0.43,11.53403509,0,0,11.76471579,CONTADO,247.9817544,1.960784314
70475,15/05/2026 0:00,CTAG,ASOCIACION DE CUENTAS EN PARTICIPACION NEWPATHLAB,CARPETA,PUBLICOMERCIAL,500,475.9978629,24523,290.04,30.22,0.3,9.150285714,0,0,9.333291429,"50% ANTICIPO, SALDO CONTRA ENTREGA",137.2542857,1.960784314
70476,15/05/2026 0:00,CTAG,ASOCIACION DE CUENTAS EN PARTICIPACION NEWPATHLAB,sobres A4,PUBLICOMERCIAL,500,340.9985314,24524,196.04,33.39,0.3,6.555142857,0,0,6.686245714,"50% ANTICIPO, SALDO CONTRA ENTREGA",98.32714286,1.960784314
70477,14/05/2026 0:00,CTAG,Jacqueline Yerovi,Mapas plegables 2 diseños,PUBLICOMERCIAL,30000,2691.82692,,1203.15,607.96,0.3,51.746,0,0,52.78092,POR COTIZAR,776.19,1.960784314
70478,14/05/2026 0:00,CTAG,Jacqueline Yerovi,marcapaginas 3 diseños,PUBLICOMERCIAL,3000,1148.811096,,518.1395333,365.2215556,0.2,22.08402722,0,0,22.52570777,,220.8402722,1.960784314
70479,15/05/2026 0:00,CTAG,BENALCÁZAR DURÁN ALVARO FABRICIO,TRÍPTICO,PUBLICOMERCIAL,30000,1130.004333,,544.2505333,283.2731905,0.2,21.72249775,0,0,22.15694771,50% ANTICIPO - 50% CONTRA ENTREGA,206.880931,1.960784314
70480,15/05/2026 0:00,CTAG,DIDACTICA-EDITORIAL S.A.S.,libros educación religiosa escolar 3 años inicial,EDITORIAL,15,287.1045266,24525,178.14525,71.52914286,0.05,5.519118158,0,0,5.629500521,,13.14075752,1.960784314
70481,15/05/2026 0:00,CTAG,DIDACTICA-EDITORIAL S.A.S.,libros educación religiosa escolar 4 años inicial,EDITORIAL,25,477.9369123,24526,185.87725,229.7505,0.05,9.187560789,0,0,9.371312005,,21.87514474,1.960784314
70482,15/05/2026 0:00,BV,NATURES SUNSHINE PRODUCTS DEL ECUADOR S.A.,SEÑALÉTICA BODEGA,PUBLICOMERCIAL,1,315.006651,24528,196.04,3.85,0.3,5.9967,0,0,9.174951,45 DIAS CREDITO,85.66714286,2.912621359
70483,15/05/2026 0:00,ASS,HECTOR ESTALIN ARTIEDA TAIPE,LIBRO ECA PIKASO 10,EDITORIAL,3000,4799.999861,24527,2120.408,1915.402286,0.0815,92.27220033,0,0,94.11764433,90 DIAS CREDITO,358.1040156,1.960784314
70484,15/05/2026 0:00,CTAG,GESTIÓN PUBLICIDAD CESPU CIA. LTDA.,GUÍA AÑO PASADO,PUBLICOMERCIAL,100,1399.998269,,92.45,945.611,0.19,26.91269259,0,0,27.45094644,50% ANTICIPO - 50% CONTRA ENTREGA,243.4957901,1.960784313
70485,15/05/2026 0:00,CTAG,MARGARITA DÍAZ,TABLIODE,PUBLICOMERCIAL,2000,501.9964969,,204.8594667,159.193,0.2,9.55637725,0,0,14.62125719,"50% ANTICIPO, SALDO CONTRA ENTREGA",91.01311667,2.912621359
70486,15/05/2026 0:00,CTAG,GESTIÓN PUBLICIDAD CESPU CIA. LTDA.,INFORME MAPEO,PUBLICOMERCIAL,30,284.9998607,,31.61,177.1008333,0.2,5.478659375,0,0,5.588232563,50% ANTICIPO - 50% CONTRA ENTREGA,52.17770832,1.960784314
70487,15/05/2026 0:00,CTAG,BENALCÁZAR DURÁN ALVARO FABRICIO,ESTIQUETAS 2,PUBLICOMERCIAL,10000,393.3629847,,131.58425,174.4871667,0.15,7.561764412,0,0,7.7129997,50% ANTICIPO - 50% CONTRA ENTREGA,54.01260295,1.960784314
70489,18/05/2026 0:00,MC,YUNNY RIVERA CUSME,REIMPRESION lIBROS CIUDADANIA 1 - EDUCATEMAS,EDITORIAL,1500,3075.002982,,1075.3465,1486.170786,0.09,59.11193736,0,0,60.29417611,90 DIAS CREDITO,253.3368744,1.960784313
70490,18/05/2026 0:00,MC,YUNNY RIVERA CUSME,REIMPRESIÓN LIBRO CALIGRAFITOS PLUS 7 EGB,EDITORIAL,2000,3299.996655,24529,1352.4525,1369.79869,0.09,62.82118132,0,0,96.11640742,POR COTIZAR,269.2336342,2.912621359
70493,19/05/2026 0:00,ASS,Guada Teran Gisela Alejandra,REVISTA INSTIRUCIONAL PROVEFRUT,PUBLICOMERCIAL,50,1850.000956,,290.975,1155.581381,0.15,35.73845176,0,0,27.3399156,,255.2746555,1.477832512
70494,19/05/2026 0:00,MC,RECREAR REDIEDITORES CIA. LTDA.,LIBROS INGLES DISCOVER 2,EDITORIAL,2000,2999.999875,24531,1506.0175,1351.125238,0,0,0,0,0,,0,0
70495,19/05/2026 0:00,MC,RECREAR REDIEDITORES CIA. LTDA.,LIBROS INGLES DISCOVER 3,EDITORIAL,2000,3299.99556,24532,1267.9,1239.374048,0.17,63.43705422,0,0,64.7057953,,513.538058,1.960784314
70496,19/05/2026 0:00,MC,YUNNY RIVERA CUSME,REIMPRESIÓN LIBRO CALIGRAFITOS PLUS 3 EGB,EDITORIAL,2000,3299.99736,24533,1496.2025,1345.70869,0.05,62.82119474,0,0,96.11642795,90 DIAS,149.5742732,2.912621359
70497,19/05/2026 0:00,MC,YUNNY RIVERA CUSME,REIMPRESIÓN LIBRO CALIGRAFITOS PLUS 5 EGB,EDITORIAL,2000,3300.001247,24534,1148.3025,1244.88869,0.2,62.82126875,0,0,96.11654119,90 DIAS,598.2977975,2.91262136
70498,19/05/2026 0:00,ASS,Guada Teran Gisela Alejandra,REVISTA INSTIRUCIONAL PROVEFRUT,PUBLICOMERCIAL,100,1589.996932,,649.1945,594.0590238,0.15,30.71567529,0,0,23.4974916,,219.3976807,1.477832512
70499,19/05/2026 0:00,MC,EDITORIAL DEL MAR A LA LUNA,LIBRO INFANTIL,EDITORIAL,250,1615.007284,,717.6202,512.1588095,0.16,30.74447524,0,0,47.03904711,CONTADO,234.2436209,2.912621359
70500,19/05/2026 0:00,ASS,EMPRESA OPERADORA METRO DE MEDELLIN TRANSDEV EOMMT S.A.S.,POSTALES A5 - 5 motivos,PUBLICOMERCIAL,2500,599.9995091,24555,243.58325,195.8078333,0.2,11.53401594,0,0,11.76469626,60 DIAS,109.8477708,1.960784314
70501,19/05/2026 0:00,ASS,SANTILLANA S.A.,DIPLOMAS 4 DISEÑOS,PUBLICOMERCIAL,3000,1350.000498,,435.8375,676.3725,0.1,25.95156667,0,0,26.470598,60 DIAS CREDITO,123.5788889,1.960784314
70503,19/05/2026 0:00,BV,GRUPO TRANSBEL S.A,posters POV C10,PUBLICOMERCIAL,65000,3660.000414,,2074.756,854.416,0.13,70.70415172,0,0,54.08867607,ANULADO,437.6923678,1.477832512
70504,20/05/2026 0:00,CTAG,F.V. - AREA ANDINA S.A.,Cuaderno tipo agenda,PUBLICOMERCIAL,1000,2500.001159,,1265.4892,794.1591429,0.1,48.05846133,0,0,49.01963056,30 DIAS CREDITO,228.8498159,1.960784313
70505,20/05/2026 0:00,BV,BUSSINES MARKETING PUBLICIDAD CIA LTDA,FOLLETO JUGUEMOS JUNTOS - BOND 120gr,PUBLICOMERCIAL,4700,3891.00432,,1779.6984,1042.093643,0.2,74.07204113,0,0,113.3302229,60 DIAS,705.4480107,2.912621359
70506,20/05/2026 0:00,BV,BUSSINES MARKETING PUBLICIDAD CIA LTDA,FOLLETO JUGUEMOS JUNTOS - BOND 90gr,PUBLICOMERCIAL,4700,3524.996818,,1526.6799,1029.680143,0.2,67.10445113,0,0,102.6698102,60 DIAS,639.0900107,2.912621358
70507,20/05/2026 0:00,BV,HOLGUINCORP S.A.S,REIMPRESION LIBRO HISTORIA 2DO BGU,EDITORIAL,700,2449.996326,24538,672.485,1355.909524,0.1,47.32920556,0,0,36.20684225,150 DIAS,225.3771693,1.477832512
70509,20/05/2026 0:00,BV,HOLGUINCORP S.A.S,REIMPRESIÓN LIBRO LENGUA Y LITERATURA 4TO EGB,EDITORIAL,700,2904.995319,24539,772.0265,1633.069595,0.1,56.11890889,0,0,42.9309653,90 DIAS CREDITO,267.2328994,1.477832512
70510,20/05/2026 0:00,BV,HOLGUINCORP S.A.S,REIMPRESION LIBRO LENGUA Y LITERATURA 5TO EGB,EDITORIAL,700,3359.995142,24540,1176.5065,1667.109595,0.08,64.90862826,0,0,49.65510062,90 DIAS CREDITO,247.2709648,1.477832512
70511,20/05/2026 0:00,BV,HOLGUINCORP S.A.S,REIMPRESION LIBRO LENGUA Y LITERATURA 10MO EGB,EDITORIAL,700,3570.002066,24541,1427.528,1790.864667,0.02,68.96555714,0,0,52.75865121,90 DIAS CREDITO,65.681483,1.477832512
70512,20/05/2026 0:00,BV,HOLGUINCORP S.A.S,REIMPRESION LIBRO LENGUA Y LITERATURA 1RO BGU,EDITORIAL,700,3534.996576,24542,1401.7292,1785.105667,0.02,68.28931857,0,0,52.24132871,90 DIAS CREDITO,65.03744627,1.477832512
70513,20/05/2026 0:00,BV,LANSEY S.A.,BOLSA INFLUENCER,EMPAQUE,50,338.9599808,,87.22666667,143.2266667,0.25,6.452693333,0,0,9.8726208,30 DIAS CREDITO,76.81777779,2.912621359
70514,20/05/2026 0:00,ASS,Guada Teran Gisela Alejandra,GUÍA TÉCNICA DE FUNCIONAMIENTO DE SISTEMA FOTOVOLTAICO,PUBLICOMERCIAL,50,684.1944806,,132.734,368.3146667,0.2,13.1525275,0,0,13.41557805,,125.2621667,1.960784314
70515,20/05/2026 0:00,ASS,Guada Teran Gisela Alejandra,Folleto Plegable 1,PUBLICOMERCIAL,300,859.2724073,,359.484,269.7775714,0.2,16.51811625,0,0,16.84847858,,157.3153928,1.960784314
70516,20/05/2026 0:00,ASS,Guada Teran Gisela Alejandra,AGENDAS PERSONALIZADAS,PUBLICOMERCIAL,50,777.0400131,,296.9123816,272.1288393,0.2,14.93733205,0,0,15.23607869,,142.2603052,1.960784314
70517,20/05/2026 0:00,ASS,Guada Teran Gisela Alejandra,AGENDAS PERSONALIZADAS,PUBLICOMERCIAL,400,1770.120859,,821.7960495,474.4972143,0.2,34.02769817,0,0,34.70825214,POR COTIZAR,324.0733159,1.960784314
70518,20/05/2026 0:00,ASS,Guada Teran Gisela Alejandra,ETIQUETAS,PUBLICOMERCIAL,300,859.2724073,,359.484,269.7775714,0.2,16.51811625,0,0,16.84847858,,157.3153928,1.960784314
70519,20/05/2026 0:00,ASS,SANTILLANA S.A.,FLYER,PUBLICOMERCIAL,200,109.9988043,,25.645,64.9785,0.1,2.114548333,0,0,2.1568393,,10.06927778,1.960784314
70520,21/05/2026 0:00,CTAG,F.V. - AREA ANDINA S.A.,ROMPETRÁFICO FV - 2 motivos,PUBLICOMERCIAL,4000,1160.003157,24544,492.3951667,452.6651667,0.11,22.2991764,0,0,22.74515993,30 DIAS CREDITO,116.8052097,1.960784313
70521,21/05/2026 0:00,MC,TIPAN UMATAMBO SEGUNDO MARCO,reimpresión aventuritas y letritas 2 CUADERNO DE TRABAJO,PUBLICOMERCIAL,1000,2450.004913,24546,944.22,1252.76881,0.03,47.56367526,0,0,24.25747438,POR COTIZAR,67.94810753,0.99009901
70522,21/05/2026 0:00,BV,THATBOOK S.A.S. B.I.C.,Libro LudoArte BGU1 y BGU 2,EDITORIAL,1100,3786.733081,,1542.9415,1502.586262,0.1,71.06231444,106.5934717,0,55.96157263,90 DIAS CREDITO,338.3919736,1.477832512
70523,22/05/2026 0:00,BV,THATBOOK S.A.S. B.I.C.,Libro MATEMATICAS Y LENGUA,EDITORIAL,1100,6620.853352,,2652.8172,2672.087476,0.1,124.2477758,186.3716637,0,97.84512343,90 DIAS CREDITO,591.6560751,1.477832512
70524,21/05/2026 0:00,ASS,MIRIAN CISNEROS,ALBUM,PUBLICOMERCIAL,1000,1400.000674,,597.6565,491.6686429,0.15,26.91273882,0,0,27.4509936,50% anticipo - 50% contra entrega,192.2338487,1.960784313
70525,21/05/2026 0:00,MC,SANCHEZ CARRASCO PAUL VICENTE,"reimpresión LIBRO CORAZÓN DE TIZA 2,4,5,8,9",EDITORIAL,1000,1849.996229,,553.095,910.4759524,0.14,35.73836047,0,0,27.33984576,120 DIAS CREDITO,238.2557364,1.477832513
70526,22/05/2026 0:00,MC,SANCHEZ CARRASCO PAUL VICENTE,"EJERCICIO LIBRO CORAZÓN DE TIZA 2,4,5,8,9 CON PLACAS",EDITORIAL,1000,2300.01496,,873.255,1003.235952,0.1,43.78478889,0,0,66.990727,120 DIAS CREDITO,208.4989947,2.91262136
70527,22/05/2026 0:00,MC,YUNNY RIVERA CUSME,REIMPRESIÓN LIBRO “I KNOW 1 BGU”,PUBLICOMERCIAL,1000,2000.000371,24545,705.495,926.2259524,0.1,38.07348889,0,0,58.252438,90 DIAS,181.302328,2.91262136
70528,22/05/2026 0:00,BV,GRUPO TRANSBEL S.A,FOLLETO BRILLA EN TU INICIO,PUBLICOMERCIAL,15,225.0038196,,46.067,129.8684286,0.15,4.34664,0,0,3.3251796,90 DIAS CREDITO,31.04742858,1.477832512
70529,22/05/2026 0:00,BV,OMNILIFE DEL ECUADOR S.A.,CUADERNOS,PUBLICOMERCIAL,1000,2949.996197,,1359.132823,913.9417619,0.15,56.15831328,0,0,85.92221932,30 DIAS CREDITO,401.1308091,2.912621359
70530,22/05/2026 0:00,BV,GRUPO TRANSBEL S.A,hablador mesa,PUBLICOMERCIAL,12,30.00366516,,20.3445,0.0545,0.25,0.571172,0,0,0.87389316,90 DIAS CREDITO,6.799666667,2.912621359
70531,22/05/2026 0:00,BV,GRUPO TRANSBEL S.A,poster,PUBLICOMERCIAL,1200,480.0000826,,212.634,161.574,0.14,9.137637209,0,0,13.98058493,90 DIAS CREDITO,60.9175814,2.912621359
70532,22/05/2026 0:00,BV,GRUPO TRANSBEL S.A,TARJETA BIENVENIDA,PUBLICOMERCIAL,1200,230.0006583,,88.1305,89.093,0.15,4.378462941,0,0,6.6990483,90 DIAS CREDITO,31.27473529,2.912621359
70533,22/05/2026 0:00,MC,TIPAN UMATAMBO SEGUNDO MARCO,LIBRO MINI HUELLITAS,PUBLICOMERCIAL,2000,5939.998393,,2856.046133,2309.548119,0.05,114.1868203,0,0,116.4705567,POR COTIZAR,271.8733817,1.960784313
70534,22/05/2026 0:00,MC,TIPAN UMATAMBO SEGUNDO MARCO,CUADERNOS DE APOYO MINI MAR Y SOL,EDITORIAL,1500,5160.009908,,2193.4775,2333.474643,0.051,100.1749157,0,0,51.08920701,120 DIAS,243.2819381,0.99009901
70535,26/05/2026 0:00,MC,YUNNY RIVERA CUSME,REIMPRESION LIBROS I KNOW 10,PUBLICOMERCIAL,1000,2000.00066,24547,680.495,933.0959524,0.11,38.07349438,0,0,58.2524464,90 DIAS,199.4325896,2.912621359
70536,26/05/2026 0:00,MC,SANCHEZ CARRASCO PAUL VICENTE,REIMPRESIÓN LIBRO CORAZÓN DE TIZA 2 PLUS,EDITORIAL,1000,1849.996229,24548,553.095,910.4759524,0.14,35.73836047,0,0,27.33984576,Anticipo 30 % - 30 junio  30% - 30 de julio 40 %,238.2557364,1.477832513
70537,26/05/2026 0:00,MC,SANCHEZ CARRASCO PAUL VICENTE,REIMPRESIÓN LIBRO CORAZÓN DE TIZA 4 PLUS,EDITORIAL,1000,1849.996229,24549,553.095,910.4759524,0.14,35.73836047,0,0,27.33984576,Anticipo 30 % - 30 junio  30% - 30 de julio 40 %,238.2557364,1.477832513
70538,26/05/2026 0:00,MC,SANCHEZ CARRASCO PAUL VICENTE,REIMPRESIÓN LIBRO CORAZÓN DE TIZA 5 PLUS,EDITORIAL,1000,1849.996229,24550,553.095,910.4759524,0.14,35.73836047,0,0,27.33984576,Anticipo 30 % - 30 junio  30% - 30 de julio 40 %,238.2557364,1.477832513
70539,26/05/2026 0:00,MC,SANCHEZ CARRASCO PAUL VICENTE,REIMPRESIÓN LIBRO CORAZÓN DE TIZA 8 PLUS,EDITORIAL,1000,1849.996229,24551,553.095,910.4759524,0.14,35.73836047,0,0,27.33984576,Anticipo 30 % - 30 junio  30% - 30 de julio 40 %,238.2557364,1.477832513
70540,26/05/2026 0:00,MC,SANCHEZ CARRASCO PAUL VICENTE,REIMPRESIÓN LIBRO CORAZÓN DE TIZA 9 PLUS,EDITORIAL,1000,1849.996229,24552,553.095,910.4759524,0.14,35.73836047,0,0,27.33984576,Anticipo 30 % - 30 junio  30% - 30 de julio 40 %,238.2557364,1.477832513
70541,26/05/2026 0:00,CTAG,CHAIDE Y CHAIDE S.A,REIMPRESION COD.1203 ETIQUETA CHN BORN ANTIACAROS,PUBLICOMERCIAL,1000,658.3023691,24553,232.1065,89.859,0.45,30.73307045,0,0,12.90788959,POR COTIZAR,263.4263182,1.960784314
70542,26/05/2026 0:00,MC,ASOCIACION DE FOTOGRAFOS ECUATORIANOS,REVISTA INSTITUCIONAL,PUBLICOMERCIAL,1000,2890.004806,,1237.2075,1068.23631,0.12,55.01627273,0,0,84.17489727,50% ANTICIPO - 50% CONTRA ENTREGA,314.3787014,2.912621359
70543,26/05/2026 0:00,CTAG,BANCO MUNDIAL,AGENDA PASTA DURA gRUPO IMRPESOR 2026,PUBLICOMERCIAL,200,1699.996954,,839.663,405.2771905,0.2,32.67968,0,0,33.3332736,30 DIAS CREDITO,311.2350476,1.960784313
70544,26/05/2026 0:00,CTAG,DIDACTICA-EDITORIAL S.A.S.,REIMPRESIÓN LIBRO IMAGINA Y APRENDE 3 AÑOS INICIAL,EDITORIAL,3000,14034.54661,,6247.1715,4984.958643,0.1,262.0830367,0,400.9870461,267.3246974,"50% a 30 días - 50% a 60 días
INCLUYE 3%",1248.01446,1.904761905
70546,28/05/2026 0:00,MC,TRAMA DISENO,LIBRO ARQUEC TAPA DURA,EDITORIAL,400,9499.998094,,4902.411,2417.667667,0.15,180.8490024,0,0,276.6989736,45 DIAS CREDITO,1291.778588,2.912621359
70547,27/05/2026 0:00,CTAG,BENALCÁZAR DURÁN ALVARO FABRICIO,TRÍPTICO - 3 motivos,PUBLICOMERCIAL,150000,3699.99349,,1836.518967,771.4477381,0.23,71.12636468,0,0,72.54889197,50% ANTICIPO - 50% CONTRA ENTREGA,779.0030418,1.960784314
70548,27/05/2026 0:00,MC,TIPAN UMATAMBO SEGUNDO MARCO,LIBRO LEO ECUATORIANO DEL 3 AL 10,EDITORIAL,2000,3705.563235,,1548.61,1474.612024,0.1,70.54184722,0,0,107.9290263,90 DIAS CREDITO,335.9135582,2.91262136
70549,27/05/2026 0:00,MC,YUNNY RIVERA CUSME,REIMPRESION LIBROS I KNOW 8,PUBLICOMERCIAL,1500,2483.99998,24557,915.2325,1088.846786,0.11,47.28726404,0,0,72.34951399,90 DIAS,247.6951927,2.91262136
70550,28/05/2026 0:00,CTAG,BANCO GENERAL RUMIÑAHUI S.A.,LIBRO A5,EDITORIAL,200,1250.002163,,427.705,602.1204762,0.1,24.02926111,0,0,24.50984633,CONTADO,114.4250529,1.960784313
70552,28/05/2026 0:00,MC,TRAMA DISENO,LIBRO ARQUEC TAPA RÚSTICA CON SOLAPAS,EDITORIAL,400,8850.00479,,4418.1905,2401.045738,0.15,168.4752482,0,0,257.7671298,45 DIAS CREDITO,1203.39463,2.912621359
70553,28/05/2026 0:00,CTAG,ALISERVIS S.A.,REIMPRESION VOLANTES PROMO JUNIO 2026 $10.49 PIZZA FAMILIA 1 INGREDIENTE - 5 MOTIVOS,PUBLICOMERCIAL,476750,5005.877648,24556,1881.395675,1738.68025,0.21,96.22986636,0,0,98.15446369,30 DIAS CREDITO,962.2986636,1.960784314
70554,28/05/2026 0:00,CTAG,IESS,AFICHE,PUBLICOMERCIAL,4250,496.6071201,,204.644,132.2215,0.15,8.322559412,0,63.6675795,8.4890106,,59.44685294,1.709401709
70555,28/05/2026 0:00,CTAG,IESS,TRIPTICOS,PUBLICOMERCIAL,18000,875.750616,,369.2,224.8514286,0.15,14.67656471,0,112.27572,14.970096,,104.832605,1.709401709
70556,28/05/2026 0:00,CTAG,IESS,VOLANTES,PUBLICOMERCIAL,18000,546.692328,,221.0975,149.7425,0.15,9.161929412,0,70.08876,9.345168,,65.44235294,1.709401709
70557,28/05/2026 0:00,CTAG,IESS,RECETARIO GASTRONOMINCO,PUBLICOMERCIAL,670,652.5478031,,151.8915,290.753869,0.15,10.93594441,0,83.65997475,11.1546633,,78.11388865,1.709401709
70558,28/05/2026 0:00,CTAG,IESS,MANUALES DE CULTIVO,PUBLICOMERCIAL,670,652.5478031,,151.8915,290.753869,0.15,10.93594441,0,83.65997475,11.1546633,,78.11388865,1.709401709
70559,28/05/2026 0:00,CTAG,IESS,CATALOGOS,PUBLICOMERCIAL,670,652.5478031,,151.8915,290.753869,0.15,10.93594441,0,83.65997475,11.1546633,,78.11388865,1.709401709
70560,28/05/2026 0:00,CTAG,IESS,CARPETAS,PUBLICOMERCIAL,500,643.93056,,238.92,197.88,0.15,10.79152941,0,82.5552,11.00736,,77.08235294,1.709401709
70561,28/05/2026 0:00,ASS,INTRIAGO FRAY OSCAR PASTOR,REIMPRESIÓN LIBROS EXPRESS del 8 al 2bgu,EDITORIAL,1000,1863.06424,,640.1765,928.8345952,0.08,35.8143837,0,0,36.53067137,30% Septiembre - 30% Octubre - 40% Noviembre,136.4357474,1.960784314
70562,29/05/2026 0:00,ASS,DANIEL CEPEDA,CAJA PARA CHURROS CON NIDO,EMPAQUE,300,539.9982,,264.96,155.2066667,0.15,10.38058824,0,0,10.5882,CONTADO,74.14705883,1.960784314
70563,29/05/2026 0:00,ASS,DANIEL CEPEDA,juego de cartas y caja,EMPAQUE,100,834.9990788,,119.07075,492.415,0.2,16.05150094,0,0,16.37253096,CONTADO,152.8714375,1.960784314
70564,29/05/2026 0:00,CTAG,BENALCÁZAR DURÁN ALVARO FABRICIO,TRÍPTICO - 3 motivos,PUBLICOMERCIAL,150000,3170.002381,,1478.437467,755.9612381,0.23,60.93814649,0,0,62.15690942,50% ANTICIPO - 50% CONTRA ENTREGA,667.417795,1.960784313
70565,29/05/2026 0:00,CTAG,BENALCÁZAR DURÁN ALVARO FABRICIO,LIBRETA EN COLADO SUPERIOR,PUBLICOMERCIAL,100,464.9993442,,145.083,216.727881,0.15,8.938857059,0,0,9.1176342,50% ANTICIPO - 50% CONTRA ENTREGA,63.848979,1.960784314
70566,29/05/2026 0:00,MC,TIPAN UMATAMBO SEGUNDO MARCO,REIMPRESION LIBRO PREPARATORIA MIS HUELLITAS 1 EGB,EDITORIAL,1500,13800.00074,,5127.676333,5566.465976,0.12,255.2011233,382.8016849,0,401.9417692,,1458.292133,2.91262136
70567,29/05/2026 0:00,MC,TIPAN UMATAMBO SEGUNDO MARCO,REIMPRESIÓN LIBRO AVENTURAS DEL ARTE 1 - 10,EDITORIAL,2000,3070.00446,,1245.4005,1340.055738,0.08,59.01584891,0,0,60.19616589,180 días,224.8222816,1.960784314
