asesor_codigo,numero,cliente_razon_social,trabajo,cantidad,COTIZACION::total,fecha_ingreso,fecha_entrega,linea_negocio,estado_orden,factura_cantidad_nuevo,factura_subtotal_nuevo
BV,24189,NATURES SUNSHINE PRODUCTS DEL ECUADOR S.A.,REIMPRESIÓN CATÁLOGO de producto,3000,2886,05/01/2026,07/01/2026,PUBLICOMERCIAL,FACTURADO,3000,2886
ASS,24190,OTECEL S.A.,VOLANTES MOVISTAR ENERO,126000,2267.998536,05/01/2026,07/01/2026,PUBLICOMERCIAL,DESPACHOS - ENTREGA TOTAL,,
MC,24191,YUNNY RIVERA CUSME,LIBRO INFORMATIC EVOLUTION 1,1500,3149.9985,06/01/2026,15/01/2026,EDITORIAL,FACTURADO,1500,3149.9985
MC,24194,YUNNY RIVERA CUSME,LIBRO INFORMATIC EVOLUTION 2,1500,3075,08/01/2026,15/01/2026,EDITORIAL,FACTURADO,1500,3075
MC,24195,YUNNY RIVERA CUSME,LIBRO INFORMATIC EVOLUTION 3,1500,3075,08/01/2026,15/01/2026,EDITORIAL,FACTURADO,1500,3075
BV,24197,BUSSINES MARKETING PUBLICIDAD CIA LTDA,CUADERNOS / AGENDAS,200,1050.007,13/01/2026,22/01/2026,PUBLICOMERCIAL,FACTURADO,200,1050.007
BV,24198,RIJABAL S.A.,LIBRO Ciencias Experimentales 1,1300,2517.9973,15/01/2026,23/01/2026,EDITORIAL,FACTURADO,1300,2517.9973
BV,24199,RIJABAL S.A.,LIBRO Ciencias Experimentales 2,1300,2307.9966,15/01/2026,23/01/2026,EDITORIAL,FACTURADO,1300,2307.9966
BV,24200,RIJABAL S.A.,LIBRO Ciencias Experimentales 3,1300,2569.996,15/01/2026,23/01/2026,EDITORIAL,FACTURADO,1300,2569.996
BV,24201,OMNILIFE DEL ECUADOR S.A.,GUÍA DE PRODUCTOS ene 2026,3000,2940,16/01/2026,27/01/2026,PUBLICOMERCIAL,FACTURADO,3000,2940
CTAG,24202,AMC ECUADOR CIA.LTDA.,reimpresión PLIEGOS NINA FLOWERS 60X90,49800,896.4,16/01/2026,23/01/2026,PUBLICOMERCIAL,FACTURADO,49800,896.4
ASS,24203,INTRIAGO FRAY OSCAR PASTOR,libro cívica generación c 2,1000,2000,16/01/2026,30/01/2026,EDITORIAL,FACTURADO,1000,2000
BV,24204,OMNILIFE DEL ECUADOR S.A.,LIBRETAS,95,266,19/01/2026,21/01/2026,PUBLICOMERCIAL,FACTURADO,95,266
BV,24205,Juan José Maldonado Utreras,DIPLOMAS,32,32.003744,19/01/2026,19/01/2026,PUBLICOMERCIAL,FACTURADO,32,32.003744
BV,24206,NATURES SUNSHINE PRODUCTS DEL ECUADOR S.A.,CUADERNOS,200,589.7842,20/01/2026,28/01/2026,PUBLICOMERCIAL,FACTURADO,200,589.7842
ASS,24207,INTRIAGO FRAY OSCAR PASTOR,LIBRO CÍVICA GENERACIÓN C 3,1000,2000,22/01/2026,30/01/2026,EDITORIAL,FACTURADO,1000,2000
ASS,24208,INTRIAGO FRAY OSCAR PASTOR,LIBRO CÍVICA GENERACIÓN C 4,1000,2000,22/01/2026,30/01/2026,EDITORIAL,FACTURADO,1000,2000
ASS,24209,INTRIAGO FRAY OSCAR PASTOR,LIBRO CÍVICA GENERACIÓN C 5,1000,2000,22/01/2026,30/01/2026,EDITORIAL,FACTURADO,1000,2000
ASS,24210,INTRIAGO FRAY OSCAR PASTOR,LIBRO CÍVICA GENERACIÓN C 6,1000,2000,22/01/2026,30/01/2026,EDITORIAL,FACTURADO,1000,2000
ASS,24211,INTRIAGO FRAY OSCAR PASTOR,LIBRO CÍVICA GENERACIÓN C 7,1000,2000,22/01/2026,30/01/2026,EDITORIAL,FACTURADO,1000,2000
ASS,24212,INTRIAGO FRAY OSCAR PASTOR,LIBRO CÍVICA GENERACIÓN C 8,1000,2000,22/01/2026,30/01/2026,EDITORIAL,FACTURADO,1000,2000
ASS,24213,INTRIAGO FRAY OSCAR PASTOR,LIBRO CÍVICA GENERACIÓN C 9,1000,2000,22/01/2026,30/01/2026,EDITORIAL,FACTURADO,1000,2000
ASS,24214,INTRIAGO FRAY OSCAR PASTOR,LIBRO CÍVICA GENERACIÓN C 10,1000,2000,22/01/2026,30/01/2026,EDITORIAL,FACTURADO,1000,2000
ASS,24215,INTRIAGO FRAY OSCAR PASTOR,LIBRO CÍVICA GENERACIÓN C 1 BACHILLERATO,1000,2000,22/01/2026,30/01/2026,EDITORIAL,FACTURADO,1000,2000
ASS,24216,INTRIAGO FRAY OSCAR PASTOR,libro cívica generación c 2 BACHILLERATO,1000,2000,22/01/2026,30/01/2026,EDITORIAL,FACTURADO,1000,2000
ASS,24217,INTRIAGO FRAY OSCAR PASTOR,libro cívica generación c 3 BACHILLERATO,1000,2000,22/01/2026,30/01/2026,EDITORIAL,FACTURADO,1000,2000
CTAG,24218,SYNLAB S.A.S,Sticker 3 diseños,400,80.0052,22/01/2026,23/01/2026,PUBLICOMERCIAL,FACTURADO,400,80.0052
CTAG,24219,ALISERVIS S.A.,REIMPRESION VOLANTES PROMO FEBRERO 2026 $10.49 PIZZA FAMILIA 1 INGREDIENTE - 5 MOTIVOS,492675,5223.34035,26/01/2026,02/02/2026,PUBLICOMERCIAL,FACTURADO,492675,5223.34035
CTAG,24220,VERONICA PROAÑO,CUADERNOS A5,10,125,26/01/2026,27/01/2026,PUBLICOMERCIAL,FACTURADO,10,125
CTAG,24221,MANOSALVAS MARTINEZ JANETH,tríptico IT AHORA EDICIÓN 114-115,850,450.415,27/01/2026,03/02/2026,PUBLICOMERCIAL,FACTURADO,850,450.415
CTAG,24222,ALISERVIS S.A.,VOLANTES NUEVO LOCAL POMASQUI 50% OFF,5000,52.5,27/01/2026,30/01/2026,PUBLICOMERCIAL,FACTURADO,5000,52.5
MC,24223,TIPAN UMATAMBO SEGUNDO MARCO,LIBRO PREPARATORIA MIS HUELLITAS 1 EGB,2000,19500,28/01/2026,06/02/2026,EDITORIAL,FACTURADO,2000,19500
MC,24224,YUNNY RIVERA CUSME,REIMPRESIÓN LIBRO CALIGRAFITOS PLUS 2 EGB,3000,4650,28/01/2026,03/02/2026,EDITORIAL,FACTURADO,3000,4650
CTAG,24225,ALISERVIS S.A.,VOLANTES PROMO 10.49 INC.IVA,15000,157.5,28/01/2026,02/02/2026,PUBLICOMERCIAL,FACTURADO,15000,157.5
ASS,24226,BFS ECUADOR,EMPAQUE COUPLE - SANDUCHADO 7 motivos,1300,1755,29/01/2026,06/02/2026,EMPAQUE,FACTURADO,1300,1755
ASS,23408,EMPRESA OPERADORA METRO DE MEDELLIN TRANSDEV EOMMT S.A.S.,cuaderno,21,462,15/01/2025 0:00,20/01/2025 0:00,PUBLICOMERCIAL,FACTURADO,21,462
ASS,23412,OTECEL S.A.,REIMPRESIÓN  LIBRETA TUENTI - AFI25.1,1000,972,15/01/2025 0:00,22/01/2025 0:00,PUBLICOMERCIAL,FACTURADO,1000,972
ASS,23434,OTECEL S.A.,VOLANTE tuenti - VOL151.1,108000,2172.15,24/01/2025 0:00,30/01/2025 0:00,PUBLICOMERCIAL,FACTURADO,108000,2172.15
ASS,23472,AGLOMERADOS COTOPAXI S.A,DAMERO pequeño con nidos 2025 - opción 1,7800,44440,01/03/2025 0:00,19/02/2025 0:00,EMPAQUE,FACTURADO,7800,44440
ASS,23476,AGLOMERADOS COTOPAXI S.A,DAMERO grande 2025 - ECUADOR Y PERU,2700,25650,01/03/2025 0:00,24/03/2025 0:00,EMPAQUE,FACTURADO,2700,25650
ASS,23592,INTRIAGO FRAY OSCAR PASTOR,FLYER A4 - DANIEL NOBOA,20000,500,01/04/2025 0:00,04/04/2025 0:00,PUBLICOMERCIAL,FACTURADO,20000,500
ASS,23405,YANBAL ECUADOR S.A,"REIMPRESION PLANNER ANUAL 2025
",100,995,09/01/2025 0:00,17/01/2025 0:00,PUBLICOMERCIAL,FACTURADO,100,995
ASS,23409,INTRIAGO FRAY OSCAR PASTOR,LIBROS EXPRESS ARTE 2 - ALUMNO Y DOCENTE,2000,4100,15/01/2025 0:00,28/01/2025 0:00,EDITORIAL,FACTURADO,2000,4100
ASS,23410,INTRIAGO FRAY OSCAR PASTOR,LIBROS EXPRESS ARTE 3 - ALUMNO Y DOCENTE,2000,4100,15/01/2025 0:00,28/01/2025 0:00,EDITORIAL,FACTURADO,2000,4100
ASS,23411,INTRIAGO FRAY OSCAR PASTOR,LIBROS EXPRESS ARTE 4 - ALUMNO Y DOCENTE,2000,3800,15/01/2025 0:00,28/01/2025 0:00,EDITORIAL,FACTURADO,2000,3800
ASS,23413,INTRIAGO FRAY OSCAR PASTOR,LIBROS EXPRESS ARTE 5 - ALUMNO Y DOCENTE,2000,3800,16/01/2025 0:00,28/01/2025 0:00,EDITORIAL,FACTURADO,2000,3800
ASS,23414,INTRIAGO FRAY OSCAR PASTOR,LIBROS EXPRESS ARTE 6 - ALUMNO Y DOCENTE,2000,3800,16/01/2025 0:00,28/01/2025 0:00,EDITORIAL,FACTURADO,2000,3800
ASS,23415,INTRIAGO FRAY OSCAR PASTOR,LIBROS EXPRESS ARTE 7 - ALUMNO Y DOCENTE,2000,3800,16/01/2025 0:00,28/01/2025 0:00,EDITORIAL,FACTURADO,2000,3800
ASS,23417,INTRIAGO FRAY OSCAR PASTOR,LIBROS EXPRESS ARTE 8 - ALUMNO Y DOCENTE,2000,3800,16/01/2025 0:00,28/01/2025 0:00,EDITORIAL,FACTURADO,2000,3800
ASS,23418,INTRIAGO FRAY OSCAR PASTOR,LIBROS EXPRESS ARTE 9 - ALUMNO Y DOCENTE,2000,3800,16/01/2025 0:00,28/01/2025 0:00,EDITORIAL,FACTURADO,2000,3800
ASS,23419,INTRIAGO FRAY OSCAR PASTOR,LIBROS EXPRESS ARTE 10 - ALUMNO Y DOCENTE,2000,3800,16/01/2025 0:00,28/01/2025 0:00,EDITORIAL,FACTURADO,2000,3800
ASS,23420,INTRIAGO FRAY OSCAR PASTOR,LIBROS EXPRESS ARTE 1BGU - ALUMNO Y DOCENTE,2000,3800,16/01/2025 0:00,28/01/2025 0:00,EDITORIAL,FACTURADO,2000,3800
ASS,23421,INTRIAGO FRAY OSCAR PASTOR,LIBROS EXPRESS ARTE 2BGU - ALUMNO Y DOCENTE,2000,3800,16/01/2025 0:00,28/01/2025 0:00,EDITORIAL,FACTURADO,2000,3800
ASS,23423,OTECEL S.A.,VOLANTES movistar 2 motivos PAY JOY VOL136.1 y pos pago VOL151.1,130200,2570.41,17/01/2025 0:00,21/01/2025 0:00,PUBLICOMERCIAL,FACTURADO,130200,2570.41
ASS,23428,OTECEL S.A.,Volante Mr Beast - VOL123.1,1000,423,23/01/2025 0:00,23/01/2025 0:00,PUBLICOMERCIAL,FACTURADO,1000,423
ASS,23432,OTECEL S.A.,AFICHES tuenti COMBO $2 Y $8 - AFI581.1 y AFICHES tuenti CHIP - AFI580.1,63500,13414.5,24/01/2025 0:00,03/02/2025 0:00,PUBLICOMERCIAL,FACTURADO,63500,13414.5
ASS,23438,MEDIOS PUBLICITARIOS ZAMBRANO MALDONADO WONDERWORLDECUADOR CIA. LTDA.,REVISTAS WHISKY,1200,4140,30/01/2025 0:00,05/02/2025 0:00,PUBLICOMERCIAL,FACTURADO,1200,4140
ASS,23439,OTECEL S.A.,VOLANTES pay joy - VOL122.1,200,414,31/01/2025 0:00,03/02/2025 0:00,PUBLICOMERCIAL,FACTURADO,200,414
ASS,23481,CAMARA DE INDUSTRIAS Y COMERCIO ECUATORIANO-BRITANICA,revista institucional LINKS edición 82,1000,1950,14/02/2025 0:00,20/02/2025 0:00,PUBLICOMERCIAL,FACTURADO,1000,1950
ASS,23493,ATEDUCA CIA. LTDA.,"Educación Cívica, Ética e Integridad 1  EGB",1500,1725,25/02/2025 0:00,13/03/2025 0:00,EDITORIAL,FACTURADO,1500,1725
ASS,23494,ATEDUCA CIA. LTDA.,"Educación Cívica, Ética e Integridad 2 EGB",2500,2875,25/02/2025 0:00,13/03/2025 0:00,EDITORIAL,FACTURADO,2500,2875
ASS,23495,ATEDUCA CIA. LTDA.,"Educación Cívica, Ética e Integridad 3 EGB",2500,2875,25/02/2025 0:00,13/03/2025 0:00,EDITORIAL,FACTURADO,2500,2875
ASS,23496,ATEDUCA CIA. LTDA.,"Educación Cívica, Ética e Integridad 4 EGB",2500,2875,25/02/2025 0:00,13/03/2025 0:00,EDITORIAL,FACTURADO,2500,2875
ASS,23497,ATEDUCA CIA. LTDA.,"Educación Cívica, Ética e Integridad 5 EGB",2500,2875,25/02/2025 0:00,13/03/2025 0:00,EDITORIAL,FACTURADO,2500,2875
ASS,23498,ATEDUCA CIA. LTDA.,"Educación Cívica, Ética e Integridad 6 EGB",2500,2875,25/02/2025 0:00,13/03/2025 0:00,EDITORIAL,FACTURADO,2500,2875
ASS,23499,ATEDUCA CIA. LTDA.,"Educación Cívica, Ética e Integridad 7 EGB",2500,2875,25/02/2025 0:00,13/03/2025 0:00,EDITORIAL,FACTURADO,2500,2875
ASS,23500,ATEDUCA CIA. LTDA.,"Educación Cívica, Ética e Integridad 8 EGB",2500,2875,25/02/2025 0:00,13/03/2025 0:00,EDITORIAL,FACTURADO,2500,2875
ASS,23501,ATEDUCA CIA. LTDA.,"Educación Cívica, Ética e Integridad 9 EGB",2500,2875,25/02/2025 0:00,13/03/2025 0:00,EDITORIAL,FACTURADO,2500,2875
ASS,23502,ATEDUCA CIA. LTDA.,"Educación Cívica, Ética e Integridad 10 EGB",2500,2875,25/02/2025 0:00,13/03/2025 0:00,EDITORIAL,FACTURADO,2500,2875
ASS,23505,INTRIAGO FRAY OSCAR PASTOR,ENSEÑANZA RELIGIOSA ESCOLAR 2 BGU,1500,2820,26/02/2025 0:00,07/03/2025 0:00,EDITORIAL,FACTURADO,1500,2820
ASS,23518,OTECEL S.A.,reimpresión agendas movistar - ecuador nos mueve - CAYFO3,1500,6088.5,28/02/2025 0:00,10/03/2025 0:00,PUBLICOMERCIAL,FACTURADO,1500,6088.5
ASS,23525,BOOKS & BITS ECUADOR S.A.,diptico,1000,396,06/03/2025 0:00,11/03/2025 0:00,EDITORIAL,FACTURADO,1000,396
ASS,23540,PROGRAMA MUNDIAL DE ALIMENTOS,TICKETS BLANCO Y NEGRO,500,100,12/03/2025 0:00,19/03/2025 0:00,EDITORIAL,FACTURADO,500,100
ASS,23547,AGLOMERADOS COTOPAXI S.A,catalogo molduras y paneles decorativos,620,810.43,13/03/2025 0:00,19/03/2025 0:00,PUBLICOMERCIAL,FACTURADO,620,810.43
ASS,23548,OTECEL S.A.,Volantes Riocentro Sur - VOL123.1,1000,423,13/03/2025 0:00,17/03/2025 0:00,PUBLICOMERCIAL,FACTURADO,1000,423
ASS,23549,AGLOMERADOS COTOPAXI S.A,ADHESIVOS para tablilla,419,406.65,14/03/2025 0:00,19/03/2025 0:00,PUBLICOMERCIAL,FACTURADO,419,406.65
ASS,23565,PROGRAMA MUNDIAL DE ALIMENTOS,PORTA TARJETAS - 2 diseños,13600,730.01,19/03/2025 0:00,21/03/2025 0:00,PUBLICOMERCIAL,FACTURADO,13600,730.01
ASS,23605,WORKFORCE S.A,CUADERNO PASTA DURA,500,1934,07/04/2025 0:00,16/04/2025 0:00,PUBLICOMERCIAL,FACTURADO,500,1934
ASS,23606,WORKFORCE S.A,CARPETA A4,900,720,08/04/2025 0:00,22/04/2025 0:00,PUBLICOMERCIAL,FACTURADO,900,720
ASS,23610,OTECEL S.A.,SLEEVES para caja LISTO PACK - CAYFO335,600,594,10/04/2025 0:00,14/04/2025 0:00,PUBLICOMERCIAL,FACTURADO,600,594
ASS,23621,EMPRESA OPERADORA METRO DE MEDELLIN TRANSDEV EOMMT S.A.S.,TRIPTICO SAFETY FIRST,1000,444,14/04/2025 0:00,17/04/2025 0:00,PUBLICOMERCIAL,FACTURADO,1000,444
ASS,23629,OTECEL S.A.,COLGANTES MOVISTAR - CAYFO161 ,1169,1830.65,16/04/2025 0:00,22/04/2025 0:00,PUBLICOMERCIAL,FACTURADO,1169,1830.65
ASS,23681,EMPRESA OPERADORA METRO DE MEDELLIN TRANSDEV EOMMT S.A.S.,SEPARADOR,180,221.33,05/05/2025 0:00,06/05/2025 0:00,PUBLICOMERCIAL,FACTURADO,180,221.33
ASS,23687,AGLOMERADOS COTOPAXI S.A,BOCETEROS,1000,1000,06/05/2025 0:00,13/05/2025 0:00,PUBLICOMERCIAL,FACTURADO,1000,1000
ASS,23689,ORGANIZACION PANAMERICANA DE LA SALUD - ORGANIZACION MUNDIAL DE LA SALUD,CARTILLAS TIPO DIPTCO - REGIÓN SIERRA,40420,4809.98,06/05/2025 0:00,15/05/2025 0:00,PUBLICOMERCIAL,FACTURADO,40420,4809.98
ASS,23690,ORGANIZACION PANAMERICANA DE LA SALUD - ORGANIZACION MUNDIAL DE LA SALUD,CARTILLAS TIPO DIPTCO - REGIÓN COSTA,43960,5231.24,06/05/2025 0:00,15/05/2025 0:00,PUBLICOMERCIAL,FACTURADO,43960,5231.24
ASS,23691,ORGANIZACION PANAMERICANA DE LA SALUD - ORGANIZACION MUNDIAL DE LA SALUD,CARTILLAS TIPO DIPTCO - REGIÓN AMAZONÍA,15620,1858.78,06/05/2025 0:00,15/05/2025 0:00,PUBLICOMERCIAL,FACTURADO,15620,1858.78
ASS,23693,PROGRAMA MUNDIAL DE ALIMENTOS,PORTA TARJETAS,1500,275,09/05/2025 0:00,12/05/2025 0:00,PUBLICOMERCIAL,FACTURADO,1500,275
ASS,23706,OTECEL S.A.,"REIMPRESIÓN AGENDAS MOVISTAR - ECUADOR NOS MUEVE - CAYFO1
",100,1312.2,19/05/2025 0:00,21/05/2025 0:00,PUBLICOMERCIAL,FACTURADO,100,1312.2
ASS,23720,EMPRESA OPERADORA METRO DE MEDELLIN TRANSDEV EOMMT S.A.S.,TARJETAS DE PRESENTACIÓN - 2 NOMBRES,1000,444,19/05/2025 0:00,22/05/2025 0:00,PUBLICOMERCIAL,FACTURADO,1000,444
ASS,23424,OTECEL S.A.,TRIP29.1 - TRÍPTICOS - movistar,98600,2514.3,17/01/2025 0:00,,PUBLICOMERCIAL,FACTURADO,98600,2514.3
ASS,23426,INTRIAGO FRAY OSCAR PASTOR,libros EXPRESS ARTE 1,2000,4200,17/01/2025 0:00,28/01/2025 0:00,EDITORIAL,FACTURADO,2000,4200
ASS,23433,OTECEL S.A.,STICKER ayudaventas tuenti - STIC780,34700,2498.4,24/01/2025 0:00,03/02/2025 0:00,PUBLICOMERCIAL,FACTURADO,34700,2498.4
ASS,23435,OTECEL S.A.,Volante tuenti - VOL148.1,90000,1620,24/01/2025 0:00,29/01/2025 0:00,PUBLICOMERCIAL,FACTURADO,90000,1620
ASS,23440,OTECEL S.A.,VOLANTES POS PAGO - VOL123.1,1000,423,31/01/2025 0:00,03/02/2025 0:00,PUBLICOMERCIAL,FACTURADO,1000,423
ASS,23441,OTECEL S.A.,TRIP2.2 - TRÍPTICOS - movistar,1000,586.5,31/01/2025 0:00,03/02/2025 0:00,PUBLICOMERCIAL,FACTURADO,1000,586.5
ASS,23442,BFS ECUADOR,TRIPTICOS con desprendible,4000,598,03/02/2025 0:00,04/02/2025 0:00,PUBLICOMERCIAL,FACTURADO,4000,598
ASS,23451,OTECEL S.A.,CUADERNO CONVENCIÓN - CAYFO39,250,2900.25,03/02/2025 0:00,07/02/2025 0:00,PUBLICOMERCIAL,FACTURADO,250,2900.25
ASS,23454,OTECEL S.A.,COLGANTES SAN VALENTIN - COLG302,7820,3378.24,06/02/2025 0:00,10/02/2025 0:00,PUBLICOMERCIAL,FACTURADO,7820,3378.24
ASS,23473,BOOKS & BITS ECUADOR S.A.,BLOCK DE NOTAS,2000,1160,10/02/2025 0:00,14/02/2025 0:00,PUBLICOMERCIAL,FACTURADO,2000,1160
ASS,23479,OTECEL S.A.,agendas movistar - ecuador nos mueve - CAYFO39,200,2320.2,14/02/2025 0:00,18/02/2025 0:00,PUBLICOMERCIAL,FACTURADO,200,2320.2
ASS,23485,BOOKS & BITS ECUADOR S.A.,diptico MALLAS CURRICULARES,400,332,20/02/2025 0:00,21/02/2025 0:00,PUBLICOMERCIAL,FACTURADO,400,332
ASS,23486,OTECEL S.A.,reimpresión agendas movistar - ecuador nos mueve - CAYFO39,200,2320.2,20/02/2025 0:00,25/02/2025 0:00,PUBLICOMERCIAL,FACTURADO,200,2320.2
ASS,23488,BOOKS & BITS ECUADOR S.A.,REIMPRESIÓN diptico MALLAS CURRICULARES,400,332,24/02/2025 0:00,25/02/2025 0:00,PUBLICOMERCIAL,FACTURADO,400,332
ASS,23492,OTECEL S.A.,VOLANTE MOVISTAR - VOL122.1,500,1035,25/02/2025 0:00,27/02/2025 0:00,PUBLICOMERCIAL,FACTURADO,500,1035
ASS,23503,INTRIAGO FRAY OSCAR PASTOR,ENSEÑANZA RELIGIOSA ESCOLAR 1 BGU,1500,2820,26/02/2025 0:00,07/03/2025 0:00,EDITORIAL,FACTURADO,1500,2820
ASS,23504,INTRIAGO FRAY OSCAR PASTOR,ENSEÑANZA RELIGIOSA ESCOLAR 2 EGB,1500,2820,26/02/2025 0:00,26/02/2025 0:00,EDITORIAL,FACTURADO,1500,2820
ASS,23506,INTRIAGO FRAY OSCAR PASTOR,ENSEÑANZA RELIGIOSA ESCOLAR 3 EGB,1500,2820,26/02/2025 0:00,27/02/2025 0:00,EDITORIAL,FACTURADO,1500,2820
ASS,23507,INTRIAGO FRAY OSCAR PASTOR,ENSEÑANZA RELIGIOSA ESCOLAR 3 bgu,1500,2820,26/02/2025 0:00,07/03/2025 0:00,EDITORIAL,FACTURADO,1500,2820
ASS,23508,INTRIAGO FRAY OSCAR PASTOR,ENSEÑANZA RELIGIOSA ESCOLAR 4 egb,1500,2820,26/02/2025 0:00,07/03/2025 0:00,EDITORIAL,FACTURADO,1500,2820
ASS,23509,INTRIAGO FRAY OSCAR PASTOR,ENSEÑANZA RELIGIOSA ESCOLAR 5 egb,1500,2820,26/02/2025 0:00,07/03/2025 0:00,EDITORIAL,FACTURADO,1500,2820
ASS,23510,INTRIAGO FRAY OSCAR PASTOR,ENSEÑANZA RELIGIOSA ESCOLAR 6 egb,1500,2820,26/02/2025 0:00,07/03/2025 0:00,EDITORIAL,FACTURADO,1500,2820
ASS,23511,INTRIAGO FRAY OSCAR PASTOR,ENSEÑANZA RELIGIOSA ESCOLAR 7 egb,1500,2820,26/02/2025 0:00,07/03/2025 0:00,EDITORIAL,FACTURADO,1500,2820
ASS,23512,INTRIAGO FRAY OSCAR PASTOR,ENSEÑANZA RELIGIOSA ESCOLAR 8 egb,1500,2820,26/02/2025 0:00,10/03/2025 0:00,EDITORIAL,FACTURADO,1500,2820
ASS,23513,INTRIAGO FRAY OSCAR PASTOR,ENSEÑANZA RELIGIOSA ESCOLAR 9 egb,1500,2820,26/02/2025 0:00,10/03/2025 0:00,EDITORIAL,FACTURADO,1500,2820
ASS,23514,INTRIAGO FRAY OSCAR PASTOR,ENSEÑANZA RELIGIOSA ESCOLAR 10 egb,1500,2820,26/02/2025 0:00,10/03/2025 0:00,EDITORIAL,FACTURADO,1500,2820
ASS,23516,INTRIAGO FRAY OSCAR PASTOR,ENSEÑANZA RELIGIOSA ESCOLAR 1 egb,1500,2820,27/02/2025 0:00,10/03/2025 0:00,EDITORIAL,FACTURADO,1500,2820
ASS,23530,SANTILLANA S.A.,llaves digitales - acceso digital conecta,10000,1950,07/03/2025 0:00,13/03/2025 0:00,EDITORIAL,FACTURADO,10000,1950
ASS,23541,PROGRAMA MUNDIAL DE ALIMENTOS,PORTA TARJETAS,25000,1000,12/03/2025 0:00,19/03/2025 0:00,PUBLICOMERCIAL,FACTURADO,25000,1000
ASS,23593,BOOKS & BITS ECUADOR S.A.,PLANIFICADOR REGION COSTA 2025 - 2026,1000,1100,01/04/2025 0:00,07/04/2025 0:00,PUBLICOMERCIAL,FACTURADO,1000,1100
ASS,23630,OTECEL S.A.,VOLANTES MOVISTAR - VOL151.1,109000,1962,16/04/2025 0:00,22/04/2025 0:00,PUBLICOMERCIAL,FACTURADO,109000,1962
ASS,23666,AGLOMERADOS COTOPAXI S.A,ADHESIVOS para tablilla 18x14,6200,1178,29/04/2025 0:00,01/05/2025 0:00,PUBLICOMERCIAL,FACTURADO,6200,1178
ASS,23726,INTRIAGO FRAY OSCAR PASTOR,REIMPRESIÓN LIBROS EXPRESS ARTE 8,1500,2700,26/05/2025 0:00,02/06/2025 0:00,EDITORIAL,FACTURADO,1500,2700
ASS,23727,INTRIAGO FRAY OSCAR PASTOR,REIMPRESIÓN LIBROS EXPRESS ARTE 9,1500,2700,26/05/2025 0:00,02/06/2025 0:00,EDITORIAL,FACTURADO,1500,2700
ASS,23728,INTRIAGO FRAY OSCAR PASTOR,REIMPRESIÓN LIBROS EXPRESS ARTE 10,1500,2700,26/05/2025 0:00,02/06/2025 0:00,EDITORIAL,FACTURADO,1500,2700
ASS,23729,INTRIAGO FRAY OSCAR PASTOR,REIMPRESIÓN LIBROS EXPRESS ARTE 1 BGU,1500,2700,26/05/2025 0:00,02/06/2025 0:00,EDITORIAL,FACTURADO,1500,2700
ASS,23730,INTRIAGO FRAY OSCAR PASTOR,REIMPRESIÓN LIBROS EXPRESS ARTE 2 BGU,1500,2700,26/05/2025 0:00,02/06/2025 0:00,EDITORIAL,FACTURADO,1500,2700
ASS,23741,BFS ECUADOR,EMPAQUE DÙO SANDUCHADO - 4 motivos,150,489,28/05/2025 0:00,02/06/2025 0:00,EMPAQUE,FACTURADO,150,489
ASS,23743,AGLOMERADOS COTOPAXI S.A,CARTA PRESENTACIÓN,1000,330,29/05/2025 0:00,02/06/2025 0:00,PUBLICOMERCIAL,FACTURADO,1000,330
ASS,23747,AGLOMERADOS COTOPAXI S.A,adhesivos pegados en tablillas,30160,2100,02/06/2025 0:00,18/06/2025 0:00,PUBLICOMERCIAL,FACTURADO,30160,2100
ASS,23748,AGLOMERADOS COTOPAXI S.A,flyer y adhesivos para tablila,1000,495,02/06/2025 0:00,05/06/2025 0:00,PUBLICOMERCIAL,FACTURADO,1000,495
ASS,23763,UMCO S.A.,REIMPRESIÓN SEPARADOR 64x45,5000,438.5,03/06/2025 0:00,09/06/2025 0:00,PUBLICOMERCIAL,FACTURADO,5000,438.5
ASS,23764,AGLOMERADOS COTOPAXI S.A,flyer para tablila,1000,315,03/06/2025 0:00,06/06/2025 0:00,PUBLICOMERCIAL,FACTURADO,1000,315
ASS,23771,OTECEL S.A.,REIMPRESIÓN cuadernos TUENTI - PUBLI35,1000,3300,06/06/2025 0:00,17/06/2025 0:00,PUBLICOMERCIAL,FACTURADO,1000,3300
ASS,23772,AGLOMERADOS COTOPAXI S.A,CARTA PRESENTACIÓN,30,60,06/06/2025 0:00,09/06/2025 0:00,PUBLICOMERCIAL,FACTURADO,30,60
ASS,23773,AGLOMERADOS COTOPAXI S.A,flyer y adhesivos para tablila,243,140,06/06/2025 0:00,09/06/2025 0:00,PUBLICOMERCIAL,FACTURADO,243,140
ASS,23777,OTECEL S.A.,cuadernos - portadas 3 modelos - PUBLI31,1000,2664,09/06/2025 0:00,19/06/2025 0:00,PUBLICOMERCIAL,FACTURADO,1000,2664
ASS,23779,OTECEL S.A.,VOLANTE POS PAGO - VOL151.1,106000,1908,10/06/2025 0:00,11/06/2025 0:00,PUBLICOMERCIAL,FACTURADO,106000,1908
ASS,23780,OTECEL S.A.,COLGANTES MOVISTAR - CARPLE212,1304,2370.67,10/06/2025 0:00,11/06/2025 0:00,PUBLICOMERCIAL,FACTURADO,1304,2370.67
ASS,23784,INTRIAGO FRAY OSCAR PASTOR,REIMPRESIÓN LIBROS EXPRESS ARTE 2,1150,2334.5,10/06/2025 0:00,24/06/2025 0:00,EDITORIAL,FACTURADO,1150,2334.5
ASS,23785,INTRIAGO FRAY OSCAR PASTOR,REIMPRESIÓN LIBROS EXPRESS ARTE 3,1150,2334.5,10/06/2025 0:00,20/06/2025 0:00,EDITORIAL,FACTURADO,1150,2334.5
ASS,23786,INTRIAGO FRAY OSCAR PASTOR,REIMPRESIÓN LIBROS EXPRESS ARTE 4,1150,2116,10/06/2025 0:00,20/06/2025 0:00,EDITORIAL,FACTURADO,1150,2116
ASS,23787,INTRIAGO FRAY OSCAR PASTOR,REIMPRESIÓN LIBROS EXPRESS ARTE 5,1150,2116,10/06/2025 0:00,20/06/2025 0:00,EDITORIAL,FACTURADO,1150,2116
ASS,23788,INTRIAGO FRAY OSCAR PASTOR,REIMPRESIÓN libros EXPRESS ARTE 6,1150,2116,10/06/2025 0:00,20/06/2025 0:00,EDITORIAL,FACTURADO,1150,2116
ASS,23789,INTRIAGO FRAY OSCAR PASTOR,REIMPRESIÓN LIBROS EXPRESS ARTE 7,1150,2116,10/06/2025 0:00,20/06/2025 0:00,EDITORIAL,FACTURADO,1150,2116
ASS,23793,AGLOMERADOS COTOPAXI S.A,ETIQUETAS ADHESIVAS,600,96,12/06/2025 0:00,13/06/2025 0:00,PUBLICOMERCIAL,FACTURADO,600,96
ASS,23795,OTECEL S.A.,REIMPRESIÓN SLEEVES para caja LISTO PACK - CAYFO335,600,594,13/06/2025 0:00,17/06/2025 0:00,PUBLICOMERCIAL,FACTURADO,600,594
ASS,23815,AGLOMERADOS COTOPAXI S.A,ADHESIVOS PEGADOS EN TABLILLAS A5,30000,1950,30/06/2025 0:00,04/07/2025 0:00,PUBLICOMERCIAL,FACTURADO,30000,1950
ASS,23819,BOOKS & BITS ECUADOR S.A.,CARPETA,1000,555,02/07/2025 0:00,08/07/2025 0:00,PUBLICOMERCIAL,FACTURADO,1000,555
ASS,23824,OTECEL S.A.,IMPRESIÓN BOLETOS - AFI7.1,1502,270.36,08/07/2025 0:00,09/07/2025 0:00,PUBLICOMERCIAL,FACTURADO,1502,270.36
ASS,23842,BOOKS & BITS ECUADOR S.A.,DÍPTICO - SABÍAS QUE,1000,396,14/07/2025 0:00,17/07/2025 0:00,PUBLICOMERCIAL,FACTURADO,1000,396
ASS,23861,OTECEL S.A.,VOLANTE MOVISTAR,7000,378,21/07/2025 0:00,23/07/2025 0:00,PUBLICOMERCIAL,FACTURADO,7000,378
ASS,23862,OTECEL S.A.,TRIPTICOS MOVISTAR,8000,476,21/07/2025 0:00,23/07/2025 0:00,PUBLICOMERCIAL,FACTURADO,8000,476
ASS,23863,OTECEL S.A.,BANDEROLAS TUENTI Y MOVISTAR,66,109.89,21/07/2025 0:00,23/07/2025 0:00,PUBLICOMERCIAL,FACTURADO,66,109.89
ASS,23870,BOOKS & BITS ECUADOR S.A.,BIG FLYER,200,204,28/07/2025 0:00,30/07/2025 0:00,PUBLICOMERCIAL,FACTURADO,200,204
ASS,23871,BOOKS & BITS ECUADOR S.A.,CARPETAS CON BOLSILLO - negra,3000,1458,28/07/2025 0:00,04/08/2025 0:00,PUBLICOMERCIAL,FACTURADO,3000,1458
ASS,23872,BOOKS & BITS ECUADOR S.A.,CARPETAS CON BOLSILLO ,2000,1089,28/07/2025 0:00,04/08/2025 0:00,PUBLICOMERCIAL,FACTURADO,2000,1089
ASS,23874,AGLOMERADOS COTOPAXI S.A,CAJA SANDUCHADA,200,750,28/07/2025 0:00,06/08/2025 0:00,EMPAQUE,FACTURADO,200,750
ASS,23875,OTECEL S.A.,BANDEROLAS,14000,4158,29/07/2025 0:00,01/08/2025 0:00,PUBLICOMERCIAL,FACTURADO,14000,4158
ASS,23876,OTECEL S.A.,COLGANTE,14000,2142,29/07/2025 0:00,01/08/2025 0:00,PUBLICOMERCIAL,FACTURADO,14000,2142
ASS,23881,AGLOMERADOS COTOPAXI S.A,flyers - A5 - 660 und,660,165,30/07/2025 0:00,04/08/2025 0:00,PUBLICOMERCIAL,FACTURADO,660,165
ASS,23882,AGLOMERADOS COTOPAXI S.A,flyers - 200 und,200,98,30/07/2025 0:00,06/08/2025 0:00,PUBLICOMERCIAL,FACTURADO,200,98
ASS,23884,EMPRESA OPERADORA METRO DE MEDELLIN TRANSDEV EOMMT S.A.S.,REIMRPESIÓN Cartilla Contraseña Cuenta Ciudad,10000,519,30/07/2025 0:00,04/08/2025 0:00,PUBLICOMERCIAL,FACTURADO,10000,519
ASS,23889,OTECEL S.A.,TRÍPTICOS MOVISTAR,104300,2659.65,05/08/2025 0:00,08/08/2025 0:00,PUBLICOMERCIAL,FACTURADO,104300,2659.65
ASS,23890,OTECEL S.A.,IMPRESIÓN BOLETOS - CARPLE51,19767,2668.55,05/08/2025 0:00,08/08/2025 0:00,PUBLICOMERCIAL,FACTURADO,19767,2668.55
ASS,23894,OTECEL S.A.,REIMPRESIÓN BANDEROLAS - STIC34,500,441,06/08/2025 0:00,12/08/2025 0:00,PUBLICOMERCIAL,FACTURADO,500,441
ASS,23899,OTECEL S.A.,voolantes - VOL140.1,50000,900,08/08/2025 0:00,13/08/2025 0:00,PUBLICOMERCIAL,FACTURADO,50000,900
ASS,23903,SANTILLANA S.A.,ec24841 - Secondary Fly Higher A2 Workbook,1000,2460,08/08/2025 0:00,15/08/2025 0:00,EDITORIAL,FACTURADO,1000,2460
ASS,23904,SANTILLANA S.A.,ec024842 - Secondary Fly Higher B1 Workbook,1100,2585,08/08/2025 0:00,13/08/2025 0:00,EDITORIAL,FACTURADO,1100,2585
ASS,23905,SANTILLANA S.A.,EC024843 - Secondary Fly Higher B1+ Workbook,600,1902,08/08/2025 0:00,15/08/2025 0:00,EDITORIAL,FACTURADO,600,1902
ASS,23906,SANTILLANA S.A.,EC044203 - Secondary Go Further B1+ Workbook,600,1356,08/08/2025 0:00,15/08/2025 0:00,EDITORIAL,FACTURADO,600,1356
ASS,23907,SANTILLANA S.A.,EC044247 - Secondary Go Further B1 Workbook,600,1356,08/08/2025 0:00,18/08/2025 0:00,EDITORIAL,FACTURADO,600,1356
ASS,23908,SANTILLANA S.A.,EC044204 - Secondary Go Further A2 Workbook,600,1356,08/08/2025 0:00,18/08/2025 0:00,EDITORIAL,FACTURADO,600,1356
ASS,23909,SANTILLANA S.A.,EC024840 - Secondary Fly Higher A1+ Workbook,600,1902,08/08/2025 0:00,18/08/2025 0:00,EDITORIAL,FACTURADO,600,1902
ASS,23910,SANTILLANA S.A.,EC024833 - Primary Fly Higher 6 Practice Book,600,1590,08/08/2025 0:00,18/08/2025 0:00,EDITORIAL,FACTURADO,600,1590
ASS,23911,SANTILLANA S.A.,EC024823 - Primary Fly Higher 1 Practice Book,600,1590,12/08/2025 0:00,18/08/2025 0:00,EDITORIAL,FACTURADO,600,1590
ASS,23912,SANTILLANA S.A.,EC044394 - Preschool Go for it! 1 Student's Book,600,1788.01,12/08/2025 0:00,18/08/2025 0:00,EDITORIAL,FACTURADO,600,1788.01
ASS,23926,OTECEL S.A.,TRIPTICOS MOVISTAR WEEKS,51150,1304.33,18/08/2025 0:00,20/08/2025 0:00,PUBLICOMERCIAL,FACTURADO,51150,1304.33
ASS,23927,BOOKS & BITS ECUADOR S.A.,PLANEADOR,1000,1100,18/08/2025 0:00,22/08/2025 0:00,PUBLICOMERCIAL,FACTURADO,1000,1100
ASS,23946,OTECEL S.A.,TEND CARD MOVISTAR Y TUENTI,8100,1603.8,27/08/2025 0:00,01/09/2025 0:00,PUBLICOMERCIAL,FACTURADO,8100,1603.8
ASS,23964,BFS ECUADOR S.A,CAJA PASTA DURA,25,812.5,02/09/2025 0:00,09/09/2025 0:00,EMPAQUE,FACTURADO,25,812.5
ASS,23965,OTECEL S.A.,TRÍPTICOS MOVISTAR WEEKS - SEPTIEMBRE,51150,1304.33,03/09/2025 0:00,05/09/2025 0:00,PUBLICOMERCIAL,FACTURADO,51150,1304.33
ASS,23975,BOOKS & BITS ECUADOR S.A.,REIMPRESIÓN PLANEADOR,500,700,04/09/2025 0:00,10/09/2025 0:00,PUBLICOMERCIAL,FACTURADO,500,700
ASS,23976,OTECEL S.A.,AFICHE ATENCIONES,20000,4320.01,04/09/2025 0:00,10/09/2025 0:00,PUBLICOMERCIAL,FACTURADO,20000,4320.01
ASS,23977,OTECEL S.A.,STICKER AYUDAVENTAS ATENCIONES,15000,1215,04/09/2025 0:00,10/09/2025 0:00,PUBLICOMERCIAL,FACTURADO,15000,1215
ASS,23978,OTECEL S.A.,TRIPTICOS ATENCIONES,30000,1020,04/09/2025 0:00,10/09/2025 0:00,PUBLICOMERCIAL,FACTURADO,30000,1020
ASS,23979,OTECEL S.A.,VIBRIN ATENCIONES,15000,2565,04/09/2025 0:00,10/09/2025 0:00,PUBLICOMERCIAL,FACTURADO,15000,2565
ASS,23980,OTECEL S.A.,AFICHE CHIP,20000,4320,05/09/2025 0:00,15/09/2025 0:00,PUBLICOMERCIAL,FACTURADO,20000,4320
ASS,23981,OTECEL S.A.,AFICHE COMBOS,20000,4320,05/09/2025 0:00,15/09/2025 0:00,PUBLICOMERCIAL,FACTURADO,20000,4320
ASS,23982,OTECEL S.A.,STICKER AYUDAVENTAS COMBOS,15000,1215,05/09/2025 0:00,15/09/2025 0:00,PUBLICOMERCIAL,FACTURADO,15000,1215
ASS,23983,OTECEL S.A.,VOLANTES CHIP / COMBO,70000,1260,05/09/2025 0:00,15/09/2025 0:00,PUBLICOMERCIAL,FACTURADO,70000,1260
ASS,23984,OTECEL S.A.,VOLANTES PORTABILIDAD,30000,810,05/09/2025 0:00,15/09/2025 0:00,PUBLICOMERCIAL,FACTURADO,30000,810
ASS,23985,OTECEL S.A.,VOLANTES R. AUTO,30000,810,05/09/2025 0:00,15/09/2025 0:00,PUBLICOMERCIAL,FACTURADO,30000,810
ASS,23986,AGLOMERADOS COTOPAXI S.A,ADHESIVOS 18X14,40,1440,09/09/2025 0:00,09/09/2025 0:00,PUBLICOMERCIAL,FACTURADO,40,1440
ASS,23996,EMPRESA OPERADORA METRO DE MEDELLIN TRANSDEV EOMMT S.A.S.,libreta pasta dura,5000,11062.5,11/09/2025 0:00,25/09/2025 0:00,PUBLICOMERCIAL,FACTURADO,5000,11062.5
ASS,23998,CAMARA DE INDUSTRIAS Y COMERCIO ECUATORIANO-BRITANICA,revista institucional LINKS,1000,2290,12/09/2025 0:00,,PUBLICOMERCIAL,FACTURADO,1000,2290
ASS,24003,OTECEL S.A.,Flyers Fibra Pro 900 Mbps,30000,810,16/09/2025 0:00,18/09/2025 0:00,PUBLICOMERCIAL,FACTURADO,30000,810
ASS,24004,AGLOMERADOS COTOPAXI S.A,flyer y adhesivos para tablila,1824,710,16/09/2025 0:00,23/09/2025 0:00,PUBLICOMERCIAL,FACTURADO,1824,710
ASS,24009,OTECEL S.A.,FLYERS FERIA PARA COLABORADORES,1000,423,17/09/2025 0:00,23/09/2025 0:00,PUBLICOMERCIAL,FACTURADO,1000,423
ASS,24012,AGLOMERADOS COTOPAXI S.A,Adhesivos para tablillas damero 4 motivos,28000,568.91,19/09/2025 0:00,22/09/2025 0:00,PUBLICOMERCIAL,FACTURADO,28000,568.91
ASS,24013,EMPRESA OPERADORA METRO DE MEDELLIN TRANSDEV EOMMT S.A.S.,KiTDE HERRAMIENTAS,100,493.26,19/09/2025 0:00,22/09/2025 0:00,PUBLICOMERCIAL,FACTURADO,100,493.26
ASS,24014,EMPRESA OPERADORA METRO DE MEDELLIN TRANSDEV EOMMT S.A.S.,BITACORA,100,878.29,19/09/2025 0:00,22/09/2025 0:00,PUBLICOMERCIAL,FACTURADO,100,878.29
ASS,24015,EMPRESA OPERADORA METRO DE MEDELLIN TRANSDEV EOMMT S.A.S.,ESCARAPELA,100,212.1,19/09/2025 0:00,22/09/2025 0:00,PUBLICOMERCIAL,FACTURADO,100,212.1
ASS,24018,INTRIAGO FRAY OSCAR PASTOR,REIMPRESIÓN LIBROS EXPRESS ARTE 10,500,900,22/09/2025 0:00,25/09/2025 0:00,EDITORIAL,FACTURADO,500,900
ASS,24019,INTRIAGO FRAY OSCAR PASTOR,REIMPRESIÓN LIBROS EXPRESS ARTE 9,500,900,22/09/2025 0:00,25/09/2025 0:00,EDITORIAL,FACTURADO,500,900
ASS,24020,INTRIAGO FRAY OSCAR PASTOR,REIMPRESIÓN LIBROS EXPRESS ARTE 8,500,900,22/09/2025 0:00,25/09/2025 0:00,EDITORIAL,FACTURADO,500,900
ASS,24024,EMPRESA OPERADORA METRO DE MEDELLIN TRANSDEV EOMMT S.A.S.,PORTADA KITDE HERRAMIENTAS,100,185.84,23/09/2025 0:00,24/09/2025 0:00,PUBLICOMERCIAL,FACTURADO,100,185.84
ASS,24065,AGROPESA INDUSTRIA AGROPECUARIA ECUATORIANA SA,CALENDARI GROPESA 15X21,1600,5414,21/10/2025 0:00,31/10/2025 0:00,PUBLICOMERCIAL,FACTURADO,1600,5414
ASS,24075,AGLOMERADOS COTOPAXI S.A,cuaderno 18x25 pasta dura,1200,5220,23/10/2025 0:00,10/11/2025 0:00,PUBLICOMERCIAL,FACTURADO,1200,5220
ASS,24067,ORGANIZACION PANAMERICANA DE LA SALUD - ORGANIZACION MUNDIAL DE LA SALUD,ROTAFOLIO,750,4500,22/10/2025 0:00,27/10/2025 0:00,PUBLICOMERCIAL,FACTURADO,750,4500
ASS,24043,EMPRESA OPERADORA METRO DE MEDELLIN TRANSDEV EOMMT S.A.S.,GAFAS,7000,3510,06/10/2025 0:00,14/10/2025 0:00,PUBLICOMERCIAL,FACTURADO,7000,3510
ASS,24069,ORGANIZACION PANAMERICANA DE LA SALUD - ORGANIZACION MUNDIAL DE LA SALUD,GUÍA METODOLÓGICA,70,2800,22/10/2025 0:00,29/10/2025 0:00,PUBLICOMERCIAL,FACTURADO,70,2800
ASS,24047,BFS ECUADOR,REIMPRESIÓN CAJA TIPO LONCHERA,200,680,07/10/2025 0:00,16/10/2025 0:00,EMPAQUE,FACTURADO,200,680
ASS,24030,OTECEL S.A.,VOLANTES POSPAGO,100000,1801.65,01/10/2025 0:00,03/10/2025 0:00,PUBLICOMERCIAL,FACTURADO,100000,1801.65
ASS,24031,OTECEL S.A.,TRIPTICO OCTUBRE,56250,1434.93,01/10/2025 0:00,03/10/2025 0:00,PUBLICOMERCIAL,FACTURADO,56250,1434.93
ASS,24076,ORGANIZACION PANAMERICANA DE LA SALUD - ORGANIZACION MUNDIAL DE LA SALUD,"REIMPRESIÓN Afiches “Signos de alarma durante el embarazo, parto y posparto” 	",4600,800,24/10/2025 0:00,27/10/2025 0:00,PUBLICOMERCIAL,FACTURADO,4600,800
ASS,24053,OTECEL S.A.,STICKERS,1000,621.57,13/10/2025 0:00,15/10/2025 0:00,PUBLICOMERCIAL,FACTURADO,1000,621.57
ASS,24046,OTECEL S.A.,Volante Shakira,30003,540.26,07/10/2025 0:00,13/10/2025 0:00,PUBLICOMERCIAL,FACTURADO,30003,540.26
ASS,24091,OTECEL S.A.,reimpresión STICKERS,4100,515.08,30/10/2025 0:00,06/11/2025 0:00,PUBLICOMERCIAL,FACTURADO,4100,515.08
ASS,24066,ORGANIZACION PANAMERICANA DE LA SALUD - ORGANIZACION MUNDIAL DE LA SALUD,"Afiches “Signos de alarma durante el embarazo, parto y posparto”  y “Signos de alarma de neonatos” 	",2000,460,22/10/2025 0:00,23/10/2025 0:00,PUBLICOMERCIAL,FACTURADO,2000,460
ASS,24089,AGLOMERADOS COTOPAXI S.A,FLYERS A5,1200,228,28/10/2025 0:00,31/10/2025 0:00,PUBLICOMERCIAL,FACTURADO,1200,228
ASS,24096,AGLOMERADOS COTOPAXI S.A,flyers A5,1200,228,30/10/2025 0:00,30/10/2025 0:00,PUBLICOMERCIAL,FACTURADO,1200,228
ASS,24077,INTRIAGO FRAY OSCAR PASTOR,REIMPRESIÓN LIBROS EXPRESS ARTE 8,500,900,24/10/2025 0:00,29/10/2025 0:00,EDITORIAL,FACTURADO,500,900
ASS,24078,INTRIAGO FRAY OSCAR PASTOR,REIMPRESIÓN LIBROS EXPRESS ARTE 9,500,900,24/10/2025 0:00,29/10/2025 0:00,EDITORIAL,FACTURADO,500,900
ASS,24079,INTRIAGO FRAY OSCAR PASTOR,REIMPRESIÓN LIBROS EXPRESS ARTE 10,500,900,24/10/2025 0:00,29/10/2025 0:00,EDITORIAL,FACTURADO,500,900
ASS,24080,INTRIAGO FRAY OSCAR PASTOR,REIMPRESIÓN LIBROS EXPRESS ARTE 1 BGU,500,900,24/10/2025 0:00,29/10/2025 0:00,EDITORIAL,FACTURADO,500,900
ASS,24081,INTRIAGO FRAY OSCAR PASTOR,REIMPRESIÓN LIBROS EXPRESS ARTE 2 BGU,500,900,24/10/2025 0:00,29/10/2025 0:00,EDITORIAL,FACTURADO,500,900
ASS,24068,ORGANIZACION PANAMERICANA DE LA SALUD - ORGANIZACION MUNDIAL DE LA SALUD,FOLLETO “Indicaciones de caja de herramientas”,70,140,22/10/2025 0:00,28/10/2025 0:00,PUBLICOMERCIAL,FACTURADO,70,140
ASS,24042,AGLOMERADOS COTOPAXI S.A,etiquetas,48,46,06/10/2025 0:00,06/10/2025 0:00,PUBLICOMERCIAL,FACTURADO,48,46
ASS,24058,EMPRESA METROPOLITANA DE AGUA POTABLE Y SANEAMIENTO EPMAPS,diplomas,4,8,16/10/2025 0:00,16/10/2025 0:00,PUBLICOMERCIAL,FACTURADO,4,8
ASS,24097,EMPRESA OPERADORA METRO DE MEDELLIN TRANSDEV EOMMT S.A.S.,CAJA PASTA DURA,180,2790,31/10/2025 0:00,06/11/2025 0:00,CAJAS PASTA DURA,FACTURADO,180,2790
ASS,24104,OTECEL S.A.,REIMPRESION VOLANTES POSPAGO,3000,351,07/11/2025 0:00,11/11/2025 0:00,PUBLICOMERCIAL,FACTURADO,3000,351
ASS,24105,OTECEL S.A.,REIMPRESION TRIPTICO REIMPRESION,1000,586.5,07/11/2025 0:00,11/11/2025 0:00,PUBLICOMERCIAL,FACTURADO,1000,586.5
ASS,24108,INTRIAGO FRAY OSCAR PASTOR,VOLANTES,4000,250,10/11/2025 0:00,11/11/2025 0:00,PUBLICOMERCIAL,FACTURADO,4000,250
ASS,24117,OTECEL S.A.,VOLANTE BLACK FRIDAY TUENTI,3800,307.8,12/11/2025 0:00,14/11/2025 0:00,PUBLICOMERCIAL,FACTURADO,3800,307.8
ASS,24119,AGLOMERADOS COTOPAXI S.A,TARJETAS - 3 motivos,4159,587.05,14/11/2025 0:00,17/11/2025 0:00,PUBLICOMERCIAL,FACTURADO,4159,587.05
ASS,24121,INTRIAGO FRAY OSCAR PASTOR,SHOPPING BAG,50,300,14/11/2025 0:00,18/11/2025 0:00,EMPAQUE,FACTURADO,50,300
ASS,24129,OTECEL S.A.,TRIPTICO NOVIEMBRE,69800,1779.9,18/11/2025 0:00,20/11/2025 0:00,PUBLICOMERCIAL,FACTURADO,69800,1779.9
ASS,24130,OTECEL S.A.,VOLANTES NOVIEMBRE,69400,1249.2,18/11/2025 0:00,20/11/2025 0:00,PUBLICOMERCIAL,FACTURADO,69400,1249.2
ASS,24132,OTECEL S.A.,VOLANTE TUENTI,100,215,19/11/2025 0:00,20/11/2025 0:00,PUBLICOMERCIAL,FACTURADO,100,215
ASS,24133,SANTILLANA S.A.,AGENDA PREMIUM,800,2984,20/11/2025 0:00,04/12/2025 0:00,PUBLICOMERCIAL,FACTURADO,800,2984
ASS,24148,AGLOMERADOS COTOPAXI S.A,Sobre para cuadernos y sticker,1100,792,27/11/2025 0:00,08/12/2025 0:00,EMPAQUE,FACTURADO,1100,792
ASS,24149,OTECEL S.A.,VOLANTES TUENTI,19900,537.3,01/12/2025 0:00,03/12/2025 0:00,PUBLICOMERCIAL,FACTURADO,19900,537.3
ASS,24150,OTECEL S.A.,VOLANTES MOVISTAR DICIEMBRE,143800,2588.4,02/12/2025 0:00,04/12/2025 0:00,PUBLICOMERCIAL,FACTURADO,143800,2588.4
ASS,24151,OTECEL S.A.,TRIPTICO  MOVISTAR DICIEMBRE,142800,3641.4,02/12/2025 0:00,04/12/2025 0:00,PUBLICOMERCIAL,FACTURADO,142800,3641.4
ASS,24166,LEONARDO GUERRERO,CAJAS CHUPA 2 MOTIVOS,4000,2180,12/12/2025 0:00,19/12/2025 0:00,EMPAQUE,FACTURADO,4000,2180
ASS,24167,LEONARDO GUERRERO,JUEGO CARTAS CHUPA VERSIÓN MALCRIADITAS,2000,2960,12/12/2025 0:00,19/12/2025 0:00,PUBLICOMERCIAL,FACTURADO,2000,2960
ASS,24168,LEONARDO GUERRERO,JUEGO CARTAS CHUPA VERSIÓN TRANQUI,2000,2960,12/12/2025 0:00,19/12/2025 0:00,PUBLICOMERCIAL,FACTURADO,2000,2960
ASS,24172,EMPRESA OPERADORA METRO DE MEDELLIN TRANSDEV EOMMT S.A.S.,TRÍPTICO PAPEL ECOLÓGICO,100,130,15/12/2025 0:00,17/12/2025 0:00,PUBLICOMERCIAL,FACTURADO,100,130
ASS,24178,EMPRESA OPERADORA METRO DE MEDELLIN TRANSDEV EOMMT S.A.S.,banderas - 6 motivos,1200,1140,19/12/2025 0:00,30/12/2025 0:00,PUBLICOMERCIAL,FACTURADO,1200,1140
ASS,24179,EMPRESA OPERADORA METRO DE MEDELLIN TRANSDEV EOMMT S.A.S.,CORONA,1900,722,19/12/2025 0:00,30/12/2025 0:00,PUBLICOMERCIAL,FACTURADO,1900,722
ASS,24180,EMPRESA OPERADORA METRO DE MEDELLIN TRANSDEV EOMMT S.A.S.,diplomas,20,28,19/12/2025 0:00,30/12/2025 0:00,PUBLICOMERCIAL,FACTURADO,20,28
BV,23443,JABONERIA WILSON S.A.,ROMPE TRAFICO DOBLE LADO,5000,3000,03/02/2025 0:00,10/02/2025 0:00,PUBLICOMERCIAL,FACTURADO,5000,3000
BV,23444,JABONERIA WILSON S.A.,TACKER MACHO,5000,1798.79,03/02/2025 0:00,10/02/2025 0:00,PUBLICOMERCIAL,FACTURADO,5000,1798.79
BV,23445,JABONERIA WILSON S.A.,VIBRIN GOL 500,2000,400,03/02/2025 0:00,10/02/2025 0:00,PUBLICOMERCIAL,FACTURADO,2000,400
BV,23446,JABONERIA WILSON S.A.,STICKER GRATIS,10000,300,03/02/2025 0:00,10/02/2025 0:00,PUBLICOMERCIAL,FACTURADO,10000,300
BV,23447,JABONERIA WILSON S.A.,MARCA PRECIO LAVA,6000,420,03/02/2025 0:00,10/02/2025 0:00,PUBLICOMERCIAL,FACTURADO,6000,420
BV,23448,JABONERIA WILSON S.A.,PRECIADOR MULTIMARCA,90000,1800,03/02/2025 0:00,10/02/2025 0:00,PUBLICOMERCIAL,FACTURADO,90000,1800
BV,23449,JABONERIA WILSON S.A.,PIZARRA CARTON - 3 motivos,30000,2700,03/02/2025 0:00,10/02/2025 0:00,PUBLICOMERCIAL,FACTURADO,30000,2700
BV,23450,JABONERIA WILSON S.A.,AFICHE 4 motivos,12000,1200,03/02/2025 0:00,10/02/2025 0:00,PUBLICOMERCIAL,FACTURADO,12000,1200
BV,23627,OMNILIFE DEL ECUADOR S.A.,Catálogos de Productos,10000,7325,15/04/2025 0:00,24/04/2025 0:00,PUBLICOMERCIAL,FACTURADO,10000,7325
BV,23402,INDUSTRIAS ALES C.A,CUADERNO 21x25,110,1095,06/01/2025 0:00,10/01/2025 0:00,PUBLICOMERCIAL,FACTURADO,110,1095
BV,23456,PRODUCTOS FAMILIA SANCELA DEL ECUADOR S.A.,AFICHES VENUS MAP,1000,190,07/02/2025 0:00,13/02/2025 0:00,PUBLICOMERCIAL,FACTURADO,1000,190
BV,23458,PRODUCTOS FAMILIA SANCELA DEL ECUADOR S.A.,VIBRINES MAP,2000,200,07/02/2025 0:00,13/02/2025 0:00,PUBLICOMERCIAL,FACTURADO,2000,200
BV,23477,PRODUCTOS FAMILIA SANCELA DEL ECUADOR S.A.,AGENDAS PERSONALIZADOS 2025,200,1580,13/02/2025 0:00,19/02/2025 0:00,PUBLICOMERCIAL,FACTURADO,200,1580
BV,23521,JABONERIA WILSON S.A.,AFICHE GOL,4000,660,28/02/2025 0:00,06/03/2025 0:00,PUBLICOMERCIAL,FACTURADO,4000,660
BV,23522,JABONERIA WILSON S.A.,Tackers GOL,1600,865,28/02/2025 0:00,07/03/2025 0:00,PUBLICOMERCIAL,FACTURADO,1600,865
BV,23523,JABONERIA WILSON S.A.,AYUDAVENTAS,100,125,05/03/2025 0:00,05/03/2025 0:00,PUBLICOMERCIAL,FACTURADO,100,125
BV,23550,NATURES SUNSHINE PRODUCTS DEL ECUADOR S.A.,DÍPTICO,4000,245,14/03/2025 0:00,18/03/2025 0:00,PUBLICOMERCIAL,FACTURADO,4000,245
BV,23560,ODELLA S.A.S.,BROCHURE TRÍPTICO PACIENTE LIFTERA,500,230.01,18/03/2025 0:00,19/03/2025 0:00,PUBLICOMERCIAL,FACTURADO,500,230.01
BV,23561,SEDEMI SERVICIOS DE MECANICA,BROCHURE PMC CONTORNOS,300,642,18/03/2025 0:00,24/03/2025 0:00,PUBLICOMERCIAL,FACTURADO,300,642
BV,23580,CORPORACION SUPERIOR CORSUPERIOR S.A.,flyer,3000,198,26/03/2025 0:00,26/03/2025 0:00,PUBLICOMERCIAL,FACTURADO,3000,198
BV,23596,CABASCANGO PROAÑO SONIA GERMANIA,INFORMATIVO CON MEDIDAS,5000,236,02/04/2025 0:00,03/04/2025 0:00,PUBLICOMERCIAL,FACTURADO,5000,236
BV,23598,CABASCANGO PROAÑO SONIA GERMANIA,INFORMATIVO,5000,188,02/04/2025 0:00,03/04/2025 0:00,PUBLICOMERCIAL,FACTURADO,5000,188
BV,23599,INDUSTRIAL DANEC S.A.,BIG BOY - 4 MODELOS,4,540,02/04/2025 0:00,03/04/2025 0:00,PUBLICOMERCIAL,FACTURADO,4,540
BV,23608,BUSSINES MARKETING PUBLICIDAD CIA LTDA,SUPLEMENTOS AEBE,10500,2571,09/04/2025 0:00,11/04/2025 0:00,PUBLICOMERCIAL,FACTURADO,10500,2571
BV,23619,ANDRANGO PINEIDA JOFFRE EFRAIN,LIBROS ROBOSTEAM B2,1800,3348,14/04/2025 0:00,17/04/2025 0:00,EDITORIAL,FACTURADO,1800,3348
BV,23632,ANDRANGO PINEIDA JOFFRE EFRAIN,LIBROS TRAVESIA CULTURAL 1 BGU,1000,3850,16/04/2025 0:00,23/04/2025 0:00,EDITORIAL,FACTURADO,1000,3850
BV,23633,ANDRANGO PINEIDA JOFFRE EFRAIN,LIBROS TRAVESIA CULTURAL 2 BGU,1000,3600,16/04/2025 0:00,23/04/2025 0:00,EDITORIAL,FACTURADO,1000,3600
BV,23634,ANDRANGO PINEIDA JOFFRE EFRAIN,CUPONES LIBROS ROBOSTEAM 3 modelos,5500,875,16/04/2025 0:00,22/04/2025 0:00,PUBLICOMERCIAL,FACTURADO,5500,875
BV,23642,ANDRANGO PINEIDA JOFFRE EFRAIN,LIBROS ESTUDIOS SOCIALES 7 EGB,700,3339,21/04/2025 0:00,25/04/2025 0:00,EDITORIAL,FACTURADO,700,3339
BV,23643,ANDRANGO PINEIDA JOFFRE EFRAIN,LIBROS LENGUA Y LITERATURA 1 BGU,700,3619,21/04/2025 0:00,25/04/2025 0:00,EDITORIAL,FACTURADO,700,3619
BV,23644,ANDRANGO PINEIDA JOFFRE EFRAIN,LIBROS LENGUA Y LITERATURA 4 EGB,700,3423,21/04/2025 0:00,25/04/2025 0:00,EDITORIAL,FACTURADO,700,3423
BV,23645,ANDRANGO PINEIDA JOFFRE EFRAIN,LIBROS LENGUA Y LITERATURA 5 EGB,700,3423,21/04/2025 0:00,25/04/2025 0:00,EDITORIAL,FACTURADO,700,3423
BV,23653,HINODE ECUADOR CIA.LTDA.,CATÁLOGO HINODE - CLICLO 03,800,1669,22/04/2025 0:00,25/04/2025 0:00,PUBLICOMERCIAL,FACTURADO,800,1669
BV,23662,JABONERIA WILSON S.A.,CUPONES - 2 motivos,52000,1170,25/04/2025 0:00,29/04/2025 0:00,PUBLICOMERCIAL,FACTURADO,52000,1170
BV,23663,JABONERIA WILSON S.A.,AFICHES 2 MOTIVOS,114,570,25/04/2025 0:00,29/04/2025 0:00,PUBLICOMERCIAL,FACTURADO,114,570
BV,23664,REDACOPIO S.A.,INDIVIDUALES 4 MOTIVO,150000,1690.05,28/04/2025 0:00,30/04/2025 0:00,PUBLICOMERCIAL,FACTURADO,150000,1690.05
BV,23665,JABONERIA WILSON S.A.,ROTULOS FRASES DE SEGURIDAD,6,48.9,28/04/2025 0:00,28/04/2025 0:00,PUBLICOMERCIAL,FACTURADO,6,48.9
BV,23667,NATURES SUNSHINE PRODUCTS DEL ECUADOR S.A.,ROLL UP,20,435,29/04/2025 0:00,29/04/2025 0:00,PUBLICOMERCIAL,FACTURADO,20,435
BV,23668,SMYLIFE DENTAL ESTHETIC,roll up,1,39,29/04/2025 0:00,29/04/2025 0:00,PUBLICOMERCIAL,FACTURADO,1,39
BV,23674,BUSSINES MARKETING PUBLICIDAD CIA LTDA,SUPLEMENTO,2000,742.6,01/05/2025 0:00,07/05/2025 0:00,PUBLICOMERCIAL,FACTURADO,2000,742.6
BV,23683,JABONERIA WILSON S.A.,VIBRINES,114,456,06/05/2025 0:00,06/05/2025 0:00,PUBLICOMERCIAL,FACTURADO,114,456
BV,23684,JABONERIA WILSON S.A.,ANFORAS,57,3277.5,06/05/2025 0:00,06/05/2025 0:00,PUBLICOMERCIAL,FACTURADO,57,3277.5
BV,23685,JABONERIA WILSON S.A.,ROLL UPS,57,2508,06/05/2025 0:00,06/05/2025 0:00,PUBLICOMERCIAL,FACTURADO,57,2508
BV,23686,JABONERIA WILSON S.A.,VINIL PARA PEGAR EN ROLL UPS,1,74.1,06/05/2025 0:00,06/05/2025 0:00,PUBLICOMERCIAL,FACTURADO,1,74.1
BV,23692,CABASCANGO PROAÑO SONIA GERMANIA,ETIQUETA COBIJA TÉRMICA CASAMIGA,2000,298,07/05/2025 0:00,09/05/2025 0:00,PUBLICOMERCIAL,FACTURADO,2000,298
BV,23707,JABONERIA WILSON S.A.,microperforados macor,1,368,19/05/2025 0:00,19/05/2025 0:00,PUBLICOMERCIAL,FACTURADO,1,368
BV,23732,JABONERIA WILSON S.A.,ARAÑA,1,32.5,26/05/2025 0:00,26/05/2025 0:00,PUBLICOMERCIAL,FACTURADO,1,32.5
BV,23733,SEDEMI SERVICIOS DE MECANICA,CARPETAS SEDEMI,1000,720,27/05/2025 0:00,02/06/2025 0:00,PUBLICOMERCIAL,FACTURADO,1000,720
BV,23734,SEDEMI SERVICIOS DE MECANICA,CUADERNOS,500,1250,27/05/2025 0:00,02/06/2025 0:00,PUBLICOMERCIAL,FACTURADO,500,1250
BV,23452,JABONERIA WILSON S.A.,MAPA,1,55,05/02/2025 0:00,05/02/2025 0:00,PUBLICOMERCIAL,FACTURADO,1,55
BV,23453,JABONERIA WILSON S.A.,rollo de cenefas adhesivas - 3 motivos,300,3450,05/02/2025 0:00,07/02/2025 0:00,PUBLICOMERCIAL,FACTURADO,300,3450
BV,23455,PRODUCTOS FAMILIA SANCELA DEL ECUADOR S.A.,cuelga rejas VENUS TAT,5000,1976.5,07/02/2025 0:00,13/02/2025 0:00,PUBLICOMERCIAL,FACTURADO,5000,1976.5
BV,23457,PRODUCTOS FAMILIA SANCELA DEL ECUADOR S.A.,VOLANTES venus TAT,30000,495,07/02/2025 0:00,13/02/2025 0:00,PUBLICOMERCIAL,FACTURADO,30000,495
BV,23459,PRODUCTOS FAMILIA SANCELA DEL ECUADOR S.A.,AFICHES TAT VENUS NOSOTRAS,30000,2490,07/02/2025 0:00,13/02/2025 0:00,PUBLICOMERCIAL,FACTURADO,30000,2490
BV,23474,TOYOTA DEL ECUADOR S.A.,Ticket Experiencia Regional,1,53,11/02/2025 0:00,11/02/2025 0:00,PUBLICOMERCIAL,FACTURADO,1,53
BV,23480,TOYOTA DEL ECUADOR S.A.,Ticket Experiencia Regional,1,53,14/02/2025 0:00,17/02/2025 0:00,PUBLICOMERCIAL,FACTURADO,1,53
BV,23515,TOYOTA DEL ECUADOR S.A.,impresión banderas y tarjetas,1,396,27/02/2025 0:00,27/02/2025 0:00,PUBLICOMERCIAL,FACTURADO,1,396
BV,23520,JABONERIA WILSON S.A.,reimpresión STICKERS PRUÉBALO GRATIS,250000,1500,28/02/2025 0:00,06/03/2025 0:00,PUBLICOMERCIAL,FACTURADO,250000,1500
BV,23574,CORPORACION SUPERIOR CORSUPERIOR S.A.,FLYERS - 16 MOTIVOS,62000,1109.8,25/03/2025 0:00,26/03/2025 0:00,PUBLICOMERCIAL,FACTURADO,62000,1109.8
BV,23587,REDACOPIO S.A.,INDIVIDUALES 1 MOTIVO,50000,737,28/03/2025 0:00,01/04/2025 0:00,PUBLICOMERCIAL,FACTURADO,50000,737
BV,23594,JABONERIA WILSON S.A.,paletas y roll ups,42,378,02/04/2025 0:00,02/04/2025 0:00,PUBLICOMERCIAL,FACTURADO,42,378
BV,23595,JABONERIA WILSON S.A.,"DUMMIE, ARAÑAS Y EXTRAVISIBILIDAD VENTANAL",17,1089,02/04/2025 0:00,02/04/2025 0:00,PUBLICOMERCIAL,FACTURADO,17,1089
BV,23603,JABONERIA WILSON S.A.,dummie y araña,2,115,04/04/2025 0:00,07/04/2025 0:00,PUBLICOMERCIAL,FACTURADO,2,115
BV,23618,ANDRANGO PINEIDA JOFFRE EFRAIN,LIBROS ROBOSTEAM B1,2000,3380,14/04/2025 0:00,17/04/2025 0:00,EDITORIAL,FACTURADO,2000,3380
BV,23620,ANDRANGO PINEIDA JOFFRE EFRAIN,LIBROS ROBOSTEAM B3,1700,3077,14/04/2025 0:00,17/04/2025 0:00,EDITORIAL,FACTURADO,1700,3077
BV,23641,ANDRANGO PINEIDA JOFFRE EFRAIN,LIBROS LENGUA Y LITERATURA 10 EGB,700,3640,21/04/2025 0:00,25/04/2025 0:00,EDITORIAL,FACTURADO,700,3640
BV,23646,ANDRANGO PINEIDA JOFFRE EFRAIN,LIBROS ESTUDIOS SOCIALES 9 EGB,700,3640,21/04/2025 0:00,25/04/2025 0:00,EDITORIAL,FACTURADO,700,3640
BV,23670,UMCO S.A.,SEPARADOR 27X27,40000,840,01/05/2025 0:00,07/05/2025 0:00,PUBLICOMERCIAL,FACTURADO,40000,840
BV,23695,UMCO S.A.,SEPARADOR 64x45,5000,438.5,09/05/2025 0:00,14/05/2025 0:00,PUBLICOMERCIAL,FACTURADO,5000,438.5
BV,23703,NATURES SUNSHINE PRODUCTS DEL ECUADOR S.A.,CATÁLOGO de producto,3000,2886,14/05/2025 0:00,20/05/2025 0:00,PUBLICOMERCIAL,FACTURADO,3000,2886
BV,23704,OMNILIFE DEL ECUADOR S.A.,FLYER BIENVENIDA EOS,10000,370,15/05/2025 0:00,19/05/2025 0:00,PUBLICOMERCIAL,FACTURADO,10000,370
BV,23721,UMCO S.A.,SEPARADOR PAPEL EARTH 32 x 30,50000,1400,20/05/2025 0:00,26/05/2025 0:00,PUBLICOMERCIAL,FACTURADO,50000,1400
BV,23761,AUQUILLA FREIRE DIEGO SEBASTIAN,CUADERNOS PUCE,1000,2552,03/06/2025 0:00,10/06/2025 0:00,PUBLICOMERCIAL,FACTURADO,1000,2552
BV,23781,THATBOOK S.A.S. B.I.C.,"LIBROS GRANDES ARTISTAS PLUS 7
",500,2230,10/06/2025 0:00,13/06/2025 0:00,EDITORIAL,FACTURADO,500,2230
BV,23782,THATBOOK S.A.S. B.I.C.,"LIBROS GRANDES ARTISTAS PLUS 10
",500,2230,10/06/2025 0:00,13/06/2025 0:00,EDITORIAL,FACTURADO,500,2230
BV,23796,HINODE ECUADOR CIA.LTDA.,CATÁLOGO HINODE - CLICLO 04,800,1350,13/06/2025 0:00,19/06/2025 0:00,PUBLICOMERCIAL,FACTURADO,800,1350
BV,23799,CABASCANGO PROAÑO SONIA GERMANIA,REIMPRESIÓN INFORMATIVO,5000,187.5,16/06/2025 0:00,18/06/2025 0:00,PUBLICOMERCIAL,FACTURADO,5000,187.5
BV,23806,GUEVARA FANNY MARITZA,REVISTA BUEN VIAJE # 171,1600,2272,20/06/2025 0:00,23/06/2025 0:00,PUBLICOMERCIAL,FACTURADO,1600,2272
BV,23814,NATURES SUNSHINE PRODUCTS DEL ECUADOR S.A.,TARJETAS,70,32,27/06/2025 0:00,30/06/2025 0:00,PUBLICOMERCIAL,FACTURADO,70,32
BV,23816,BUSSINES MARKETING PUBLICIDAD CIA LTDA,SUPLEMENTO 4 DE JULIO,5500,1340,30/06/2025 0:00,02/07/2025 0:00,PUBLICOMERCIAL,FACTURADO,5500,1340
BV,23818,OMNILIFE DEL ECUADOR S.A.,REIMPRESIÓN Catálogos de Productos,12000,8665,02/07/2025 0:00,07/07/2025 0:00,PUBLICOMERCIAL,FACTURADO,12000,8665
BV,23825,PRODUCTOS FAMILIA SANCELA DEL ECUADOR S.A.,AFICHES NATURAL Y CLÁSICA TAT,25000,2190,08/07/2025 0:00,14/07/2025 0:00,PUBLICOMERCIAL,FACTURADO,25000,2190
BV,23826,PRODUCTOS FAMILIA SANCELA DEL ECUADOR S.A.,AFICHE NATURAL Y CLÁSICA MAP,2000,660,08/07/2025 0:00,14/07/2025 0:00,PUBLICOMERCIAL,FACTURADO,2000,660
BV,23828,PRODUCTOS FAMILIA SANCELA DEL ECUADOR S.A.,AFICHE de REJA natural y clásica TAT,6000,2300,08/07/2025 0:00,14/07/2025 0:00,PUBLICOMERCIAL,FACTURADO,6000,2300
BV,23829,PRODUCTOS FAMILIA SANCELA DEL ECUADOR S.A.,tacker natural y clásica tat (rompetráfico),5000,1945,08/07/2025 0:00,14/07/2025 0:00,PUBLICOMERCIAL,FACTURADO,5000,1945
BV,23830,PRODUCTOS FAMILIA SANCELA DEL ECUADOR S.A.,VIBRINES NATURAL Y CLÁSICA PRODUCTO Y FRASES MAP,3000,585,08/07/2025 0:00,14/07/2025 0:00,PUBLICOMERCIAL,FACTURADO,3000,585
BV,23831,PRODUCTOS FAMILIA SANCELA DEL ECUADOR S.A.,TEND CARD,500,340,08/07/2025 0:00,14/07/2025 0:00,PUBLICOMERCIAL,FACTURADO,500,340
BV,23832,PRODUCTOS FAMILIA SANCELA DEL ECUADOR S.A.,CENEFA RANGE,5000,245,08/07/2025 0:00,14/07/2025 0:00,PUBLICOMERCIAL,FACTURADO,5000,245
BV,23833,PRODUCTOS FAMILIA SANCELA DEL ECUADOR S.A.,hablador range 2 modelos,20000,505,08/07/2025 0:00,,PUBLICOMERCIAL,FACTURADO,20000,505
BV,23836,UMCO S.A.,REIMPRESIÓN SEPARADOR 64x45,5000,438.5,10/07/2025 0:00,15/07/2025 0:00,PUBLICOMERCIAL,FACTURADO,5000,438.5
BV,23837,UMCO S.A.,REIMPRESIÓN SEPARADOR PAPEL EARTH 32 x 30,30000,840,10/07/2025 0:00,15/07/2025 0:00,PUBLICOMERCIAL,FACTURADO,30000,840
BV,23838,UMCO S.A.,REIMPRESIÓN SEPARADOR 27X27,50000,1050,10/07/2025 0:00,15/07/2025 0:00,PUBLICOMERCIAL,FACTURADO,50000,1050
BV,23855,NATURES SUNSHINE PRODUCTS DEL ECUADOR S.A.,REIMPRESIÓN CATÁLOGO de producto,2000,1980,18/07/2025 0:00,24/07/2025 0:00,PUBLICOMERCIAL,FACTURADO,2000,1980
BV,23883,THATBOOK S.A.S. B.I.C.,INGENIOSOS 1ER GRADO PREPARATORIA,1500,13500,30/07/2025 0:00,,EDITORIAL,FACTURADO,1500,13500
BV,23885,UMCO S.A.,reimpresimón SEPARADOR 64x45,3000,263.0964583,04/08/2025 0:00,12/08/2025 0:00,PUBLICOMERCIAL,FACTURADO,3000,263.0964583
BV,23886,UMCO S.A.,REIMPRESIÓN SEPARADOR 27X27,60000,1260,04/08/2025 0:00,12/08/2025 0:00,PUBLICOMERCIAL,FACTURADO,60000,1260
BV,23891,NATURES SUNSHINE PRODUCTS DEL ECUADOR S.A.,FOLLETO ACAÍ,10000,1104,05/08/2025 0:00,08/08/2025 0:00,PUBLICOMERCIAL,FACTURADO,10000,1104
BV,23892,NATURES SUNSHINE PRODUCTS DEL ECUADOR S.A.,ROLL UPS,2,78,05/08/2025 0:00,05/08/2025 0:00,PUBLICOMERCIAL,FACTURADO,2,78
BV,23893,NATURES SUNSHINE PRODUCTS DEL ECUADOR S.A.,TARJETAS,35,16,06/08/2025 0:00,06/08/2025 0:00,PUBLICOMERCIAL,FACTURADO,35,16
BV,23901,GRUPO TRANSBEL S.A,CATÁLOGO METODOLOGÍA,1500,975,08/08/2025 0:00,14/08/2025 0:00,PUBLICOMERCIAL,FACTURADO,1500,975
BV,23916,NATURES SUNSHINE PRODUCTS DEL ECUADOR S.A.,telas logos NAtURE´S Y POWER,2,33.92,13/08/2025 0:00,13/08/2025 0:00,PUBLICOMERCIAL,FACTURADO,2,33.92
BV,23918,GUEVARA FANNY MARITZA,REVISTA BUEN VIAJE # 172,1600,2153.9,14/08/2025 0:00,19/08/2025 0:00,PUBLICOMERCIAL,FACTURADO,1600,2153.9
BV,23923,UMCO S.A.,REIMPRESIÓN SEPARADOR PAPEL EARTH 32 x 30,30000,840,15/08/2025 0:00,25/08/2025 0:00,PUBLICOMERCIAL,FACTURADO,30000,840
BV,23932,THATBOOK S.A.S. B.I.C.,LIBRO AVENTUREROS PLUS INICIAL 1 - 3 A 4 AÑOS,1500,11325,19/08/2025 0:00,02/09/2025 0:00,EDITORIAL,FACTURADO,1500,11325
BV,23935,PRODUCTOS FAMILIA SANCELA DEL ECUADOR S.A.,Cenefas,1000,193,21/08/2025 0:00,22/08/2025 0:00,PUBLICOMERCIAL,FACTURADO,1000,193
BV,23936,NATURES SUNSHINE PRODUCTS DEL ECUADOR S.A.,Tarjetón acai sobres,5000,1250,21/08/2025 0:00,27/08/2025 0:00,PUBLICOMERCIAL,FACTURADO,5000,1250
BV,23943,EDICIONES HOLGUIN S.A.,LIBRO Luz Roja,1000,1384.92,26/08/2025 0:00,02/09/2025 0:00,EDITORIAL,FACTURADO,1000,1384.92
BV,23944,NATURES SUNSHINE PRODUCTS DEL ECUADOR S.A.,AFICHES ACAI,300,220,26/08/2025 0:00,29/08/2025 0:00,PUBLICOMERCIAL,FACTURADO,300,220
BV,23947,HINODE ECUADOR CIA.LTDA.,CATÁLOGO HINODE - CLICLO 05,800,2020,27/08/2025 0:00,29/08/2025 0:00,PUBLICOMERCIAL,FACTURADO,800,2020
BV,23948,NATURES SUNSHINE PRODUCTS DEL ECUADOR S.A.,ROLL UPS,2,78,27/08/2025 0:00,,PUBLICOMERCIAL,FACTURADO,2,78
BV,23949,EDICIONES HOLGUIN S.A.,BROCHURE,1000,862,28/08/2025 0:00,02/09/2025 0:00,PUBLICOMERCIAL,FACTURADO,1000,862
BV,23950,THATBOOK S.A.S. B.I.C.,LIBRO PREESCRITURA Y PRE MATEMÁTICAS,1500,6370,28/08/2025 0:00,01/09/2025 0:00,EDITORIAL,FACTURADO,1500,6370
BV,23954,HOLGUINCORP S.A.S,LIBRO MATEMÁTICAS 1 BGU,1000,5252,29/08/2025 0:00,05/09/2025 0:00,EDITORIAL,FACTURADO,1000,5252
BV,23960,HOLGUINCORP S.A.S,LIBRO MATEMÁTICAS 2BGU,1000,4960,01/09/2025 0:00,08/09/2025 0:00,EDITORIAL,FACTURADO,1000,4960
BV,23961,UMCO S.A.,reimpresimón SEPARADOR 64x45,4000,350.8,01/09/2025 0:00,08/09/2025 0:00,PUBLICOMERCIAL,FACTURADO,4000,350.8
BV,23967,MEGAPUBLISHER S.A.S,LIBROS ECA 2EGB,3000,4278,03/09/2025 0:00,05/09/2025 0:00,EDITORIAL,FACTURADO,3000,4278
BV,23968,MEGAPUBLISHER S.A.S,LIBROS ECA 3EGB,3000,4278,03/09/2025 0:00,06/09/2025 0:00,EDITORIAL,FACTURADO,3000,4278
BV,23969,MEGAPUBLISHER S.A.S,LIBROS ECA 4EGB,3000,4140,03/09/2025 0:00,08/09/2025 0:00,EDITORIAL,FACTURADO,3000,4140
BV,23970,MEGAPUBLISHER S.A.S,LIBROS ECA 5EGB,3000,4002,03/09/2025 0:00,09/09/2025 0:00,EDITORIAL,FACTURADO,3000,4002
BV,23971,MEGAPUBLISHER S.A.S,LIBROS ECA 6EGB,3000,4002,03/09/2025 0:00,11/09/2025 0:00,EDITORIAL,FACTURADO,3000,4002
BV,23972,MEGAPUBLISHER S.A.S,LIBROS ECA 7EGB,3000,4002,03/09/2025 0:00,10/09/2025 0:00,EDITORIAL,FACTURADO,3000,4002
BV,23973,MEGAPUBLISHER S.A.S,LIBROS ECA 1EGB,3000,4692,03/09/2025 0:00,10/09/2025 0:00,EDITORIAL,FACTURADO,3000,4692
BV,23988,THATBOOK S.A.S. B.I.C.,Libro PLayground Starter - 75gr,1000,3800,09/09/2025 0:00,11/09/2025 0:00,EDITORIAL,FACTURADO,1000,3800
BV,23989,THATBOOK S.A.S. B.I.C.,libro Habia Una vez 6,1200,2520,09/09/2025 0:00,12/09/2025 0:00,EDITORIAL,FACTURADO,1200,2520
BV,23997,THATBOOK S.A.S. B.I.C.,Libro PLayground Starter - 75gr,50,1550,11/09/2025 0:00,12/09/2025 0:00,EDITORIAL,FACTURADO,50,1550
BV,23999,UMCO S.A.,REIMPRESIÓN SEPARADOR 27X27,60000,1260,12/09/2025 0:00,17/09/2025 0:00,PUBLICOMERCIAL,FACTURADO,60000,1260
BV,24000,NATURES SUNSHINE PRODUCTS DEL ECUADOR S.A.,TARJETAS INFLUENCERS,25,25,15/09/2025 0:00,15/09/2025 0:00,PUBLICOMERCIAL,FACTURADO,25,25
BV,24010,NATURES SUNSHINE PRODUCTS DEL ECUADOR S.A.,Flyer MULTIVITAMINAS & MINERALES,3000,270,18/09/2025 0:00,22/09/2025 0:00,PUBLICOMERCIAL,FACTURADO,3000,270
BV,24011,NATURES SUNSHINE PRODUCTS DEL ECUADOR S.A.,AFICHE MULTIVITAMINAS Y MINERALES,300,220,18/09/2025 0:00,22/09/2025 0:00,PUBLICOMERCIAL,FACTURADO,300,220
BV,24025,AUQUILLA FREIRE DIEGO SEBASTIAN,AGENDAS A5,950,3375,24/09/2025 0:00,01/10/2025 0:00,PUBLICOMERCIAL,FACTURADO,950,3375
BV,24052,OMNILIFE DEL ECUADOR S.A.,GUÍA DE PRODUCTOS OCT,10000,7200,13/10/2025 0:00,15/10/2025 0:00,PUBLICOMERCIAL,FACTURADO,10000,7200
BV,24071,NATURES SUNSHINE PRODUCTS DEL ECUADOR S.A.,CATÁLOGO de producto NUEVO OCTUBRE,3000,2886,22/10/2025 0:00,27/10/2025 0:00,PUBLICOMERCIAL,FACTURADO,3000,2886
BV,24055,GUEVARA FANNY MARITZA,REVISTA BUEN VIAJE # 173,1500,2205,14/10/2025 0:00,17/10/2025 0:00,PUBLICOMERCIAL,FACTURADO,1500,2205
BV,24041,BUSSINES MARKETING PUBLICIDAD CIA LTDA,SUPLEMENTOS AEBE,10680,2136,06/10/2025 0:00,07/10/2025 0:00,PUBLICOMERCIAL,FACTURADO,10680,2136
BV,24057,HINODE ECUADOR CIA.LTDA.,CATÁLOGO HINODE - CLICLO 06 portada TRÍPTICA,1200,2040,16/10/2025 0:00,21/10/2025 0:00,PUBLICOMERCIAL,FACTURADO,1200,2040
BV,24074,UMCO S.A.,REIMPRESIÓN SEPARADOR PAPEL EARTH 32 x 30,30000,840,23/10/2025 0:00,29/10/2025 0:00,PUBLICOMERCIAL,FACTURADO,30000,840
BV,24073,UMCO S.A.,reimpresimón SEPARADOR 27x27,30000,630,23/10/2025 0:00,29/10/2025 0:00,PUBLICOMERCIAL,FACTURADO,30000,630
BV,24054,NATURES SUNSHINE PRODUCTS DEL ECUADOR S.A.,"FOLLETO POWER PROTEÍN
",3000,500,13/10/2025 0:00,17/10/2025 0:00,PUBLICOMERCIAL,FACTURADO,3000,500
BV,24038,UMCO S.A.,reimpresimón SEPARADOR 64x45,5000,438.49,06/10/2025 0:00,08/10/2025 0:00,PUBLICOMERCIAL,FACTURADO,5000,438.49
BV,24037,UMCO S.A.,reimpresimón SEPARADOR 27x27,20000,420,06/10/2025 0:00,08/10/2025 0:00,PUBLICOMERCIAL,FACTURADO,20000,420
BV,24070,GRUPO TRANSBEL S.A,CAJA NAVIDAD,865,2145,22/10/2025 0:00,24/10/2025 0:00,EMPAQUE,FACTURADO,865,2145
BV,24062,NATURES SUNSHINE PRODUCTS DEL ECUADOR S.A.,Afiche Power Protein,300,220,20/10/2025 0:00,21/10/2025 0:00,PUBLICOMERCIAL,FACTURADO,300,220
BV,24082,GRUPO TRANSBEL S.A,CARTA DE NAVIDAD,865,215,27/10/2025 0:00,27/10/2025 0:00,PUBLICOMERCIAL,FACTURADO,865,215
BV,24040,ZALDUMBIDE VERDEZOTO MARIA MAGDALENA,stickers logo,5000,206,06/10/2025 0:00,08/10/2025 0:00,PUBLICOMERCIAL,FACTURADO,5000,206
BV,24064,INDUSTRIAS ALES C.A,STAND GIRASOLI,1,120,20/10/2025 0:00,20/10/2025 0:00,PUBLICOMERCIAL,FACTURADO,1,120
BV,24085,GRUPO TRANSBEL S.A,FUNDA Y STICKER PARA CAJA NAVIDAD,865,80,27/10/2025 0:00,28/10/2025 0:00,PUBLICOMERCIAL,FACTURADO,865,80
BV,24059,NATURES SUNSHINE PRODUCTS DEL ECUADOR S.A.,ROLL UPS POWER PROTEIN 2 MODELOS,2,78,16/10/2025 0:00,20/10/2025 0:00,PUBLICOMERCIAL,FACTURADO,2,78
BV,24090,BUSSINES MARKETING PUBLICIDAD CIA LTDA,DÍPTICO,50,55,29/10/2025 0:00,29/10/2025 0:00,PUBLICOMERCIAL,FACTURADO,50,55
BV,24033,NATURES SUNSHINE PRODUCTS DEL ECUADOR S.A.,LETREROS COMUNICADO,5,28.5,02/10/2025 0:00,02/10/2025 0:00,PUBLICOMERCIAL,FACTURADO,5,28.5
BV,24061,NATURES SUNSHINE PRODUCTS DEL ECUADOR S.A.,TARJETAS TRASCIENDE HILLARY,31,14.17,20/10/2025 0:00,21/10/2025 0:00,PUBLICOMERCIAL,FACTURADO,31,14.17
BV,24098,HOLGUINCORP S.A.S,Catálogo 2026,500,700,05/11/2025 0:00,06/11/2025 0:00,PUBLICOMERCIAL,FACTURADO,500,700
BV,24101,UMCO S.A.,reimpresimón SEPARADOR 64x45,5000,438.5,06/11/2025 0:00,17/11/2025 0:00,PUBLICOMERCIAL,FACTURADO,5000,438.5
BV,24102,UMCO S.A.,reimpresimón SEPARADOR 27x27,30000,630,06/11/2025 0:00,17/11/2025 0:00,PUBLICOMERCIAL,FACTURADO,30000,630
BV,24107,GRUPO TRANSBEL S.A,CAJA LB,200,990,07/11/2025 0:00,13/11/2025 0:00,EMPAQUE,FACTURADO,200,990
BV,24112,JABONERIA WILSON S.A.,AFICHES LAVA,11350,950,11/11/2025 0:00,17/11/2025 0:00,PUBLICOMERCIAL,FACTURADO,11350,950
BV,24113,JABONERIA WILSON S.A.,ROMPETRÁFICO 3 motivos,20250,5690.25,11/11/2025 0:00,17/11/2025 0:00,PUBLICOMERCIAL,FACTURADO,20250,5690.25
BV,24114,JABONERIA WILSON S.A.,Tackers 2 motivos,13500,2299.06,11/11/2025 0:00,17/11/2025 0:00,PUBLICOMERCIAL,FACTURADO,13500,2299.06
BV,24115,JABONERIA WILSON S.A.,CENEFAS - rollo 50 mts,50,575,11/11/2025 0:00,17/11/2025 0:00,PUBLICOMERCIAL,FACTURADO,50,575
BV,24118,NATURES SUNSHINE PRODUCTS DEL ECUADOR S.A.,FOLLETO POWER HEALTH 6,2000,440,13/11/2025 0:00,14/11/2025 0:00,PUBLICOMERCIAL,FACTURADO,2000,440
BV,24120,NATURES SUNSHINE PRODUCTS DEL ECUADOR S.A.,DIPLOMAS,58,96,14/11/2025 0:00,14/11/2025 0:00,PUBLICOMERCIAL,FACTURADO,58,96
BV,24123,NATURES SUNSHINE PRODUCTS DEL ECUADOR S.A.,CHEQUES 3,3,70.5,18/11/2025 0:00,18/11/2025 0:00,PUBLICOMERCIAL,FACTURADO,3,70.5
BV,24124,NATURES SUNSHINE PRODUCTS DEL ECUADOR S.A.,TELA PARA BACKING multiproductos,1,115,18/11/2025 0:00,18/11/2025 0:00,PUBLICOMERCIAL,FACTURADO,1,115
BV,24127,UMCO S.A.,reimpresimón SEPARADOR 27x27,30000,630,18/11/2025 0:00,25/11/2025 0:00,PUBLICOMERCIAL,FACTURADO,30000,630
BV,24128,UMCO S.A.,REIMPRESIÓN SEPARADOR PAPEL EARTH 32 x 30,20000,560,18/11/2025 0:00,25/11/2025 0:00,PUBLICOMERCIAL,FACTURADO,20000,560
BV,24131,TOYOTA DEL ECUADOR S.A.,TELA PARA BAKING ARAÑA,1,235,19/11/2025 0:00,19/11/2025 0:00,PUBLICOMERCIAL,FACTURADO,1,235
BV,24136,GRUPO TRANSBEL S.A,CAJA,3,75,21/11/2025 0:00,25/11/2025 0:00,EMPAQUE,FACTURADO,3,75
BV,24140,"CENTRO DE APOYO Y PROTECCION DE LOS DERECHOS HUMANOS ""SURKANA""",FOLLETO A5,1000,2500.01,21/11/2025 0:00,25/11/2025 0:00,PUBLICOMERCIAL,FACTURADO,1000,2500.01
BV,24142,UMCO S.A.,reimpresimón SEPARADOR 64x45,5000,438.5,24/11/2025 0:00,03/12/2025 0:00,PUBLICOMERCIAL,FACTURADO,5000,438.5
BV,24157,UMCO S.A.,REIMPRESIÓN SEPARADOR PAPEL EARTH 32 x 30,20000,560,09/12/2025 0:00,18/12/2025 0:00,PUBLICOMERCIAL,FACTURADO,20000,560
BV,24158,SEDEMI SERVICIOS DE MECANICA,CUADERNOS 2026 COSIDOS,600,2730,09/12/2025 0:00,19/12/2025 0:00,PUBLICOMERCIAL,FACTURADO,600,2730
BV,24159,UMCO S.A.,reimpresimón SEPARADOR 64x45,6000,526.19,10/12/2025 0:00,18/12/2025 0:00,PUBLICOMERCIAL,FACTURADO,6000,526.19
BV,24160,UMCO S.A.,reimpresimón SEPARADOR 27x27,20000,420,10/12/2025 0:00,18/12/2025 0:00,PUBLICOMERCIAL,FACTURADO,20000,420
BV,24164,NATURES SUNSHINE PRODUCTS DEL ECUADOR S.A.,roll ups 1 modelo,3,117,11/12/2025 0:00,12/12/2025 0:00,PUBLICOMERCIAL,FACTURADO,3,117
BV,24165,ZALDUMBIDE VERDEZOTO MARIA MAGDALENA,Cajas Rosca de Reyes + VENTANA CELOFAN TRANSPARENTE,1000,1055,12/12/2025 0:00,19/12/2025 0:00,EMPAQUE,FACTURADO,1000,1055
BV,24171,GUEVARA FANNY MARITZA,REVISTA BUEN VIAJE # 174,1600,2272,15/12/2025 0:00,19/12/2025 0:00,PUBLICOMERCIAL,FACTURADO,1600,2272
CTAG,23461,BICO INTERNACIONAL S.A.,BANDERINES - 10 diseños,100000,9000,10/02/2025 0:00,24/02/2025 0:00,EMPAQUE,FACTURADO,100000,9000
CTAG,23557,CHAIDE Y CHAIDE S.A,REIMPRESION COD.1771 ETIQUETA PROTECTOR BORN IMPERMEeable,1000,500,17/03/2025 0:00,20/03/2025 0:00,PUBLICOMERCIAL,FACTURADO,1000,500
CTAG,23558,CHAIDE Y CHAIDE S.A,REIMPRESIÓN - COD.63 ETIQUETA COLCHON BABY CHAIDE,2000,300,17/03/2025 0:00,20/03/2025 0:00,EDITORIAL,FACTURADO,2000,300
CTAG,23562,CHAIDE Y CHAIDE S.A,REIMPRESION COD.1148 ETIQUETA ALMOHADA ANTIREFLUJO B,500,600,19/03/2025 0:00,20/03/2025 0:00,PUBLICOMERCIAL,FACTURADO,500,600
CTAG,23581,SALAZAR-EDITORES S.A.S.,REIMPRESIÓN Mágicas Travesuras 3-4 años,2000,16800,26/03/2025 0:00,05/04/2025 0:00,EDITORIAL,FACTURADO,2000,16800
CTAG,23582,CHAIDE Y CHAIDE S.A,REIMPRESION COD.1148 ETIQUETA ALMOHADA ANTIREFLUJO B,500,600,26/03/2025 0:00,27/03/2025 0:00,PUBLICOMERCIAL,FACTURADO,500,600
CTAG,23639,CHAIDE Y CHAIDE S.A,reimpresión COD. 694 ETIQUETA CHN BABY CHAIDE ANTIACAROS,1000,210,21/04/2025 0:00,24/04/2025 0:00,PUBLICOMERCIAL,FACTURADO,1000,210
CTAG,23660,DIDACTICA-EDITORIAL S.A.S.,REIMPRESIÓN cuaderno pasta dura,2000,1628,25/04/2025 0:00,09/05/2025 0:00,PUBLICOMERCIAL,FACTURADO,2000,1628
CTAG,23661,CHAIDE Y CHAIDE S.A,REIMPRESIÓN - COD.63 ETIQUETA COLCHON BABY CHAIDE,5000,750,25/04/2025 0:00,01/05/2025 0:00,PUBLICOMERCIAL,FACTURADO,5000,750
CTAG,23406,FEDERACION DE CHOFERES,LEY ORGANICA TRANSPORTE,1100,1925,13/01/2025 0:00,16/01/2025 0:00,EDITORIAL,FACTURADO,1100,1925
CTAG,23416,CHAIDE Y CHAIDE S.A,COD 26 - CERTIFICADO GARANTIA CHN CONFORT TOP,50,4,16/01/2025 0:00,16/01/2025 0:00,PUBLICOMERCIAL,FACTURADO,50,4
CTAG,23422,AMC ECUADOR CIA.LTDA.,reimpresión PLIEGOS NINA FLOWERS 60X90,60000,1002.96,17/01/2025 0:00,21/01/2025 0:00,PUBLICOMERCIAL,FACTURADO,60000,1002.96
CTAG,23425,AMC ECUADOR CIA.LTDA.,reIMPRESIÓN PLIEGOS mjs 60X90,6970,117.1,17/01/2025 0:00,20/01/2025 0:00,PUBLICOMERCIAL,FACTURADO,6970,117.1
CTAG,23427,AMC ECUADOR CIA.LTDA.,REIMPRESIÓN PLIEGOS KNL FLORES 60X90,29890,502.15,22/01/2025 0:00,28/01/2025 0:00,PUBLICOMERCIAL,FACTURADO,29890,502.15
CTAG,23429,FEDERACION DE CHOFERES,REIMPRESIÓN conductores profesionales modulo 1,1500,3525,23/01/2025 0:00,31/01/2025 0:00,PUBLICOMERCIAL,FACTURADO,1500,3525
CTAG,23437,ALISERVIS S.A.,VOLANTES NACIONAL FEBRERO $7.99 inc. IVA,427750,4491.38,27/01/2025 0:00,03/02/2025 0:00,PUBLICOMERCIAL,FACTURADO,427750,4491.38
CTAG,23460,ALISERVIS S.A.,REIMPRESIÓN ETIQUETA MEDIUM - GARDEN SALAD,5000,575.01,10/02/2025 0:00,13/02/2025 0:00,PUBLICOMERCIAL,FACTURADO,5000,575.01
CTAG,23482,AMC ECUADOR CIA.LTDA.,REIMPRESIÓN PLIEGOS MJS 60X90,6000,100.79,17/02/2025 0:00,21/02/2025 0:00,PUBLICOMERCIAL,FACTURADO,6000,100.79
CTAG,23489,ALISERVIS S.A.,REIMPRESIÓN VOLANTES NACIONAL marzo $7.99 inc. IVA,355225,3729.86,24/02/2025 0:00,27/02/2025 0:00,PUBLICOMERCIAL,FACTURADO,355225,3729.86
CTAG,23491,ALISERVIS S.A.,volantes PROMOCIÓN 50% AMBATO,5000,53,24/02/2025 0:00,27/02/2025 0:00,PUBLICOMERCIAL,FACTURADO,5000,53
CTAG,23545,F.V. - AREA ANDINA S.A.,PLANTILLA PARA INSTALACIÓN,120,230,13/03/2025 0:00,19/03/2025 0:00,PUBLICOMERCIAL,FACTURADO,120,230
CTAG,23554,AMC ECUADOR CIA.LTDA.,REIMPRESIÓN PLIEGOS KNL FLORES 60X90,30000,495.6,17/03/2025 0:00,20/03/2025 0:00,PUBLICOMERCIAL,FACTURADO,30000,495.6
CTAG,23555,AMC ECUADOR CIA.LTDA.,REIMPRESIÓN PLIEGOS MJS 60X90,10000,168,17/03/2025 0:00,20/03/2025 0:00,PUBLICOMERCIAL,FACTURADO,10000,168
CTAG,23556,F.V. - AREA ANDINA S.A.,ROMPETRÁFICO FV,2000,650,17/03/2025 0:00,26/03/2025 0:00,PUBLICOMERCIAL,FACTURADO,2000,650
CTAG,23559,ALISERVIS S.A.,VOLANTES NUEVO LOCAL DOMINOS 9 DE OCTUBRE,5000,53,17/03/2025 0:00,20/03/2025 0:00,EDITORIAL,FACTURADO,5000,53
CTAG,23571,F.V. - AREA ANDINA S.A.,BANDERINES,2000,1340,21/03/2025 0:00,28/03/2025 0:00,PUBLICOMERCIAL,FACTURADO,2000,1340
CTAG,23579,ALISERVIS S.A.,VOLANTES NACIONAL ABRIL $7.99 inc. IVA,412750,4333.88,25/03/2025 0:00,31/03/2025 0:00,PUBLICOMERCIAL,FACTURADO,412750,4333.88
CTAG,23585,DIDACTICA-EDITORIAL S.A.S.,IMAGINA Y APRENDE 1 EGB PREPARATORIA,3000,17850,26/03/2025 0:00,02/04/2025 0:00,PUBLICOMERCIAL,FACTURADO,3000,17850
CTAG,23586,DIDACTICA-EDITORIAL S.A.S.,IMAGINA Y APRENDE 4 AÑOS INICIAL,3000,15450,27/03/2025 0:00,02/04/2025 0:00,EDITORIAL,FACTURADO,3000,15450
CTAG,23588,SALAZAR-EDITORES S.A.S.,magica travesuras 4-5 años,2000,18000,31/03/2025 0:00,16/04/2025 0:00,EDITORIAL,FACTURADO,2000,18000
CTAG,23591,SILVA VILEMA WILSON RODRIGO,PERIÓDICO EL MISIONERO edi. 1050,1000,650,01/04/2025 0:00,03/04/2025 0:00,PUBLICOMERCIAL,FACTURADO,1000,650
CTAG,23607,COMUNIKGRAF S.A.,REIMPRESIÓN OP 21882 - PORTADA BLOCK DE NOTAS LM,1000,110.38,08/04/2025 0:00,18/04/2025 0:00,PUBLICOMERCIAL,FACTURADO,1000,110.38
CTAG,23658,ALISERVIS S.A.,VOLANTES NACIONAL MAYO $7.99 inc. IVA,412750,4333.88,23/04/2025 0:00,01/05/2025 0:00,PUBLICOMERCIAL,FACTURADO,412750,4333.88
CTAG,23671,AMC ECUADOR CIA.LTDA.,REIMPRESIÓN PLIEGOS KNL FLORES 60X90,15000,258,01/05/2025 0:00,12/05/2025 0:00,PUBLICOMERCIAL,FACTURADO,15000,258
CTAG,23672,AMC ECUADOR CIA.LTDA.,REIMPRESIÓN PLIEGOS MJS FLORES 60X90,3000,51.59,01/05/2025 0:00,12/05/2025 0:00,PUBLICOMERCIAL,FACTURADO,3000,51.59
CTAG,23673,AMC ECUADOR CIA.LTDA.,REIMPRESIÓN PLIEGOS NINA FLOWERS FLORES 60X90,50000,860,01/05/2025 0:00,12/05/2025 0:00,PUBLICOMERCIAL,FACTURADO,50000,860
CTAG,23688,FEDERACION DE CHOFERES,reimpresión libro conductor modulo 2,1000,3472.89,06/05/2025 0:00,15/05/2025 0:00,PUBLICOMERCIAL,FACTURADO,1000,3472.89
CTAG,23694,SALAZAR-EDITORES S.A.S.,agenda 2025,1000,3350,09/05/2025 0:00,20/05/2025 0:00,PUBLICOMERCIAL,FACTURADO,1000,3350
CTAG,23696,COMERCIAL EL ARBOLITO CIA. LTDA,REIMPRESIÓN INDIVIDUALES 2 MOTIVOS,20000,625,12/05/2025 0:00,14/05/2025 0:00,PUBLICOMERCIAL,FACTURADO,20000,625
CTAG,23697,AMC ECUADOR CIA.LTDA.,IMPRESIÓN PLIEGOS MYSTIC 80X50,1000,100,13/05/2025 0:00,15/05/2025 0:00,PUBLICOMERCIAL,FACTURADO,1000,100
CTAG,23723,FEDERACION DE CHOFERES,REIMPRESIÓN LEY ORGÁNICA TRANSPORTE,1500,2220,20/05/2025 0:00,26/05/2025 0:00,EDITORIAL,FACTURADO,1500,2220
CTAG,23401,AMC ECUADOR CIA.LTDA.,reimpresión PLIEGOS NINA FLOWERS 60X90,59550,1000.44,06/01/2025 0:00,08/01/2025 0:00,PUBLICOMERCIAL,FACTURADO,59550,1000.44
CTAG,23407,AMC ECUADOR CIA.LTDA.,IMPRESIÓN PLIEGOS KNL FLORES 60X90,5900,99.12,14/01/2025 0:00,16/01/2025 0:00,PUBLICOMERCIAL,FACTURADO,5900,99.12
CTAG,23475,COMERCIAL EL ARBOLITO CIA. LTDA,REIMPRESIÓN INDIVIDUALES 2 MOTIVOS,20000,625,11/02/2025 0:00,14/02/2025 0:00,PUBLICOMERCIAL,FACTURADO,20000,625
CTAG,23478,SILVA VILEMA WILSON RODRIGO,libro EL MISIONERO edi. 1041 y 1048,2000,1300,13/02/2025 0:00,19/02/2025 0:00,EDITORIAL,FACTURADO,2000,1300
CTAG,23483,AMC ECUADOR CIA.LTDA.,REIMPRESIÓN PLIEGOS KNL FLORES 60X90,29600,497.28,17/02/2025 0:00,21/02/2025 0:00,PUBLICOMERCIAL,FACTURADO,29600,497.28
CTAG,23519,SILVA VILEMA WILSON RODRIGO,libro EL MISIONERO edi. 1042 y 1045,2000,1300,28/02/2025 0:00,06/03/2025 0:00,EDITORIAL,FACTURADO,2000,1300
CTAG,23527,DIDACTICA-EDITORIAL S.A.S.,REIMPRESIÓN LIBRO BIOLOGÍA 1 BGU - COLECCIÓN CREACIONES,2600,4690.92,07/03/2025 0:00,14/03/2025 0:00,EDITORIAL,FACTURADO,2600,4690.92
CTAG,23528,DIDACTICA-EDITORIAL S.A.S.,REIMPRESIÓN LIBRO BIOLOGÍA 2 BGU - COLECCIÓN CREACIONES,2200,4161.3,07/03/2025 0:00,14/03/2025 0:00,EDITORIAL,FACTURADO,2200,4161.3
CTAG,23529,DIDACTICA-EDITORIAL S.A.S.,REIMPRESIÓN LIBRO BIOLOGÍA 3 BGU - COLECCIÓN CREACIONES,1200,2828.52,07/03/2025 0:00,14/03/2025 0:00,EDITORIAL,FACTURADO,1200,2828.52
CTAG,23531,DIDACTICA-EDITORIAL S.A.S.,LIBRO FÍSICA 3 BGU - COLECCIÓN CREACIONES,2000,4112.8,07/03/2025 0:00,21/03/2025 0:00,EDITORIAL,FACTURADO,2000,4112.8
CTAG,23532,DIDACTICA-EDITORIAL S.A.S.,LIBRO FÍSICA 1 BGU - COLECCIÓN CREACIONES,2500,4777.25,10/03/2025 0:00,20/03/2025 0:00,EDITORIAL,FACTURADO,2500,4777.25
CTAG,23533,DIDACTICA-EDITORIAL S.A.S.,LIBRO FÍSICA 2 BGU - COLECCIÓN CREACIONES,2000,4112.8,10/03/2025 0:00,20/03/2025 0:00,EDITORIAL,FACTURADO,2000,4112.8
CTAG,23534,DIDACTICA-EDITORIAL S.A.S.,REIMPRESIÓN - LIBRO historia 1 BGU - COLECCIÓN CREACIONES,2500,4268,10/03/2025 0:00,19/03/2025 0:00,EDITORIAL,FACTURADO,2500,4268
CTAG,23535,DIDACTICA-EDITORIAL S.A.S.,LIBRO historia 3 BGU - COLECCIÓN CREACIONES,1700,3281.51,10/03/2025 0:00,19/03/2025 0:00,EDITORIAL,FACTURADO,1700,3281.51
CTAG,23536,DIDACTICA-EDITORIAL S.A.S.,LIBRO historia 2 BGU - COLECCIÓN CREACIONES,2500,4268,10/03/2025 0:00,19/03/2025 0:00,EDITORIAL,FACTURADO,2500,4268
CTAG,23539,SILVA VILEMA WILSON RODRIGO,PERIÓDICO EL MISIONERO edi. 1043 y 1044,2000,1300,11/03/2025 0:00,17/03/2025 0:00,EDITORIAL,FACTURADO,2000,1300
CTAG,23572,RED DE INTEGRACION ECUATORIANA DE COOPERATIVAS DE AHORRO Y CREDITO,REVISTA ICORED,2000,2100,24/03/2025 0:00,27/03/2025 0:00,PUBLICOMERCIAL,FACTURADO,2000,2100
CTAG,23573,SILVA VILEMA WILSON RODRIGO,PERIÓDICO EL MISIONERO edi. 1040 y 1046,2000,1300,24/03/2025 0:00,27/03/2025 0:00,EDITORIAL,FACTURADO,2000,1300
CTAG,23575,SILVA VILEMA WILSON RODRIGO,PERIÓDICO EL MISIONERO edi. 10470 y 1049,2000,1300,25/03/2025 0:00,25/03/2025 0:00,PUBLICOMERCIAL,FACTURADO,2000,1300
CTAG,23576,SALAZAR-EDITORES S.A.S.,expresión artística y creativa 8,3000,5700,25/03/2025 0:00,05/04/2025 0:00,EDITORIAL,FACTURADO,3000,5700
CTAG,23577,SALAZAR-EDITORES S.A.S.,EXPRESIÓN ARTÍSTICA Y CREATIVA 9,3000,5700,25/03/2025 0:00,05/04/2025 0:00,EDITORIAL,FACTURADO,3000,5700
CTAG,23578,SALAZAR-EDITORES S.A.S.,EXPRESIÓN ARTÍSTICA Y CREATIVA 10,3000,5700,25/03/2025 0:00,05/04/2025 0:00,EDITORIAL,FACTURADO,3000,5700
CTAG,23583,SALAZAR-EDITORES S.A.S.,EXPRESIÓN ARTÍSTICA Y CREATIVA 2 BGU,3000,5700,26/03/2025 0:00,05/04/2025 0:00,EDITORIAL,FACTURADO,3000,5700
CTAG,23584,SALAZAR-EDITORES S.A.S.,EXPRESIÓN ARTÍSTICA Y CREATIVA 1 BGU,3000,5700,26/03/2025 0:00,05/04/2025 0:00,EDITORIAL,FACTURADO,3000,5700
CTAG,23600,SALAZAR-EDITORES S.A.S.,Magicas Travesuras - CUADERNO de fortalecimiento del nivel PREPARATORIA,3000,11700,03/04/2025 0:00,10/04/2025 0:00,PUBLICOMERCIAL,FACTURADO,3000,11700
CTAG,23602,COMERCIAL EL ARBOLITO CIA. LTDA,REIMPRESIÓN INDIVIDUALES 2 MOTIVOS,20000,625,04/04/2025 0:00,07/04/2025 0:00,PUBLICOMERCIAL,FACTURADO,20000,625
CTAG,23604,CHAIDE Y CHAIDE S.A,Catálogo Técnico Chaide 2025 - PASTA DURA,4000,18600,07/04/2025 0:00,25/04/2025 0:00,PUBLICOMERCIAL,FACTURADO,4000,18600
CTAG,23609,F.V. - AREA ANDINA S.A.,REIMPRESIÍON BANDERINES,2000,1880,09/04/2025 0:00,24/04/2025 0:00,PUBLICOMERCIAL,FACTURADO,2000,1880
CTAG,23638,ALISERVIS S.A.,REIMPRESIÓN ETIQUETA MEDIUM - GARDEN SALAD,10000,850,17/04/2025 0:00,28/04/2025 0:00,PUBLICOMERCIAL,FACTURADO,10000,850
CTAG,23669,MANOSALVAS MARTINEZ JANETH,REVISTA,1000,600,30/04/2025 0:00,,PUBLICOMERCIAL,FACTURADO,1000,600
CTAG,23731,ALISERVIS S.A.,VOLANTES NACIONAL JUNIO $7.99 inc. IVA - 1 INGREDIENTE MEDIANA,417775,4386.64,26/05/2025 0:00,02/06/2025 0:00,PUBLICOMERCIAL,FACTURADO,417775,4386.64
CTAG,23739,AMC ECUADOR CIA.LTDA.,REIMPRESIÓN PLIEGOS NINA FLOWERS FLORES 60X90,50000,858,27/05/2025 0:00,02/06/2025 0:00,PUBLICOMERCIAL,FACTURADO,50000,858
CTAG,23740,MANOSALVAS MARTINEZ JANETH,REVISTA 8 pg,1000,425,28/05/2025 0:00,03/06/2025 0:00,PUBLICOMERCIAL,FACTURADO,1000,425
CTAG,23749,FEDERACION DE CHOFERES,REIMPRESIÓN MANUAL CAPACITACION TIPO E,1000,4630,02/06/2025 0:00,23/06/2025 0:00,EDITORIAL,FACTURADO,1000,4630
CTAG,23766,SILVA VILEMA WILSON RODRIGO,Folleto Política de Género,455,5185,04/06/2025 0:00,13/06/2025 0:00,EDITORIAL,FACTURADO,455,5185
CTAG,23797,CAAMAÑO MORILLO DAVID ALEJANDRO,REVISTA,500,1773,13/06/2025 0:00,18/06/2025 0:00,PUBLICOMERCIAL,FACTURADO,500,1773
CTAG,23802,COMERCIAL EL ARBOLITO CIA. LTDA,REIMPRESIÓN INDIVIDUALES 2 MOTIVOS,20000,625,18/06/2025 0:00,23/06/2025 0:00,PUBLICOMERCIAL,FACTURADO,20000,625
CTAG,23803,SILVA VILEMA WILSON RODRIGO,PERIÓDICO EL MISIONERO edi. 1071,1000,650,19/06/2025 0:00,23/06/2025 0:00,PUBLICOMERCIAL,FACTURADO,1000,650
CTAG,23809,ALISERVIS S.A.,VOLANTES NACIONAL Julio $7.99 inc. IVA - 1 INGREDIENTE MEDIANA,432775,4544.14,25/06/2025 0:00,30/06/2025 0:00,PUBLICOMERCIAL,FACTURADO,432775,4544.14
CTAG,23810,MANOSALVAS MARTINEZ JANETH,REVISTA 8 pg,1000,425,25/06/2025 0:00,01/07/2025 0:00,PUBLICOMERCIAL,FACTURADO,1000,425
CTAG,23811,CHAIDE Y CHAIDE S.A,REIMPRESION COD.512 ETIQUETA CHN LATEX,1000,1500,25/06/2025 0:00,30/06/2025 0:00,EMPAQUE,FACTURADO,1000,1500
CTAG,23812,RED DE INTEGRACION ECUATORIANA DE COOPERATIVAS DE AHORRO Y CREDITO,REVISTA ICORED,2000,2100,25/06/2025 0:00,02/07/2025 0:00,PUBLICOMERCIAL,FACTURADO,2000,2100
CTAG,23813,AMC ECUADOR CIA.LTDA.,IMPRESIÓN PLIEGOS MYSTIC 60x45,49000,666.4,26/06/2025 0:00,01/07/2025 0:00,PUBLICOMERCIAL,FACTURADO,49000,666.4
CTAG,23817,CHAIDE Y CHAIDE S.A,REIMPRESIÓN - COD.63 ETIQUETA COLCHON BABY CHAIDE,5000,750,01/07/2025 0:00,03/07/2025 0:00,PUBLICOMERCIAL,FACTURADO,5000,750
CTAG,23821,TELEVISION Y VENTAS TELEVENT SA,reimpresión DIPTICO INSTRUCTIVO BAJE DE PESO,10000,295,03/07/2025 0:00,08/07/2025 0:00,PUBLICOMERCIAL,FACTURADO,10000,295
CTAG,23827,AMC ECUADOR CIA.LTDA.,REIMPRESIÓN PLIEGOS NINA FLOWERS FLORES 60X90,50000,833.28,08/07/2025 0:00,10/07/2025 0:00,PUBLICOMERCIAL,FACTURADO,50000,833.28
CTAG,23840,AMC ECUADOR CIA.LTDA.,REIMPRESIÓN IMPRESIÓN PLIEGOS MYSTIC 60x45,70000,1176,11/07/2025 0:00,09/07/2025 0:00,PUBLICOMERCIAL,FACTURADO,70000,1176
CTAG,23854,AMC ECUADOR CIA.LTDA.,REIMPRESIÓN PLIEGOS KNL FLORES 60X90,10000,230,18/07/2025 0:00,23/07/2025 0:00,PUBLICOMERCIAL,FACTURADO,10000,230
CTAG,23864,CHAIDE Y CHAIDE S.A,REIMPRESION COD.1203 ETIQUETA CHN BORN ANTIACAROS,175,115.2,22/07/2025 0:00,22/07/2025 0:00,PUBLICOMERCIAL,FACTURADO,175,115.2
CTAG,23866,ALISERVIS S.A.,VOLANTES NACIONAL AGOSTO 30 AÑOS EN ECUADOR $7.99 inc. IVA - 1 INGREDIENTE MEDIANA,432775,4544.14,24/07/2025 0:00,01/08/2025 0:00,PUBLICOMERCIAL,FACTURADO,432775,4544.14
CTAG,23873,MANOSALVAS MARTINEZ JANETH,REVISTA 12 pg,850,589.47,28/07/2025 0:00,29/07/2025 0:00,PUBLICOMERCIAL,FACTURADO,850,589.47
CTAG,23880,COMERCIAL EL ARBOLITO CIA. LTDA,REIMPRESIÓN INDIVIDUALES 2 MOTIVOS,20000,625,30/07/2025 0:00,05/08/2025 0:00,PUBLICOMERCIAL,FACTURADO,20000,625
CTAG,23887,FEDERACION DE CHOFERES,reimpresión libro conductor licencia tipo c,1500,2736.94,04/08/2025 0:00,14/08/2025 0:00,PUBLICOMERCIAL,FACTURADO,1500,2736.94
CTAG,23888,CHAIDE Y CHAIDE S.A,REIMPRESION COD.1203 ETIQUETA CHN BORN ANTIACAROS,1500,197.49,05/08/2025 0:00,07/08/2025 0:00,PUBLICOMERCIAL,FACTURADO,1500,197.49
CTAG,23897,DIDACTICA-EDITORIAL S.A.S.,REIMPRESIÓN IMAGINA Y APRENDE 4 AÑOS INICIAL,3000,14450,08/08/2025 0:00,22/08/2025 0:00,EDITORIAL,FACTURADO,3000,14450
CTAG,23898,DIDACTICA-EDITORIAL S.A.S.,reimpresión imaginando sueños prepaparatoria,3000,17100,08/08/2025 0:00,18/08/2025 0:00,EDITORIAL,FACTURADO,3000,17100
CTAG,23902,DIDACTICA-EDITORIAL S.A.S.,IMAGINA Y APRENDE 3 AÑOS INICIAL,3000,13050,08/08/2025 0:00,18/08/2025 0:00,EDITORIAL,FACTURADO,3000,13050
CTAG,23913,ALISERVIS S.A.,REIMPRESIÓN ETIQUETA MEDIUM - GARDEN SALAD,8000,745,12/08/2025 0:00,19/08/2025 0:00,PUBLICOMERCIAL,FACTURADO,8000,745
CTAG,23917,AMC ECUADOR CIA.LTDA.,REIMPRESIÓN PLIEGOS KNL FLORES 60X90,14900,312.9,13/08/2025 0:00,20/08/2025 0:00,PUBLICOMERCIAL,FACTURADO,14900,312.9
CTAG,23925,ALISERVIS S.A.,VOLANTES boots week,108490,1139.15,15/08/2025 0:00,20/08/2025 0:00,PUBLICOMERCIAL,FACTURADO,108490,1139.15
CTAG,23937,MEGAPUBLISHER S.A.S,LIBRO ECA 10 EGB - ALUMNO Y DOCENTE,3000,4405.92,22/08/2025 0:00,29/08/2025 0:00,EDITORIAL,FACTURADO,3000,4405.92
CTAG,23938,MEGAPUBLISHER S.A.S,LIBRO ECA 9 EGB - ALUMNO Y DOCENTE,3000,4405.92,22/08/2025 0:00,29/08/2025 0:00,EDITORIAL,FACTURADO,3000,4405.92
CTAG,23939,MEGAPUBLISHER S.A.S,LIBRO ECA 8 EGB - ALUMNO Y DOCENTE,3000,4621.83,25/08/2025 0:00,26/08/2025 0:00,EDITORIAL,FACTURADO,3000,4621.83
CTAG,23940,MEGAPUBLISHER S.A.S,LIBRO ECA 1 BGU - ALUMNO Y DOCENTE,3000,5876.13,25/08/2025 0:00,01/09/2025 0:00,EDITORIAL,FACTURADO,3000,5876.13
CTAG,23941,MEGAPUBLISHER S.A.S,LIBRO ECA 2 BGU - ALUMNO Y DOCENTE,3000,5876.13,25/08/2025 0:00,25/08/2025 0:00,EDITORIAL,FACTURADO,3000,5876.13
CTAG,23942,ALISERVIS S.A.,REIMPRESION VOLANTES NACIONAL SEPTIEMBRE 30 AÑOS EN ECUADOR $7.99 inc. IVA - 1 INGREDIENTE MEDIANA,432775,4544.14,26/08/2025 0:00,01/09/2025 0:00,PUBLICOMERCIAL,FACTURADO,432775,4544.14
CTAG,23951,PLUGIN,AGENDA PASTA DURA,100,591,28/08/2025 0:00,02/09/2025 0:00,PUBLICOMERCIAL,FACTURADO,100,591
CTAG,23962,AMC ECUADOR CIA.LTDA.,REIMPRESIÓN PLIEGOS KNL FLORES 60X90,15410,292.79,02/09/2025 0:00,08/09/2025 0:00,PUBLICOMERCIAL,FACTURADO,15410,292.79
CTAG,23963,AMC ECUADOR CIA.LTDA.,REIMPRESIÓN PLIEGOS NINA FLOWERS FLORES 60X90,20000,380,02/09/2025 0:00,08/09/2025 0:00,PUBLICOMERCIAL,FACTURADO,20000,380
CTAG,23966,MANOSALVAS MARTINEZ JANETH,REVISTA 8 pg - septiembre,850,400,03/09/2025 0:00,08/09/2025 0:00,PUBLICOMERCIAL,FACTURADO,850,400
CTAG,23974,SILVA VILEMA WILSON RODRIGO,REGLAMENTO SEGURIDAD,2400,3032,04/09/2025 0:00,12/09/2025 0:00,PUBLICOMERCIAL,FACTURADO,2400,3032
CTAG,23993,MEGABOOKS,LIBRO SUEÑOS DE TINTA 8vo AÑO,1000,1980,10/09/2025 0:00,15/09/2025 0:00,EDITORIAL,FACTURADO,1000,1980
CTAG,23994,MEGABOOKS,LIBRO SUEÑOS DE TINTA 9no AÑO,1000,1980,10/09/2025 0:00,16/09/2025 0:00,EDITORIAL,FACTURADO,1000,1980
CTAG,23995,MEGABOOKS,LIBRO SUEÑOS DE TINTA 10MO AÑO,1000,1980,10/09/2025 0:00,16/09/2025 0:00,EDITORIAL,FACTURADO,1000,1980
CTAG,24005,COMERCIAL EL ARBOLITO CIA. LTDA,REIMPRESIÓN INDIVIDUALES 2 MOTIVOS,20000,625,16/09/2025 0:00,22/09/2025 0:00,PUBLICOMERCIAL,FACTURADO,20000,625
CTAG,24006,CHAIDE Y CHAIDE S.A,REIMPRESION COD.1148 ETIQUETA ALMOHADA ANTIREFLUJO B,500,600,16/09/2025 0:00,18/09/2025 0:00,PUBLICOMERCIAL,FACTURADO,500,600
CTAG,24016,AMC ECUADOR CIA.LTDA.,REIMPRESIÓN PLIEGOS KNL FLORES 60X90,20000,380,22/09/2025 0:00,25/09/2025 0:00,PUBLICOMERCIAL,FACTURADO,20000,380
CTAG,24017,AMC ECUADOR CIA.LTDA.,REIMPRESIÓN PLIEGOS NINA FLOWERS FLORES 60X90,30000,540,22/09/2025 0:00,25/09/2025 0:00,PUBLICOMERCIAL,FACTURADO,30000,540
CTAG,24021,PLUGIN,tarjeta,24,15,22/09/2025 0:00,22/09/2025 0:00,PUBLICOMERCIAL,FACTURADO,24,15
CTAG,24026,ALISERVIS S.A.,REIMPRESION VOLANTES NACIONAL OCTUBRE 30 AÑOS EN ECUADOR $7.99 inc. IVA - 1 INGREDIENTE MEDIANA,432775,4544.14,25/09/2025 0:00,02/10/2025 0:00,PUBLICOMERCIAL,FACTURADO,432775,4544.14
CTAG,24095,CHAIDE Y CHAIDE S.A,Cuadernos 2026,3500,5098.87,30/10/2025 0:00,10/11/2025 0:00,PUBLICOMERCIAL,FACTURADO,3500,5098.87
CTAG,24051,FEDERACION DE CHOFERES,REIMPRESIÓN conductores profesionales modulo 1,2000,4840,13/10/2025 0:00,17/10/2025 0:00,EDITORIAL,FACTURADO,2000,4840
CTAG,24034,Reyes Tipán Evelio Patricio,LIBRO AÑORANZA DE MI TIERRA - SANTA ELENA,1000,2180,02/10/2025 0:00,13/10/2025 0:00,EDITORIAL,FACTURADO,1000,2180
CTAG,24088,ALISERVIS S.A.,VOLANTES NOVIEMBRE - 5 MOTIVOS,420175,4461.84,28/10/2025 0:00,31/10/2025 0:00,PUBLICOMERCIAL,FACTURADO,420175,4461.84
CTAG,24050,FEDERACION DE CHOFERES,reimpresión libro conductor modulo 2,2000,3287.89,13/10/2025 0:00,17/10/2025 0:00,EDITORIAL,FACTURADO,2000,3287.89
CTAG,24044,RED DE INTEGRACION ECUATORIANA DE COOPERATIVAS DE AHORRO Y CREDITO,REVISTA ICORED,2000,2600,06/10/2025 0:00,14/10/2025 0:00,PUBLICOMERCIAL,FACTURADO,2000,2600
CTAG,24086,NITERRA DO BRASIL LTDA,AFICHE 4 motivos,2000,2435,28/10/2025 0:00,30/10/2025 0:00,PUBLICOMERCIAL,FACTURADO,2000,2435
CTAG,24036,AMC ECUADOR CIA.LTDA.,REIMPRESIÓN PLIEGOS NINA FLOWERS 60X90,49800,836.64,02/10/2025 0:00,14/10/2025 0:00,PUBLICOMERCIAL,FACTURADO,49800,836.64
CTAG,24035,AMC ECUADOR CIA.LTDA.,REIMPRESIÓN PLIEGOS KNL FLORES 60X90,49742,835.67,02/10/2025 0:00,14/10/2025 0:00,PUBLICOMERCIAL,FACTURADO,49742,835.67
CTAG,24084,COMERCIAL EL ARBOLITO CIA. LTDA,REIMPRESIÓN INDIVIDUALES 2 MOTIVOS,20000,625,27/10/2025 0:00,30/10/2025 0:00,PUBLICOMERCIAL,FACTURADO,20000,625
CTAG,24029,MANOSALVAS MARTINEZ JANETH,REVISTA 8 pg - OCTUBRE,850,400,01/10/2025 0:00,07/10/2025 0:00,PUBLICOMERCIAL,FACTURADO,850,400
CTAG,24093,MANOSALVAS MARTINEZ JANETH,REVISTA 8 pg - NOVIEMBRE,850,400,30/10/2025 0:00,06/11/2025 0:00,PUBLICOMERCIAL,FACTURADO,850,400
CTAG,24087,NITERRA DO BRASIL LTDA,DIPLOMAS,1000,350,28/10/2025 0:00,30/10/2025 0:00,PUBLICOMERCIAL,FACTURADO,1000,350
CTAG,24060,ALISERVIS S.A.,VOLANTES NUEVO LOCAL DOMINOS SANTO DOMINGO,5000,52.5,17/10/2025 0:00,22/10/2025 0:00,PUBLICOMERCIAL,FACTURADO,5000,52.5
CTAG,24048,Reyes Tipán Evelio Patricio,separador libro,500,14.22,08/10/2025 0:00,13/10/2025 0:00,PUBLICOMERCIAL,FACTURADO,500,14.22
CTAG,24100,DIDACTICA-EDITORIAL S.A.S.,AGENDA DIARIA,500,2990,05/11/2025 0:00,14/11/2025 0:00,PUBLICOMERCIAL,FACTURADO,500,2990
CTAG,24103,PLUGIN,PAPEL REGALO,1000,225,07/11/2025 0:00,18/11/2025 0:00,PUBLICOMERCIAL,FACTURADO,1000,225
CTAG,24106,ALISERVIS S.A.,VOLANTES - 2 MOTIVOS,25000,262.5,07/11/2025 0:00,11/11/2025 0:00,PUBLICOMERCIAL,FACTURADO,25000,262.5
CTAG,24109,ALISERVIS S.A.,VOLANTES DOMI WEEK NOVIEMBRE - 5 MOTIVOS,118490,1294.15,11/11/2025 0:00,13/11/2025 0:00,PUBLICOMERCIAL,FACTURADO,118490,1294.15
CTAG,24110,ALISERVIS S.A.,VOLANTES NUEVO LOCAL ARMENIA,5000,53,11/11/2025 0:00,13/11/2025 0:00,PUBLICOMERCIAL,FACTURADO,5000,53
CTAG,24122,CHAIDE Y CHAIDE S.A,Calendarios 2026,3800,4370.83,17/11/2025 0:00,28/11/2025 0:00,PUBLICOMERCIAL,FACTURADO,3800,4370.83
CTAG,24125,COMUNIKGRAF S.A.,FOLLETO GRUPO IMPRESOR 2026,1000,940,18/11/2025 0:00,09/12/2025 0:00,PUBLICOMERCIAL,FACTURADO,1000,940
CTAG,24126,COMUNIKGRAF S.A.,AGENDA PASTA DURA gRUPO IMRPESOR 2026,1000,2200,18/11/2025 0:00,09/12/2025 0:00,PUBLICOMERCIAL,FACTURADO,1000,2200
CTAG,24134,AMC ECUADOR CIA.LTDA.,PLIEGOS NINA FLOWERS 60X90,49500,891,20/11/2025 0:00,27/11/2025 0:00,PUBLICOMERCIAL,FACTURADO,49500,891
CTAG,24135,COMUNIKGRAF S.A.,CUADERNO ANILLADO GRUPO IMPRESOR 2026,1000,2900,20/11/2025 0:00,09/12/2025 0:00,PUBLICOMERCIAL,FACTURADO,1000,2900
CTAG,24137,AMC ECUADOR CIA.LTDA.,reimpresión IMPRESIÓN PLIEGOS MYSTIC 60x45,100000,1680,21/11/2025 0:00,02/12/2025 0:00,PUBLICOMERCIAL,FACTURADO,100000,1680
CTAG,24138,GESTIÓN PUBLICIDAD CESPU CIA. LTDA.,GUÍAS TURÍSTICAS,16000,4000,21/11/2025 0:00,26/11/2025 0:00,PUBLICOMERCIAL,FACTURADO,16000,4000
CTAG,24139,CAAMAÑO MORILLO DAVID ALEJANDRO,REVISTA,500,2145,21/11/2025 0:00,28/11/2025 0:00,PUBLICOMERCIAL,FACTURADO,500,2145
CTAG,24143,CHAIDE Y CHAIDE S.A,reimpresión COD. 694 ETIQUETA CHN BABY CHAIDE ANTIACAROS,1000,210,25/11/2025 0:00,28/11/2025 0:00,PUBLICOMERCIAL,FACTURADO,1000,210
CTAG,24146,ALISERVIS S.A.,VOLANTES DICIEMBRE - 5 MOTIVOS,475600,5043.74,26/11/2025 0:00,01/12/2025 0:00,PUBLICOMERCIAL,FACTURADO,475600,5043.74
CTAG,24147,ALISERVIS S.A.,REIMPRESIÓN ETIQUETA MEDIUM - GARDEN SALAD,8000,745,27/11/2025 0:00,04/12/2025 0:00,PUBLICOMERCIAL,FACTURADO,8000,745
CTAG,24153,MANOSALVAS MARTINEZ JANETH,REVISTA 8 pg - DICIEMBRE,850,400,02/12/2025 0:00,09/12/2025 0:00,PUBLICOMERCIAL,FACTURADO,850,400
CTAG,24154,AMC ECUADOR CIA.LTDA.,REIMPRESIÓN PLIEGOS KNL FLORES 60X90,30000,540,04/12/2025 0:00,16/12/2025 0:00,PUBLICOMERCIAL,FACTURADO,30000,540
CTAG,24155,AMC ECUADOR CIA.LTDA.,REIMPRESIÓN PLIEGOS NINA FLOWERS 60X90,29300,527.4,04/12/2025 0:00,16/12/2025 0:00,PUBLICOMERCIAL,FACTURADO,29300,527.4
CTAG,24156,CHAIDE Y CHAIDE S.A,REIMPRESIÓN - COD.63 ETIQUETA COLCHON BABY CHAIDE,5000,750,08/12/2025 0:00,12/12/2025 0:00,PUBLICOMERCIAL,FACTURADO,5000,750
CTAG,24161,SYNLAB S.A.S,agenda cuaderno 2026,1000,2300,11/12/2025 0:00,30/12/2025 0:00,PUBLICOMERCIAL,FACTURADO,1000,2300
CTAG,24162,SYNLAB S.A.S,CALENDARIO DE ESCRITO PASTA DURA 2026,1000,1880,11/12/2025 0:00,30/12/2025 0:00,PUBLICOMERCIAL,FACTURADO,1000,1880
CTAG,24173,PLUGIN,TARJETAS 2 MOTIVOS COLEGIO AMERICANO,140,52.17,17/12/2025 0:00,17/12/2025 0:00,PUBLICOMERCIAL,FACTURADO,140,52.17
CTAG,24176,ALISERVIS S.A.,VOLANTES PROMO ENERO 2026 $10.49 PIZZA FAMILIA 1 INGREDIENTE - 5 MOTIVOS,492675,5223.34,18/12/2025 0:00,29/12/2025 0:00,PUBLICOMERCIAL,FACTURADO,492675,5223.34
MC,23398,SANCHEZ CARRASCO PAUL VICENTE,LIBROS GARABATITOS 4 ALUMNO Y DOCENTE,1500,2800,06/01/2025 0:00,13/01/2025 0:00,EDITORIAL,FACTURADO,1500,2800
MC,23399,SANCHEZ CARRASCO PAUL VICENTE,LIBROS GARABATITOS 5 ALUMNO Y DOCENTE,1500,2800,06/01/2025 0:00,13/01/2025 0:00,EDITORIAL,FACTURADO,1500,2800
MC,23400,SANCHEZ CARRASCO PAUL VICENTE,LIBROS GARABATITOS 3 ALUMNO Y DOCENTE,1500,2800,06/01/2025 0:00,13/01/2025 0:00,EDITORIAL,FACTURADO,1500,2800
MC,23403,SANCHEZ CARRASCO PAUL VICENTE,LIBROS GARABATITOS 2 ALUMNO Y DOCENTE,1500,3150,07/01/2025 0:00,14/01/2025 0:00,EDITORIAL,FACTURADO,1500,3150
MC,23404,SANCHEZ CARRASCO PAUL VICENTE,LIBROS GARABATITOS 6 ALUMNO Y DOCENTE,1500,2800,08/01/2025 0:00,14/01/2025 0:00,EDITORIAL,FACTURADO,1500,2800
MC,23702,YUNNY RIVERA CUSME,LIBROS CREARTE ECA 2 BGU,800,3240,14/05/2025 0:00,16/05/2025 0:00,PUBLICOMERCIAL,FACTURADO,800,3240
MC,23436,TIPAN UMATAMBO SEGUNDO MARCO,LIBRO INICIAL 1 - ANDRESITO EXPLORADOR,2000,13100,27/01/2025 0:00,04/02/2025 0:00,EDITORIAL,FACTURADO,2000,13100
MC,23484,YUNNY RIVERA CUSME,BIOLOGÍA 1 bgu,1000,3750,19/02/2025 0:00,26/02/2025 0:00,EDITORIAL,FACTURADO,1000,3750
MC,23490,YUNNY RIVERA CUSME,BIOLOGÍA 2,1000,4020,24/02/2025 0:00,27/02/2025 0:00,EDITORIAL,FACTURADO,1000,4020
MC,23524,YUNNY RIVERA CUSME,LIBRO CALIGRAFITO 7 egb,2000,3965,05/03/2025 0:00,12/03/2025 0:00,EDITORIAL,FACTURADO,2000,3965
MC,23526,YUNNY RIVERA CUSME,BIOLOGÍA 3 bgu,1000,3700,06/03/2025 0:00,12/03/2025 0:00,EDITORIAL,FACTURADO,1000,3700
MC,23597,YUNNY RIVERA CUSME,REIMPRESIÓN LIBRO I KNOW KIDS 4 - ANILLADO,1500,3399,02/04/2025 0:00,10/04/2025 0:00,EDITORIAL,FACTURADO,1500,3399
MC,23601,TIPAN UMATAMBO SEGUNDO MARCO,DIARIOS ECOLARES - 2 PORTADAS,2500,2875,03/04/2025 0:00,14/04/2025 0:00,EDITORIAL,FACTURADO,2500,2875
MC,23616,YUNNY RIVERA CUSME,LIBROS ROBOTICA 1,1000,2490,11/04/2025 0:00,21/04/2025 0:00,EDITORIAL,FACTURADO,1000,2490
MC,23622,YUNNY RIVERA CUSME,REIMPRESIÓN LIBRO CALIGRAFITO 1 ANTIGUO,1500,3000,15/04/2025 0:00,25/04/2025 0:00,EDITORIAL,FACTURADO,1500,3000
MC,23623,YUNNY RIVERA CUSME,LIBRO ECA 1 - crearte,1500,3225,15/04/2025 0:00,25/04/2025 0:00,EDITORIAL,FACTURADO,1500,3225
MC,23624,YUNNY RIVERA CUSME,REIMPRESIÓN LIBRO ECA 2 - crearte,1500,3000,15/04/2025 0:00,25/04/2025 0:00,EDITORIAL,FACTURADO,1500,3000
MC,23628,YUNNY RIVERA CUSME,REIMPRESIÓN LIBRO ECA 5 - crearte,1500,3000,15/04/2025 0:00,25/04/2025 0:00,EDITORIAL,FACTURADO,1500,3000
MC,23631,YUNNY RIVERA CUSME,LIBRO ECA 4 - crearte,1500,3225,16/04/2025 0:00,25/04/2025 0:00,EDITORIAL,FACTURADO,1500,3225
MC,23635,YUNNY RIVERA CUSME,LIBROS ROBOTIC INTERMEDIO 2,1000,2330,17/04/2025 0:00,28/04/2025 0:00,EDITORIAL,FACTURADO,1000,2330
MC,23636,YUNNY RIVERA CUSME,LIBROS ROBOTIC INTERMEDIO 3,1000,2100,17/04/2025 0:00,28/04/2025 0:00,EDITORIAL,FACTURADO,1000,2100
MC,23637,CARRERA MIRIAN SUSANA,tarjetas,5004,545,17/04/2025 0:00,25/04/2025 0:00,PUBLICOMERCIAL,FACTURADO,5004,545
MC,23647,YUNNY RIVERA CUSME,REIMPRESION LIBROS I KNOW 8,1000,2200,22/04/2025 0:00,29/04/2025 0:00,EDITORIAL,FACTURADO,1000,2200
MC,23648,YUNNY RIVERA CUSME,REIMPRESIÓN LIBRO “I KNOW 1 BGU”,1000,2200,22/04/2025 0:00,29/04/2025 0:00,EDITORIAL,FACTURADO,1000,2200
MC,23649,YUNNY RIVERA CUSME,REIMPRESIÓN LIBRO CALIGRAFITOS PLUS 2 EGB,2000,3480,22/04/2025 0:00,30/04/2025 0:00,EDITORIAL,FACTURADO,2000,3480
MC,23650,YUNNY RIVERA CUSME,REIMPRESIÓN LIBRO CALIGRAFITOS PLUS 3 EGB,2000,3480,22/04/2025 0:00,30/04/2025 0:00,EDITORIAL,FACTURADO,2000,3480
MC,23651,YUNNY RIVERA CUSME,REIMPRESIÓN LIBRO CALIGRAFITOS PLUS 4 EGB,2000,3480,22/04/2025 0:00,30/04/2025 0:00,EDITORIAL,FACTURADO,2000,3480
MC,23652,YUNNY RIVERA CUSME,REIMPRESIÓN - LIBRO CALIGRAFITO 5,1000,2300,22/04/2025 0:00,30/04/2025 0:00,EDITORIAL,FACTURADO,1000,2300
MC,23654,YUNNY RIVERA CUSME,REIMPRESIÓN LIBRO CALIGRAFITOS 6,1000,2300,23/04/2025 0:00,30/04/2025 0:00,EDITORIAL,FACTURADO,1000,2300
MC,23659,YUNNY RIVERA CUSME,REIMPRESIÓN LIBRO ECA 7 - crearte,1500,3000,24/04/2025 0:00,05/05/2025 0:00,EDITORIAL,FACTURADO,1500,3000
MC,23675,YUNNY RIVERA CUSME,REIMPRESIÓN LIBRO ECA 3 - crearte,1500,3000,05/05/2025 0:00,08/05/2025 0:00,EDITORIAL,FACTURADO,1500,3000
MC,23676,YUNNY RIVERA CUSME,REIMPRESIÓN LIBRO ECA 6 - crearte,1500,3000,05/05/2025 0:00,08/05/2025 0:00,EDITORIAL,FACTURADO,1500,3000
MC,23677,YUNNY RIVERA CUSME,LIBROS ROBOTIC AVANZADO 1,1000,1910,05/05/2025 0:00,,EDITORIAL,FACTURADO,1000,1910
MC,23678,YUNNY RIVERA CUSME,LIBROS ROBOTIC AVANZADO 2,1000,2560,05/05/2025 0:00,,EDITORIAL,FACTURADO,1000,2560
MC,23680,TRAMA DISENO,Libro Futuro arquitectura,250,2980,05/05/2025 0:00,15/05/2025 0:00,EDITORIAL,FACTURADO,250,2980
MC,23705,SANCHEZ CARRASCO PAUL VICENTE,LIBRO INTEGRADO RINCONES MAGICOS 1 PRE ESCOLAR,1500,5970,16/05/2025 0:00,26/05/2025 0:00,EDITORIAL,FACTURADO,1500,5970
MC,23722,TIPAN UMATAMBO SEGUNDO MARCO,REIMPRESIÓN PRE ESCRITURA - PRE MATEMATICA - PRE ESCRITURA 1,2000,4800,20/05/2025 0:00,22/05/2025 0:00,PUBLICOMERCIAL,FACTURADO,2000,4800
MC,23724,SANCHEZ CARRASCO PAUL VICENTE,LIBRO INICIAL 2 RINCONES MÁGICOS EDUCACIÓN INICIAL 4 A 5 AÑOS,1500,13956,20/05/2025 0:00,03/06/2025 0:00,EDITORIAL,FACTURADO,1500,13956
MC,23725,YUNNY RIVERA CUSME,REIMPRESIÓN LIBRO CALIGRAFITO plus 1 egb,2000,4800,26/05/2025 0:00,30/05/2025 0:00,EDITORIAL,FACTURADO,2000,4800
MC,23735,TRAMA DISENO,"Revista Trama
",250,1675,27/05/2025 0:00,30/05/2025 0:00,PUBLICOMERCIAL,FACTURADO,250,1675
MC,23736,YUNNY RIVERA CUSME,LIBROS MENTE RÁPIDA 6,1000,2040,27/05/2025 0:00,30/05/2025 0:00,EDITORIAL,FACTURADO,1000,2040
MC,23737,YUNNY RIVERA CUSME,LIBROS MENTE RÁPIDA 1,1000,2160,27/05/2025 0:00,30/05/2025 0:00,EDITORIAL,FACTURADO,1000,2160
MC,23738,YUNNY RIVERA CUSME,LIBROS MENTE RÁPIDA 5,1000,2300,27/05/2025 0:00,30/05/2025 0:00,EDITORIAL,FACTURADO,1000,2300
MC,23742,YUNNY RIVERA CUSME,REIMPRESIÓN LIBRO CALIGRAFITO 7 PLUS egb,2000,3480,28/05/2025 0:00,03/06/2025 0:00,EDITORIAL,FACTURADO,2000,3480
MC,23744,TIPAN UMATAMBO SEGUNDO MARCO,LIBROS ECA 1 BGU,2000,3320,29/05/2025 0:00,07/06/2025 0:00,EDITORIAL,FACTURADO,2000,3320
MC,23745,TIPAN UMATAMBO SEGUNDO MARCO,LIBROS ECA 2 BGU,2000,3320,29/05/2025 0:00,07/06/2025 0:00,EDITORIAL,FACTURADO,2000,3320
MC,23746,YUNNY RIVERA CUSME,REIMPRESION LIBROS I KNOW 10,1000,2200,29/05/2025 0:00,03/06/2025 0:00,PUBLICOMERCIAL,FACTURADO,1000,2200
MC,23430,TIPAN UMATAMBO SEGUNDO MARCO,REIMPRESIÓN LIBRO AVENTURAS DE ESCRIBIR PLUS 3,2000,3300,24/01/2025 0:00,30/01/2025 0:00,EDITORIAL,FACTURADO,2000,3300
MC,23431,TIPAN UMATAMBO SEGUNDO MARCO,REIMPRESIÓN LIBRO AVENTURAS DE ESCRIBIR PLUS 7,2000,3300,24/01/2025 0:00,30/01/2025 0:00,EDITORIAL,FACTURADO,2000,3300
MC,23462,TIPAN UMATAMBO SEGUNDO MARCO,REIMPRESIÓN libro aventuras del arte 1 - PORTADA NUEVA,2000,3040,10/02/2025 0:00,17/02/2025 0:00,EDITORIAL,FACTURADO,2000,3040
MC,23463,TIPAN UMATAMBO SEGUNDO MARCO,REIMPRESIÓN libro aventuras del arte 2 - PORTADA NUEVA,2000,3040,10/02/2025 0:00,17/02/2025 0:00,EDITORIAL,FACTURADO,2000,3040
MC,23464,TIPAN UMATAMBO SEGUNDO MARCO,REIMPRESIÓN libro aventuras del arte 3 - PORTADA NUEVA,2000,3040,10/02/2025 0:00,25/02/2025 0:00,EDITORIAL,FACTURADO,2000,3040
MC,23465,TIPAN UMATAMBO SEGUNDO MARCO,REIMPRESIÓN libro aventuras del arte 4 - PORTADA NUEVA,2000,3040,10/02/2025 0:00,25/02/2025 0:00,EDITORIAL,FACTURADO,2000,3040
MC,23466,TIPAN UMATAMBO SEGUNDO MARCO,REIMPRESIÓN libro aventuras del arte 5 - PORTADA NUEVA,2000,3040,10/02/2025 0:00,25/02/2025 0:00,EDITORIAL,FACTURADO,2000,3040
MC,23467,TIPAN UMATAMBO SEGUNDO MARCO,REIMPRESIÓN libro aventuras del arte 6 - PORTADA NUEVA,2000,3040,10/02/2025 0:00,25/02/2025 0:00,EDITORIAL,FACTURADO,2000,3040
MC,23468,TIPAN UMATAMBO SEGUNDO MARCO,REIMPRESIÓN libro aventuras del arte 7 - PORTADA NUEVA,2000,3040,10/02/2025 0:00,25/02/2025 0:00,EDITORIAL,FACTURADO,2000,3040
MC,23469,TIPAN UMATAMBO SEGUNDO MARCO,REIMPRESIÓN libro aventuras del arte 8 - PORTADA NUEVA,2000,3040,10/02/2025 0:00,25/02/2025 0:00,EDITORIAL,FACTURADO,2000,3040
MC,23470,TIPAN UMATAMBO SEGUNDO MARCO,REIMPRESIÓN libro aventuras del arte 9 - PORTADA NUEVA,2000,3040,10/02/2025 0:00,25/02/2025 0:00,EDITORIAL,FACTURADO,2000,3040
MC,23471,TIPAN UMATAMBO SEGUNDO MARCO,REIMPRESIÓN libro aventuras del arte 10 - PORTADA NUEVA,2000,3040,10/02/2025 0:00,25/02/2025 0:00,EDITORIAL,FACTURADO,2000,3040
MC,23487,YUNNY RIVERA CUSME,LIBRO cALIGRAFITO 1,2000,5800,21/02/2025 0:00,26/02/2025 0:00,EDITORIAL,FACTURADO,2000,5800
MC,23517,YUNNY RIVERA CUSME,LIBRO cALIGRAFITO 5 egb,2000,3965,28/02/2025 0:00,11/03/2025 0:00,EDITORIAL,FACTURADO,2000,3965
MC,23542,YUNNY RIVERA CUSME,LIBRO EMPRENDIMIENTO 1,1500,3855,13/03/2025 0:00,24/03/2025 0:00,EDITORIAL,FACTURADO,1500,3855
MC,23543,YUNNY RIVERA CUSME,LIBRO EMPRENDIMIENTO 2,1500,4425,13/03/2025 0:00,24/03/2025 0:00,EDITORIAL,FACTURADO,1500,4425
MC,23544,YUNNY RIVERA CUSME,LIBRO EMPRENDIMIENTO 3,1500,4170,13/03/2025 0:00,24/03/2025 0:00,EDITORIAL,FACTURADO,1500,4170
MC,23546,YUNNY RIVERA CUSME,LIBRO CALIGRAFITO 6 egb,2000,3965,13/03/2025 0:00,24/03/2025 0:00,EDITORIAL,FACTURADO,2000,3965
MC,23563,TIPAN UMATAMBO SEGUNDO MARCO,reimpresión aventuritas y letritas 2 CUADERNO DE TRABAJO,2000,4900,19/03/2025 0:00,28/03/2025 0:00,EDITORIAL,FACTURADO,2000,4900
MC,23564,TIPAN UMATAMBO SEGUNDO MARCO,REIMPRESIÓN PRE ESCRITURA - PRE MATEMATICA - PRE ESCRITURA 1,2000,4800,19/03/2025 0:00,28/03/2025 0:00,EDITORIAL,FACTURADO,2000,4800
MC,23567,YUNNY RIVERA CUSME,BRING UP ENGLISH STUDENT`S BOOK 1 BGU,2000,3640,20/03/2025 0:00,27/03/2025 0:00,EDITORIAL,FACTURADO,2000,3640
MC,23568,YUNNY RIVERA CUSME,BRING UP ENGLISH STUDENT`S BOOK 10 EGB,2000,3640,20/03/2025 0:00,27/03/2025 0:00,EDITORIAL,FACTURADO,2000,3640
MC,23569,YUNNY RIVERA CUSME,reimpresión libro i know kids 3 - ANILLADO,1500,3399,21/03/2025 0:00,27/03/2025 0:00,EDITORIAL,FACTURADO,1500,3399
MC,23570,YUNNY RIVERA CUSME,REIMPRESIÓN LIBRO “I KNOW 1” LITTLE ONES - PORTADA NUEVA,2000,2840,21/03/2025 0:00,27/03/2025 0:00,EDITORIAL,FACTURADO,2000,2840
MC,23612,TIPAN UMATAMBO SEGUNDO MARCO,REIMPRESIÓN LIBRO AVENTURAS DE ESCRIBIR PLUS 4,2000,3200,10/04/2025 0:00,23/04/2025 0:00,EDITORIAL,FACTURADO,2000,3200
MC,23613,TIPAN UMATAMBO SEGUNDO MARCO,REIMPRESIÓN LIBRO AVENTURAS DE ESCRIBIR PLUS 5,2000,3200,10/04/2025 0:00,29/04/2025 0:00,EDITORIAL,FACTURADO,2000,3200
MC,23614,TIPAN UMATAMBO SEGUNDO MARCO,REIMPRESIÓN LIBRO AVENTURAS DE ESCRIBIR PLUS 6,2000,3200,10/04/2025 0:00,29/04/2025 0:00,EDITORIAL,FACTURADO,2000,3200
MC,23615,TIPAN UMATAMBO SEGUNDO MARCO,REIMPRESION LIBRO INICAL 2 aprendiendo con andresito,2000,15300,10/04/2025 0:00,05/05/2025 0:00,EDITORIAL,FACTURADO,2000,15300
MC,23617,BIENES Y SERVICIOS BSOAS S.A.S.,LIBROS DE QUÍMICA 2 bgu,1000,2950,11/04/2025 0:00,22/04/2025 0:00,EDITORIAL,FACTURADO,1000,2950
MC,23625,BIENES Y SERVICIOS BSOAS S.A.S.,LIBROS DE QUÍMICA 3 bgu,1000,2950,15/04/2025 0:00,22/04/2025 0:00,EDITORIAL,FACTURADO,1000,2950
MC,23626,BIENES Y SERVICIOS BSOAS S.A.S.,LIBROS DE QUÍMICA 1 bgu,1000,2950,15/04/2025 0:00,22/04/2025 0:00,EDITORIAL,FACTURADO,1000,2950
MC,23655,YUNNY RIVERA CUSME,LIBRO CALIGRAFITOS 2,1000,2700,23/04/2025 0:00,30/04/2025 0:00,EDITORIAL,FACTURADO,1000,2700
MC,23656,YUNNY RIVERA CUSME,LIBRO CALIGRAFITOS 3,1000,2700,23/04/2025 0:00,30/04/2025 0:00,EDITORIAL,FACTURADO,1000,2700
MC,23679,YUNNY RIVERA CUSME,LIBROS ROBOTIC AVANZADO 3,1000,2350,05/05/2025 0:00,,EDITORIAL,FACTURADO,1000,2350
MC,23698,SANCHEZ CARRASCO PAUL VICENTE,LIBROS ARTE VIVO 1 BACHILLERATO,2000,3200,13/05/2025 0:00,20/05/2025 0:00,EDITORIAL,FACTURADO,2000,3200
MC,23699,SANCHEZ CARRASCO PAUL VICENTE,LIBROS ARTE VIVO 2 BACHILLERATO,2000,3200,13/05/2025 0:00,20/05/2025 0:00,EDITORIAL,FACTURADO,2000,3200
MC,23700,YUNNY RIVERA CUSME,REIMPRESIÓN LIBRO “I KNOW 2 BGU”,1500,2700,13/05/2025 0:00,20/05/2025 0:00,PUBLICOMERCIAL,FACTURADO,1500,2700
MC,23701,YUNNY RIVERA CUSME,LIBROS CREARTE ECA 1 BGU,800,3240,14/05/2025 0:00,16/05/2025 0:00,PUBLICOMERCIAL,FACTURADO,800,3240
MC,23708,TIPAN UMATAMBO SEGUNDO MARCO,REIMPRESIÓN LIBRO AVENTURAS DEL ARTE 1,2000,3040,19/05/2025 0:00,27/05/2025 0:00,EDITORIAL,FACTURADO,2000,3040
MC,23709,TIPAN UMATAMBO SEGUNDO MARCO,REIMPRESIÓN LIBRO AVENTURAS DEL ARTE 2,2000,3040,19/05/2025 0:00,27/05/2025 0:00,EDITORIAL,FACTURADO,2000,3040
MC,23710,TIPAN UMATAMBO SEGUNDO MARCO,REIMPRESIÓN LIBRO AVENTURAS DEL ARTE 3,2000,3040,19/05/2025 0:00,27/05/2025 0:00,EDITORIAL,FACTURADO,2000,3040
MC,23711,TIPAN UMATAMBO SEGUNDO MARCO,REIMPRESIÓN LIBRO AVENTURAS DEL ARTE 4,2000,3040,19/05/2025 0:00,27/05/2025 0:00,EDITORIAL,FACTURADO,2000,3040
MC,23712,TIPAN UMATAMBO SEGUNDO MARCO,REIMPRESIÓN LIBRO AVENTURAS DEL ARTE 5,2000,3040,19/05/2025 0:00,27/05/2025 0:00,EDITORIAL,FACTURADO,2000,3040
MC,23713,TIPAN UMATAMBO SEGUNDO MARCO,REIMPRESIÓN LIBRO AVENTURAS DEL ARTE 6,2000,3040,19/05/2025 0:00,28/05/2025 0:00,EDITORIAL,FACTURADO,2000,3040
MC,23714,TIPAN UMATAMBO SEGUNDO MARCO,REIMPRESIÓN LIBRO AVENTURAS DEL ARTE 7,2000,3040,19/05/2025 0:00,28/05/2025 0:00,EDITORIAL,FACTURADO,2000,3040
MC,23715,TIPAN UMATAMBO SEGUNDO MARCO,REIMPRESIÓN LIBRO AVENTURAS DEL ARTE 8,2000,3040,19/05/2025 0:00,28/05/2025 0:00,EDITORIAL,FACTURADO,2000,3040
MC,23716,TIPAN UMATAMBO SEGUNDO MARCO,REIMPRESIÓN LIBRO AVENTURAS DEL ARTE 9,2000,3040,19/05/2025 0:00,28/05/2025 0:00,EDITORIAL,FACTURADO,2000,3040
MC,23717,TIPAN UMATAMBO SEGUNDO MARCO,REIMPRESIÓN LIBRO AVENTURAS DEL ARTE 10,2000,3040,19/05/2025 0:00,28/05/2025 0:00,EDITORIAL,FACTURADO,2000,3040
MC,23718,YUNNY RIVERA CUSME,REIMPRESIÓN LIBRO CALIGRAFITOS PLUS 5 EGB,2000,3480,19/05/2025 0:00,22/05/2025 0:00,EDITORIAL,FACTURADO,2000,3480
MC,23719,YUNNY RIVERA CUSME,REIMPRESIÓN LIBRO CALIGRAFITOS PLUS 6 EGB,2000,3480,19/05/2025 0:00,22/05/2025 0:00,EDITORIAL,FACTURADO,2000,3480
MC,23750,TIPAN UMATAMBO SEGUNDO MARCO,LIBROS OVERCOME YOUR ENGLISH 1,2000,3500,02/06/2025 0:00,11/06/2025 0:00,EDITORIAL,FACTURADO,2000,3500
MC,23751,TIPAN UMATAMBO SEGUNDO MARCO,LIBROS OVERCOME YOUR ENGLISH 2,2000,3500,02/06/2025 0:00,11/06/2025 0:00,EDITORIAL,FACTURADO,2000,3500
MC,23752,TIPAN UMATAMBO SEGUNDO MARCO,LIBROS OVERCOME YOUR ENGLISH 3,2000,3500,02/06/2025 0:00,11/06/2025 0:00,EDITORIAL,FACTURADO,2000,3500
MC,23753,TIPAN UMATAMBO SEGUNDO MARCO,LIBROS OVERCOME YOUR ENGLISH 4,2000,3500,02/06/2025 0:00,11/06/2025 0:00,EDITORIAL,FACTURADO,2000,3500
MC,23754,TIPAN UMATAMBO SEGUNDO MARCO,LIBROS OVERCOME YOUR ENGLISH 5,2000,3500,02/06/2025 0:00,11/06/2025 0:00,EDITORIAL,FACTURADO,2000,3500
MC,23755,TIPAN UMATAMBO SEGUNDO MARCO,LIBROS OVERCOME YOUR ENGLISH 6,2000,3500,02/06/2025 0:00,11/06/2025 0:00,EDITORIAL,FACTURADO,2000,3500
MC,23756,TIPAN UMATAMBO SEGUNDO MARCO,LIBROS OVERCOME YOUR ENGLISH 7,2000,3500,02/06/2025 0:00,13/06/2025 0:00,EDITORIAL,FACTURADO,2000,3500
MC,23757,TIPAN UMATAMBO SEGUNDO MARCO,LIBROS OVERCOME YOUR ENGLISH 8,2000,3760,02/06/2025 0:00,13/06/2025 0:00,EDITORIAL,FACTURADO,2000,3760
MC,23758,TIPAN UMATAMBO SEGUNDO MARCO,LIBROS OVERCOME YOUR ENGLISH 9,2000,3760,02/06/2025 0:00,13/06/2025 0:00,EDITORIAL,FACTURADO,2000,3760
MC,23759,TIPAN UMATAMBO SEGUNDO MARCO,LIBROS OVERCOME YOUR ENGLISH 10,2000,3760,02/06/2025 0:00,13/06/2025 0:00,EDITORIAL,FACTURADO,2000,3760
MC,23760,TIPAN UMATAMBO SEGUNDO MARCO,CARPETAS,500,283,03/06/2025 0:00,11/06/2025 0:00,PUBLICOMERCIAL,FACTURADO,500,283
MC,23762,YUNNY RIVERA CUSME,REIMPRESIÓN LIBRO “I KNOW 1” LITTLE ONES,2000,2800,03/06/2025 0:00,09/06/2025 0:00,PUBLICOMERCIAL,FACTURADO,2000,2800
MC,23765,YUNNY RIVERA CUSME,REIMPRESION LIBROS I KNOW 8,1000,2200,03/06/2025 0:00,09/06/2025 0:00,PUBLICOMERCIAL,FACTURADO,1000,2200
MC,23768,SANCHEZ CARRASCO PAUL VICENTE,LIBROS RINCONES MÁGICOS EDUCACIÓN INICIAL 3 a 4 años,1500,12000,04/06/2025 0:00,19/06/2025 0:00,EDITORIAL,FACTURADO,1500,12000
MC,23769,YUNNY RIVERA CUSME,REIMPRESIÓN LIBRO CALIGRAFITO 7,500,2250,06/06/2025 0:00,11/06/2025 0:00,PUBLICOMERCIAL,FACTURADO,500,2250
MC,23770,YUNNY RIVERA CUSME,LIBRO CALIGRAFITO 4,500,2250,06/06/2025 0:00,11/06/2025 0:00,EDITORIAL,FACTURADO,500,2250
MC,23774,SANCHEZ CARRASCO PAUL VICENTE,REIMPRESION LIBROS CIVICA Y ACOMPÑAMIENTO INTEGRAL 5,1500,2475,06/06/2025 0:00,19/06/2025 0:00,EDITORIAL,FACTURADO,1500,2475
MC,23775,SANCHEZ CARRASCO PAUL VICENTE,REIMPRESION LIBROS CIVICA Y ACOMPÑAMIENTO INTEGRAL 6,1500,2475,06/06/2025 0:00,19/06/2025 0:00,EDITORIAL,FACTURADO,1500,2475
MC,23776,SANCHEZ CARRASCO PAUL VICENTE,REIMPRESION LIBROS CIVICA Y ACOMPÑAMIENTO INTEGRAL 7,1500,2475,06/06/2025 0:00,19/06/2025 0:00,EDITORIAL,FACTURADO,1500,2475
MC,23778,YUNNY RIVERA CUSME,reimpresión LIBRO ECA 1 - crearte,2000,3900.01,09/06/2025 0:00,13/06/2025 0:00,EDITORIAL,FACTURADO,2000,3900.01
MC,23783,TIPAN UMATAMBO SEGUNDO MARCO,REIMPRESIÓN LIBRO AVENTURAS DE ESCRIBIR PLUS 3,2000,3300,10/06/2025 0:00,24/06/2025 0:00,PUBLICOMERCIAL,FACTURADO,2000,3300
MC,23790,SANCHEZ CARRASCO PAUL VICENTE,REIMPRESION LIBROS CIVICA Y ACOMPÑAMIENTO INTEGRAL 2,1500,2475,10/06/2025 0:00,23/06/2025 0:00,EDITORIAL,FACTURADO,1500,2475
MC,23791,SANCHEZ CARRASCO PAUL VICENTE,REIMPRESION LIBROS CIVICA Y ACOMPÑAMIENTO INTEGRAL 3,1500,2475,10/06/2025 0:00,23/06/2025 0:00,EDITORIAL,FACTURADO,1500,2475
MC,23792,SANCHEZ CARRASCO PAUL VICENTE,REIMPRESION LIBROS CIVICA Y ACOMPÑAMIENTO INTEGRAL 4,1500,2475,10/06/2025 0:00,23/06/2025 0:00,EDITORIAL,FACTURADO,1500,2475
MC,23794,YUNNY RIVERA CUSME,REIMPRESIÓN LIBRO CALIGRAFITOS PLUS 3 EGB,2000,3480,13/06/2025 0:00,18/06/2025 0:00,EDITORIAL,FACTURADO,2000,3480
MC,23798,TIPAN UMATAMBO SEGUNDO MARCO,EL MUNDO DE LETRITAS IMPRENTA 2 - ALUMNO Y DOCENTE,2000,5500,16/06/2025 0:00,,PUBLICOMERCIAL,FACTURADO,2000,5500
MC,23800,TANIA VILLEGAS,PUBLICACIÓN MIRA MATAJE,1000,2440,17/06/2025 0:00,24/06/2025 0:00,PUBLICOMERCIAL,FACTURADO,1000,2440
MC,23801,TIPAN UMATAMBO SEGUNDO MARCO,REIMPRESION LIBRO INICAL 2 aprendiendo con andresito,1000,8950,17/06/2025 0:00,20/06/2025 0:00,PUBLICOMERCIAL,FACTURADO,1000,8950
MC,23804,TIPAN UMATAMBO SEGUNDO MARCO,REIMPRESIÓN aventuritas y letritas 2 CUADERNO DE TRABAJO,1500,3756,19/06/2025 0:00,26/06/2025 0:00,PUBLICOMERCIAL,FACTURADO,1500,3756
MC,23805,YUNNY RIVERA CUSME,reimpresión LIBROS caligrafitos 8,1500,2739,20/06/2025 0:00,26/06/2025 0:00,EDITORIAL,FACTURADO,1500,2739
MC,23807,YUNNY RIVERA CUSME,REIMPRESIÓN LIBRO CALIGRAFITOS 3,500,2250,24/06/2025 0:00,25/06/2025 0:00,PUBLICOMERCIAL,FACTURADO,500,2250
MC,23823,TIPAN UMATAMBO SEGUNDO MARCO,REIMPRESIÓN LIBRO INICIAL 1 - ANDRESITO EXPLORADOR,2000,11200,08/07/2025 0:00,15/07/2025 0:00,EDITORIAL,FACTURADO,2000,11200
MC,23839,TIPAN UMATAMBO SEGUNDO MARCO,LIBRO sueños de mar y sol - inicial 2,2000,15800,10/07/2025 0:00,24/07/2025 0:00,PUBLICOMERCIAL,FACTURADO,2000,15800
MC,23841,YUNNY RIVERA CUSME,reimpresIÓn libro BRING UP ENGLISH STUDENT`S BOOK 8 EGB,1500,3000,11/07/2025 0:00,17/07/2025 0:00,EDITORIAL,FACTURADO,1500,3000
MC,23843,MIRIAN SUSANA CARRERA,GUIA DE USUARIO ALARMA,1000,336,16/07/2025 0:00,21/07/2025 0:00,PUBLICOMERCIAL,FACTURADO,1000,336
MC,23844,SANCHEZ CARRASCO PAUL VICENTE,LIBRO CORAZÓN DE TIZA 2 ALUMNO Y DOCENTE,1500,2600,17/07/2025 0:00,23/07/2025 0:00,EDITORIAL,FACTURADO,1500,2600
MC,23845,SANCHEZ CARRASCO PAUL VICENTE,REIMPRESIÓN LIBRO CORAZÓN DE TIZA 8,1000,1700,17/07/2025 0:00,23/07/2025 0:00,EDITORIAL,FACTURADO,1000,1700
MC,23846,STUDIO593 EDITORIAL Y COMUNICACIÓN S.A.S,LIBRO EL PESCADOR,500,975,17/07/2025 0:00,24/07/2025 0:00,EDITORIAL,FACTURADO,500,975
MC,23847,SANCHEZ CARRASCO PAUL VICENTE,REIMPRESIÓN LIBRO CORAZÓN DE TIZA 3,1000,1700,17/07/2025 0:00,23/07/2025 0:00,EDITORIAL,FACTURADO,1000,1700
MC,23848,SANCHEZ CARRASCO PAUL VICENTE,REIMPRESIÓN LIBRO CORAZÓN DE TIZA 4,1000,1700,17/07/2025 0:00,23/07/2025 0:00,EDITORIAL,FACTURADO,1000,1700
MC,23849,SANCHEZ CARRASCO PAUL VICENTE,REIMPRESIÓN LIBRO CORAZÓN DE TIZA 5,1000,1700,17/07/2025 0:00,23/07/2025 0:00,EDITORIAL,FACTURADO,1000,1700
MC,23850,SANCHEZ CARRASCO PAUL VICENTE,REIMPRESIÓN LIBRO CORAZÓN DE TIZA 6,1000,1700,17/07/2025 0:00,23/07/2025 0:00,EDITORIAL,FACTURADO,1000,1700
MC,23851,SANCHEZ CARRASCO PAUL VICENTE,REIMPRESIÓN LIBRO CORAZÓN DE TIZA 7,1000,1700,17/07/2025 0:00,23/07/2025 0:00,EDITORIAL,FACTURADO,1000,1700
MC,23852,SANCHEZ CARRASCO PAUL VICENTE,REIMPRESIÓN LIBRO CORAZÓN DE TIZA 9,1000,1700,17/07/2025 0:00,23/07/2025 0:00,EDITORIAL,FACTURADO,1000,1700
MC,23853,SANCHEZ CARRASCO PAUL VICENTE,REIMPRESIÓN LIBRO CORAZÓN DE TIZA 10,1000,1700,17/07/2025 0:00,23/07/2025 0:00,EDITORIAL,FACTURADO,1000,1700
MC,23856,YUNNY RIVERA CUSME,REIMPRESIÓN LIBRO BIOLOGÍA 1 BGU,1000,3150,21/07/2025 0:00,25/07/2025 0:00,EDITORIAL,FACTURADO,1000,3150
MC,23857,YUNNY RIVERA CUSME,REIMPRESIÓN LIBRO BIOLOGÍA 2 BGU,1000,3400,21/07/2025 0:00,25/07/2025 0:00,EDITORIAL,FACTURADO,1000,3400
MC,23858,YUNNY RIVERA CUSME,REIMPRESIÓN LIBRO BIOLOGÍA 3 bgu,1000,3100.01,21/07/2025 0:00,25/07/2025 0:00,EDITORIAL,FACTURADO,1000,3100.01
MC,23859,YUNNY RIVERA CUSME,LIBROS ECA 1 BGU - CREARTE,1500,3150,21/07/2025 0:00,28/07/2025 0:00,EDITORIAL,FACTURADO,1500,3150
MC,23860,YUNNY RIVERA CUSME,LIBROS ECA 2 BGU - CREARTE,1500,3150,21/07/2025 0:00,28/07/2025 0:00,EDITORIAL,FACTURADO,1500,3150
MC,23865,YUNNY RIVERA CUSME,lIBROS FILOSOFIA - 2 PORTADAS,1500,3300,24/07/2025 0:00,31/07/2025 0:00,EDITORIAL,FACTURADO,1500,3300
MC,23867,TRAMA DISENO,"Revista DOSSIER
",250,1005,25/07/2025 0:00,31/07/2025 0:00,PUBLICOMERCIAL,FACTURADO,250,1005
MC,23868,TRAMA DISENO,"Revista Trama
",250,1699,25/07/2025 0:00,31/07/2025 0:00,PUBLICOMERCIAL,FACTURADO,250,1699
MC,23877,TERAN ANDRADE FREDDY DAVID,REIMPRESÍON LIBRO QUÍMICA 3 en acciÓN,300,1709,29/07/2025 0:00,05/08/2025 0:00,PUBLICOMERCIAL,FACTURADO,300,1709
MC,23878,TERAN ANDRADE FREDDY DAVID,REIMPRESÍON LIBRO BIOLOGÍA 1 en acciÓn,200,1588,29/07/2025 0:00,05/08/2025 0:00,PUBLICOMERCIAL,FACTURADO,200,1588
MC,23879,TERAN ANDRADE FREDDY DAVID,REIMPRESÍON LIBRO BIOLOGÍA 3 en acciÓn,350,1769,29/07/2025 0:00,05/08/2025 0:00,PUBLICOMERCIAL,FACTURADO,350,1769
MC,23900,MIRIAN SUSANA CARRERA,reimpresion GUIA DE USUARIO ALARMA,1600,537.6,08/08/2025 0:00,21/08/2025 0:00,PUBLICOMERCIAL,FACTURADO,1600,537.6
MC,23914,YUNNY RIVERA CUSME,LIBROS FILOSOFIA 2 - 2 PORTADAS,1500,3300,12/08/2025 0:00,20/08/2025 0:00,EDITORIAL,FACTURADO,1500,3300
MC,23915,TERAN ANDRADE FREDDY DAVID,REIMPRESÍON LIBRO BIOLOGÍA 2 en acciÓn,200,1588,13/08/2025 0:00,20/08/2025 0:00,PUBLICOMERCIAL,FACTURADO,200,1588
MC,23919,TIPAN UMATAMBO SEGUNDO MARCO,REIMPRESIÓN LIBRO AVENTURAS DEL ARTE 8,2000,3040,14/08/2025 0:00,22/08/2025 0:00,EDITORIAL,FACTURADO,2000,3040
MC,23920,TIPAN UMATAMBO SEGUNDO MARCO,REIMPRESIÓN LIBRO AVENTURAS DEL ARTE 9,2000,3040,14/08/2025 0:00,22/08/2025 0:00,EDITORIAL,FACTURADO,2000,3040
MC,23921,TIPAN UMATAMBO SEGUNDO MARCO,REIMPRESIÓN LIBRO AVENTURAS DEL ARTE 10,2000,3040,14/08/2025 0:00,22/08/2025 0:00,EDITORIAL,FACTURADO,2000,3040
MC,23924,SANCHEZ CARRASCO PAUL VICENTE,REIMPRESIÓN AGENDA KAPITO - PORTADA NUEVA y PLIEGO NUEVO,3000,3567,15/08/2025 0:00,26/08/2025 0:00,PUBLICOMERCIAL,FACTURADO,3000,3567
MC,23929,SANCHEZ CARRASCO PAUL VICENTE,LIBROS ARTE VIVO 8 ALUMNO Y DOCENTE,2000,3200,19/08/2025 0:00,26/08/2025 0:00,EDITORIAL,FACTURADO,2000,3200
MC,23930,SANCHEZ CARRASCO PAUL VICENTE,LIBROS ARTE VIVO 10 ALUMNO Y DOCENTE,2000,3200,19/08/2025 0:00,26/08/2025 0:00,EDITORIAL,FACTURADO,2000,3200
MC,23931,TERAN ANDRADE FREDDY DAVID,REIMPRESIÍON LIBRO BIOLOGÍA en accion 1,150,1195,19/08/2025 0:00,27/08/2025 0:00,PUBLICOMERCIAL,FACTURADO,150,1195
MC,23933,SANCHEZ CARRASCO PAUL VICENTE,LIBROS ARTE VIVO 9 ALUMNO Y DOCENTE,2000,3200,20/08/2025 0:00,26/08/2025 0:00,EDITORIAL,FACTURADO,2000,3200
MC,23934,YUNNY RIVERA CUSME,REIMPRESIÓN LIBRO I KNOW KIDS 4 - ANILLADO,2000,4000,21/08/2025 0:00,28/08/2025 0:00,PUBLICOMERCIAL,FACTURADO,2000,4000
MC,23945,SANCHEZ CARRASCO PAUL VICENTE,REIMPRESIÓN LIBRO CORAZON LITERARIO 1ro,1000,2200,27/08/2025 0:00,01/09/2025 0:00,EDITORIAL,FACTURADO,1000,2200
MC,23952,SANCHEZ CARRASCO PAUL VICENTE,reimpresión LIBRO CORAZON LITERARIO 2DO,1000,1950,28/08/2025 0:00,03/09/2025 0:00,EDITORIAL,FACTURADO,1000,1950
MC,23953,SANCHEZ CARRASCO PAUL VICENTE,REIMPRESIÓN LIBROS CORAZON LITERARIO 3RO,1000,2100,28/08/2025 0:00,03/09/2025 0:00,EDITORIAL,FACTURADO,1000,2100
MC,23955,TIPAN UMATAMBO SEGUNDO MARCO,REIMPRESIÓN LIBRO AVENTURAS DEL ARTE 3,2000,3040,01/09/2025 0:00,05/09/2025 0:00,EDITORIAL,FACTURADO,2000,3040
MC,23956,TIPAN UMATAMBO SEGUNDO MARCO,REIMPRESIÓN LIBRO AVENTURAS DEL ARTE 4,2000,3040,01/09/2025 0:00,05/09/2025 0:00,EDITORIAL,FACTURADO,2000,3040
MC,23957,TIPAN UMATAMBO SEGUNDO MARCO,REIMPRESIÓN LIBRO AVENTURAS DEL ARTE 5,2000,3040,01/09/2025 0:00,05/09/2025 0:00,EDITORIAL,FACTURADO,2000,3040
MC,23958,TIPAN UMATAMBO SEGUNDO MARCO,REIMPRESIÓN LIBRO AVENTURAS DEL ARTE 6,2000,3040,01/09/2025 0:00,05/09/2025 0:00,EDITORIAL,FACTURADO,2000,3040
MC,23959,TIPAN UMATAMBO SEGUNDO MARCO,REIMPRESIÓN LIBRO AVENTURAS DEL ARTE 7,2000,3040,01/09/2025 0:00,05/09/2025 0:00,EDITORIAL,FACTURADO,2000,3040
MC,23987,YUNNY RIVERA CUSME,REIMPRESIÓN LIBRO CALIGRAFITOS PLUS 4 EGB,2000,3480,09/09/2025 0:00,12/09/2025 0:00,EDITORIAL,FACTURADO,2000,3480
MC,23992,TIPAN UMATAMBO SEGUNDO MARCO,REIMPRESIÓN LIBRO AVENTURAS DEL ARTE 2,2000,3040,10/09/2025 0:00,17/09/2025 0:00,EDITORIAL,FACTURADO,2000,3040
MC,24001,MIRIAN SUSANA CARRERA,reimpresion GUIA DE USUARIO ALARMA,1500,504,15/09/2025 0:00,19/09/2025 0:00,PUBLICOMERCIAL,FACTURADO,1500,504
MC,24002,YUNNY RIVERA CUSME,LIBROS CIUDADANIA 1 - 2 PORTADAS,1500,3420,16/09/2025 0:00,19/09/2025 0:00,EDITORIAL,FACTURADO,1500,3420
MC,24007,SANCHEZ CARRASCO PAUL VICENTE,REIMPRESIÓN LIBRO CORAZÓN DE TIZA 8,1000,1700,17/09/2025 0:00,23/09/2025 0:00,EDITORIAL,FACTURADO,1000,1700
MC,24008,TIPAN UMATAMBO SEGUNDO MARCO,REIMPRESIÓN LIBRO sueños de mar y sol - inicial 2,2500,16076,17/09/2025 0:00,26/09/2025 0:00,PUBLICOMERCIAL,FACTURADO,2500,16076
MC,24022,TRAMA DISENO,"Revista DOSSIER PAISAJISMO
",250,1352,23/09/2025 0:00,26/09/2025 0:00,PUBLICOMERCIAL,FACTURADO,250,1352
MC,24023,TRAMA DISENO,"Revista Trama 190
",250,1699,23/09/2025 0:00,26/09/2025 0:00,PUBLICOMERCIAL,FACTURADO,250,1699
MC,24027,TRAMA DISENO,LIBRO CACAO Y CHOCOLATE PASTA DURA,250,2430,25/09/2025 0:00,02/10/2025 0:00,EDITORIAL,FACTURADO,250,2430
MC,24094,YUNNY RIVERA CUSME,CUADERNO PASTA DURA 2026,2000,4600,30/10/2025 0:00,13/11/2025 0:00,EDITORIAL,FACTURADO,2000,4600
MC,24039,SANCHEZ CARRASCO PAUL VICENTE,REIMPRESIÓN LIBRO CORAZÓN DE TIZA 9,1000,1700,06/10/2025 0:00,13/10/2025 0:00,EDITORIAL,FACTURADO,1000,1700
MC,24028,TIPAN UMATAMBO SEGUNDO MARCO,CUADERNOS PASTA DURA,1500,2955,01/10/2025 0:00,13/10/2025 0:00,PUBLICOMERCIAL,FACTURADO,1500,2955
MC,24056,TANIA VILLEGAS,FOLLETOS GRAPADO - 32pg,1000,1199,15/10/2025 0:00,20/10/2025 0:00,PUBLICOMERCIAL,FACTURADO,1000,1199
MC,24045,TIPAN UMATAMBO SEGUNDO MARCO,BLOCK DE NOTAS,1000,740.55,07/10/2025 0:00,15/10/2025 0:00,PUBLICOMERCIAL,FACTURADO,1000,740.55
MC,24063,SANCHEZ CARRASCO PAUL VICENTE,REIMPRESIÓN LIBROS civica 8,300,1187,20/10/2025 0:00,27/10/2025 0:00,EDITORIAL,FACTURADO,300,1187
MC,24049,MIRIAN SUSANA CARRERA,reimpresion GUIA DE USUARIO ALARMA,1500,504,13/10/2025 0:00,15/10/2025 0:00,PUBLICOMERCIAL,FACTURADO,1500,504
MC,24072,STUDIO593 EDITORIAL Y COMUNICACIÓN S.A.S,LIBRO SUMAK WARMI,300,2785,22/10/2025 0:00,05/11/2025 0:00,EDITORIAL,FACTURADO,300,2785
MC,24111,TRAMA DISENO,Libro 100 casas latinoamericanas,700,10348.1,11/11/2025 0:00,03/12/2025 0:00,EDITORIAL,FACTURADO,700,10348.1
MC,24144,TRAMA DISENO,"Revista Trama 191
",250,1850,26/11/2025 0:00,04/12/2025 0:00,PUBLICOMERCIAL,FACTURADO,250,1850
MC,24145,TRAMA DISENO,"Revista DOSSIER RESTAURANTES
",250,1299,26/11/2025 0:00,04/12/2025 0:00,PUBLICOMERCIAL,FACTURADO,250,1299
MC,24163,CARRERA MIRIAN SUSANA,AGENDAS CUADERNO,1000,3950,11/12/2025 0:00,22/12/2025 0:00,PUBLICOMERCIAL,FACTURADO,1000,3950
ASS,24281,EMPRESA OPERADORA METRO DE MEDELLIN TRANSDEV EOMMT S.A.S.,CARTILLAS,50,725,02/03/2026 0:00,02/03/2026 0:00,PUBLICOMERCIAL,FACTURADO,50,725
BV,24282,HOLGUINCORP S.A.S,REIMPRESIÓN LIBROS ESTUDIOS SOCIALES 9 EGB,1000,3150.001,02/03/2026 0:00,05/03/2026 0:00,EDITORIAL,FACTURADO,1000,3150.001
CTAG,24283,FEDERACION DE CHOFERES,REIMPRESIÓN LEY ORGÁNICA TRANSPORTE,1500,1889.998045,02/03/2026 0:00,18/03/2026 0:00,EDITORIAL,DESPACHOS - ENTREGA TOTAL,,
MC,24284,FLORES RUIZ JULIO OSWALDO,FOLLETO REENCONTRARTE 2026,500,434.7785,03/03/2026 0:00,05/03/2026 0:00,PUBLICOMERCIAL,FACTURADO,500,434.7785
CTAG,24285,AMC ECUADOR CIA.LTDA.,reimpresión PLIEGOS NINA FLOWERS 60X90,99610,1673.448,03/03/2026 0:00,10/03/2026 0:00,PUBLICOMERCIAL,FACTURADO,99610,1673.448
CTAG,24286,AMC ECUADOR CIA.LTDA.,REIMPRESIÓN PLIEGOS KNL FLORES 60X90,99682,1674.6576,03/03/2026 0:00,09/03/2026 0:00,PUBLICOMERCIAL,FACTURADO,99682,1674.6576
BV,24287,NATURES SUNSHINE PRODUCTS DEL ECUADOR S.A.,TICKETS bebidas soft,750,72,03/03/2026 0:00,04/03/2026 0:00,PUBLICOMERCIAL,FACTURADO,750,72
BV,24288,NATURES SUNSHINE PRODUCTS DEL ECUADOR S.A.,BANDERA,1,16.952181,04/03/2026 0:00,04/03/2026 0:00,PUBLICOMERCIAL,FACTURADO,1,16.952181
ASS,24289,OTECEL S.A.,VOLANTES MOVISTAR marzo,126000,2268,04/03/2026 0:00,06/03/2026 0:00,PUBLICOMERCIAL,FACTURADO,126000,0
MC,24290,YUNNY RIVERA CUSME,LIBRO FORMACIÓN Y ORIENTACIÓN LABORAL,1500,3194.997,05/03/2026 0:00,11/03/2026 0:00,PUBLICOMERCIAL,FACTURADO,1500,3194.997
ASS,24291,AGLOMERADOS COTOPAXI S.A,CAJA PASTA DURA - SUPERFICIES PREMIUM,400,3940.0016,05/03/2026 0:00,27/03/2026 0:00,CAJAS PASTA DURA,FACTURADO,400,3940.0016
MC,24292,YUNNY RIVERA CUSME,REIMPRESIÓN LIBRO “I KNOW 1” LITTLE ONES,2500,3274.9975,06/03/2026 0:00,13/03/2026 0:00,PUBLICOMERCIAL,FACTURADO,2500,3274.9975
BV,24293,ANDRANGO PINEIDA JOFFRE EFRAIN,LIBROS ROBOSTEAM 8vo,2000,4612.802,06/03/2026 0:00,12/03/2026 0:00,EDITORIAL,FACTURADO,2000,4612.802
BV,24294,ANDRANGO PINEIDA JOFFRE EFRAIN,LIBROS ROBOSTEAM 9no,2000,4612.802,06/03/2026 0:00,12/03/2026 0:00,EDITORIAL,FACTURADO,2000,4612.802
BV,24295,ANDRANGO PINEIDA JOFFRE EFRAIN,LIBROS ROBOSTEAM 10mo,2000,4899.804,06/03/2026 0:00,12/03/2026 0:00,EDITORIAL,FACTURADO,2000,4899.804
BV,24296,ANDRANGO PINEIDA JOFFRE EFRAIN,REIMPRESIÓN LIBROS ROBOSTEAM Bgu 2 ,1000,2240.001,06/03/2026 0:00,17/03/2026 0:00,EDITORIAL,FACTURADO,1000,2240.001
BV,24297,ANDRANGO PINEIDA JOFFRE EFRAIN,LIBROS ROBOSTEAM Bgu 1,1000,2399.997,06/03/2026 0:00,17/03/2026 0:00,EDITORIAL,FACTURADO,1000,2399.997
BV,24298,ANDRANGO PINEIDA JOFFRE EFRAIN,LIBROS ROBOSTEAM Bgu 3,500,1980.002,06/03/2026 0:00,17/03/2026 0:00,EDITORIAL,FACTURADO,500,1980.002
MC,24299,AGILA VARGAS NANCY MARLENE,REVISTA MODUS VIVENDI,80,870.00272,06/03/2026 0:00,11/03/2026 0:00,PUBLICOMERCIAL,FACTURADO,80,870.00272
MC,24300,YUNNY RIVERA CUSME,LIBRO I KNOW PLUS 4 EGB alumno y docente,2500,4250.005,09/03/2026 0:00,13/03/2026 0:00,EDITORIAL,FACTURADO,2500,4250.005
MC,24301,YUNNY RIVERA CUSME,LIBRO I KNOW PLUS 5 EGB alumno y docente,2500,4250.005,09/03/2026 0:00,11/03/2026 0:00,EDITORIAL,FACTURADO,2500,4250.005
MC,24302,YUNNY RIVERA CUSME,LIBRO I KNOW PLUS 7 EGB alumno y docente,2500,4250.005,09/03/2026 0:00,16/03/2026 0:00,EDITORIAL,FACTURADO,2500,4250.005
BV,24303,ANDRANGO PINEIDA JOFFRE EFRAIN,INVITACIONES MEGA EXPO ROBOTICLAB,100,190.0043,09/03/2026 0:00,10/03/2026 0:00,PUBLICOMERCIAL,FACTURADO,100,190.0043
BV,24304,HOLGUINCORP S.A.S,BROCHURE COLECTUM,1000,672.001,09/03/2026 0:00,12/03/2026 0:00,PUBLICOMERCIAL,FACTURADO,1000,672.001
ASS,24305,AGLOMERADOS COTOPAXI S.A,ETIQUETA PARA TABLILLA - 4 modelos,1600,949.9984,09/03/2026 0:00,18/03/2026 0:00,PUBLICOMERCIAL,FACTURADO,1600,949.9984
BV,24306,RIJABAL S.A.,LIBROS EMPRENDIMIENTO Y GESTIÓN 2 BGU,700,2765.0014,09/03/2026 0:00,12/03/2026 0:00,EDITORIAL,FACTURADO,700,2765.0014
BV,24307,RIJABAL S.A.,LIBROS EMPRENDIMIENTO Y GESTIÓN 3 BGU,700,2086.0014,09/03/2026 0:00,12/03/2026 0:00,EDITORIAL,FACTURADO,700,2086.0014
CTAG,24308,ALISERVIS S.A.,REIMPRESIÓN ETIQUETA MEDIUM - GARDEN SALAD,5000,575.005,10/03/2026 0:00,16/03/2026 0:00,PUBLICOMERCIAL,FACTURADO,5000,575.005
CTAG,24309,ECUAEMPAQUES,"placas adicionales, tiempo maquina y pruebas",1,548,11/03/2026 0:00,11/03/2026 0:00,PUBLICOMERCIAL,FACTURADO,1,548
CTAG,24310,BANCO GENERAL RUMIÑAHUI S.A.,MEMORIA DE SOSTENIBILIDAD 2025,40,1599.9958,11/03/2026 0:00,16/03/2026 0:00,EDITORIAL,FACTURADO,40,1599.9958
MC,24311,YUNNY RIVERA CUSME,REIMPRESIÓN LIBRO CALIGRAFITOS PLUS 3 EGB,2000,3300,11/03/2026 0:00,17/03/2026 0:00,EDITORIAL,FACTURADO,2000,3300
MC,24312,YUNNY RIVERA CUSME,REIMPRESIÓN LIBRO CALIGRAFITOS PLUS 5 EGB,2000,3300,11/03/2026 0:00,17/03/2026 0:00,EDITORIAL,FACTURADO,2000,3300
MC,24313,YUNNY RIVERA CUSME,reimpresión LIBROS caligrafitos 9,1500,2625.0015,11/03/2026 0:00,17/03/2026 0:00,EDITORIAL,FACTURADO,1500,2625.0015
MC,24314,YUNNY RIVERA CUSME,reimpresión LIBROS caligrafitos 10,1500,2625.0015,11/03/2026 0:00,17/03/2026 0:00,EDITORIAL,FACTURADO,1500,2625.0015
BV,24315,GLOBAL ESTHETIC,arañas lonas SIN estructura,3,37.9999998,12/03/2026 0:00,13/03/2026 0:00,PUBLICOMERCIAL,FACTURADO,3,37.9999998
MC,24316,TIPAN UMATAMBO SEGUNDO MARCO,REIMPRESIÓN LIBRO AVENTURAS DEL ARTE 2,2000,3040,12/03/2026 0:00,20/03/2026 0:00,EDITORIAL,FACTURADO,2000,3040
MC,24317,TIPAN UMATAMBO SEGUNDO MARCO,REIMPRESIÓN LIBRO AVENTURAS DEL ARTE 3,2000,3040,12/03/2026 0:00,27/03/2026 0:00,EDITORIAL,FACTURADO,2000,3040
MC,24318,TIPAN UMATAMBO SEGUNDO MARCO,REIMPRESIÓN LIBRO AVENTURAS DEL ARTE 4,2000,3040,12/03/2026 0:00,27/03/2026 0:00,EDITORIAL,FACTURADO,2000,3040
MC,24319,TIPAN UMATAMBO SEGUNDO MARCO,REIMPRESIÓN LIBRO AVENTURAS DEL ARTE 5,2000,3040,12/03/2026 0:00,27/03/2026 0:00,EDITORIAL,FACTURADO,2000,3040
MC,24320,TIPAN UMATAMBO SEGUNDO MARCO,REIMPRESIÓN LIBRO AVENTURAS DEL ARTE 6,2000,3040,12/03/2026 0:00,27/03/2026 0:00,EDITORIAL,FACTURADO,2000,3040
MC,24321,TIPAN UMATAMBO SEGUNDO MARCO,REIMPRESIÓN LIBRO AVENTURAS DEL ARTE 7,2000,3040,12/03/2026 0:00,27/03/2026 0:00,EDITORIAL,FACTURADO,2000,3040
MC,24322,TIPAN UMATAMBO SEGUNDO MARCO,REIMPRESIÓN libro aventuras del arte 8,2000,3040,12/03/2026 0:00,01/04/2026 0:00,EDITORIAL,FACTURADO,2000,3040
MC,24323,TIPAN UMATAMBO SEGUNDO MARCO,REIMPRESIÓN libro aventuras del arte 9,2000,3040,12/03/2026 0:00,23/04/2026 0:00,EDITORIAL,FACTURADO,2000,3040
MC,24324,TIPAN UMATAMBO SEGUNDO MARCO,REIMPRESIÓN libro aventuras del arte 10,2000,3040,12/03/2026 0:00,23/04/2026 0:00,EDITORIAL,FACTURADO,2000,3040
MC,24325,TRAMA DISENO,REIMPRESIÓN LIBRO CACAO Y CHOCOLATE PASTA DURA,300,2335.0008,13/03/2026 0:00,24/03/2026 0:00,EDITORIAL,FACTURADO,300,2335.0008
CTAG,24326,BANCO MUNDIAL,PUBLICACION BANCO MUNDIAL - PAPEL COUCHE,200,2349.9972,13/03/2026 0:00,16/03/2026 0:00,PUBLICOMERCIAL,FACTURADO,200,2349.9972
BV,24327,UMCO S.A.,reimpresimón SEPARADOR 64x45,7000,613.907,16/03/2026 0:00,19/03/2026 0:00,PUBLICOMERCIAL,FACTURADO,7000,613.907
BV,24328,LANSEY S.A.,COLLARINES,30000,865.02,18/03/2026 0:00,23/03/2026 0:00,PUBLICOMERCIAL,FACTURADO,30000,865.02
BV,24329,HOLGUINCORP S.A.S,BROCHURE,1000,862.003,19/03/2026 0:00,26/03/2026 0:00,PUBLICOMERCIAL,FACTURADO,1000,862.003
BV,24330,HOLGUINCORP S.A.S,Catálogo 2026,1000,906.004,19/03/2026 0:00,26/03/2026 0:00,PUBLICOMERCIAL,FACTURADO,1000,906.004
MC,24331,SANCHEZ CARRASCO PAUL VICENTE,REIMPRESIÓN LIBRO CORAZÓN DE TIZA 3,1000,1699.999,19/03/2026 0:00,31/03/2026 0:00,EDITORIAL,FACTURADO,1000,1699.999
MC,24332,SANCHEZ CARRASCO PAUL VICENTE,REIMPRESIÓN LIBRO CORAZÓN DE TIZA 6,1000,1699.996,19/03/2026 0:00,31/03/2026 0:00,EDITORIAL,FACTURADO,1000,1699.996
MC,24333,SANCHEZ CARRASCO PAUL VICENTE,REIMPRESIÓN LIBRO CORAZÓN DE TIZA 7,1000,1699.996,19/03/2026 0:00,31/03/2026 0:00,EDITORIAL,FACTURADO,1000,1699.996
MC,24334,SANCHEZ CARRASCO PAUL VICENTE,REIMPRESIÓN LIBRO CORAZÓN DE TIZA 10,1000,1699.996,19/03/2026 0:00,31/03/2026 0:00,EDITORIAL,FACTURADO,1000,1699.996
BV,24335,ANDRANGO PINEIDA JOFFRE EFRAIN,PREPARATORIA,1000,3100.004,20/03/2026 0:00,25/03/2026 0:00,EDITORIAL,FACTURADO,1000,3100.004
BV,24336,RIJABAL S.A.,LIBROS EMPRENDIMIENTO Y GESTIÓN 1,1400,2859.997,20/03/2026 0:00,26/03/2026 0:00,EDITORIAL,FACTURADO,1400,2859.997
BV,24337,HOLGUINCORP S.A.S,LIBRO ESTUDIO SOCIALES 8 EGB,1000,3709.996,20/03/2026 0:00,26/03/2026 0:00,EDITORIAL,FACTURADO,1000,3709.996
BV,24338,HOLGUINCORP S.A.S,LIBRO HISTORIA 2 BGU,1000,3289.996,20/03/2026 0:00,26/03/2026 0:00,EDITORIAL,FACTURADO,1000,3289.996
BV,24339,HOLGUINCORP S.A.S,LIBRO CIENCIAS NATURALES 8 EGB,1000,3669.999,20/03/2026 0:00,26/03/2026 0:00,EDITORIAL,FACTURADO,1000,3669.999
BV,24340,HOLGUINCORP S.A.S,LIBRO CIENCIAS NATURALES 9 EGB,1000,3669.999,20/03/2026 0:00,02/04/2026 0:00,EDITORIAL,FACTURADO,1000,3669.999
BV,24341,HOLGUINCORP S.A.S,LIBRO ESTUDIOS SOCIALES 10 EGB,1000,3939.999,20/03/2026 0:00,17/04/2026 0:00,EDITORIAL,FACTURADO,1000,3939.999
BV,24342,HOLGUINCORP S.A.S,LIBRO CIENCIAS NATURALES 10 EGB,1000,3820.001,20/03/2026 0:00,10/04/2026 0:00,EDITORIAL,FACTURADO,1000,3820.001
BV,24343,HOLGUINCORP S.A.S,LIBRO LENGUA Y LITERATURA 3 EGB,1000,3669.999,20/03/2026 0:00,10/04/2026 0:00,EDITORIAL,FACTURADO,1000,3669.999
BV,24344,HOLGUINCORP S.A.S,LIBRO LENGUA Y LITERATURA 6 EGB,1000,3669.999,20/03/2026 0:00,10/04/2026 0:00,EDITORIAL,FACTURADO,1000,3669.999
BV,24345,HOLGUINCORP S.A.S,LIBRO LENGUA Y LITERATURA 8 EGB,1000,3939.999,20/03/2026 0:00,10/04/2026 0:00,EDITORIAL,FACTURADO,1000,3939.999
BV,24346,HOLGUINCORP S.A.S,LIBRO HISTORIA 1 BGU,1000,3289.996,20/03/2026 0:00,17/04/2026 0:00,EDITORIAL,FACTURADO,1000,3289.996
BV,24347,HOLGUINCORP S.A.S,LIBRO LENGUA Y LITERATURA 2 BGU,1000,4000.003,20/03/2026 0:00,10/04/2026 0:00,EDITORIAL,FACTURADO,1000,4000.003
MC,24348,YUNNY RIVERA CUSME,LIBRO LENGUA Y LITERATURA 1 BGU,1500,3854.997,24/03/2026 0:00,06/04/2026 0:00,PUBLICOMERCIAL,FACTURADO,1500,3854.997
MC,24349,YUNNY RIVERA CUSME,LIBRO LENGUA Y LITERATURA 2 BGU,1500,3854.997,24/03/2026 0:00,06/04/2026 0:00,PUBLICOMERCIAL,FACTURADO,1500,3854.997
MC,24350,YUNNY RIVERA CUSME,LIBRO LENGUA Y LITERATURA 3 BGU,1500,3225.0045,24/03/2026 0:00,06/04/2026 0:00,PUBLICOMERCIAL,FACTURADO,1500,3225.0045
BV,24351,HOLGUINCORP S.A.S,LIBRO LA MARAVILLA DE LEER 5 EGB,1500,3075,24/03/2026 0:00,08/04/2026 0:00,EDITORIAL,FACTURADO,1500,3075
BV,24352,HOLGUINCORP S.A.S,LIBRO LA MARAVILLA DE LEER 6 EGB,1500,3075,24/03/2026 0:00,08/04/2026 0:00,EDITORIAL,FACTURADO,1500,3075
BV,24353,HOLGUINCORP S.A.S,LIBRO LA MARAVILLA DE LEER 7 EGB,1500,3075,24/03/2026 0:00,08/04/2026 0:00,EDITORIAL,FACTURADO,1500,3075
BV,24354,HINODE ECUADOR CIA.LTDA.,CATÁLOGO HINODE - CLICLO 02 / 2026,700,1309.0042,24/03/2026 0:00,30/03/2026 0:00,PUBLICOMERCIAL,FACTURADO,700,1309.0042
BV,24355,HOLGUINCORP S.A.S,LIBRO LA MARAVILLA DE LEER 3 EGB,1500,3075,25/03/2026 0:00,08/04/2026 0:00,EDITORIAL,FACTURADO,1500,3075
BV,24356,HOLGUINCORP S.A.S,LIBRO LA MARAVILLA DE LEER 4 EGB,1500,3075,25/03/2026 0:00,08/04/2026 0:00,EDITORIAL,FACTURADO,1500,3075
CTAG,24357,ALISERVIS S.A.,REIMPRESION VOLANTES PROMO ABRIL 2026 $10.49 PIZZA FAMILIA 1 INGREDIENTE - 5 MOTIVOS,499750,5247.375,25/03/2026 0:00,30/03/2026 0:00,PUBLICOMERCIAL,FACTURADO,499750,5247.375
ASS,24358,EMPRESA OPERADORA METRO DE MEDELLIN TRANSDEV EOMMT S.A.S.,"CERTIFICADOS DE PARTICIPACIÓN - A4	",200,185.0022,26/03/2026 0:00,27/03/2026 0:00,PUBLICOMERCIAL,FACTURADO,200,185.0022
ASS,24359,EMPRESA OPERADORA METRO DE MEDELLIN TRANSDEV EOMMT S.A.S.,Mural dibujos niños,200,174.9952,26/03/2026 0:00,27/03/2026 0:00,PUBLICOMERCIAL,FACTURADO,200,174.9952
CTAG,24360,DIDACTICA-EDITORIAL S.A.S.,REIMPRESION IMAGINA Y APRENDE 1 EGB PREPARATORIA,3000,15899.997,26/03/2026 0:00,16/04/2026 0:00,EDITORIAL,FACTURADO,3000,15899.997
CTAG,24361,RED DE INTEGRACION ECUATORIANA DE COOPERATIVAS DE AHORRO Y CREDITO,REVISTA,2000,1983.004,26/03/2026 0:00,01/04/2026 0:00,PUBLICOMERCIAL,FACTURADO,2000,1983.004
MC,24362,YUNNY RIVERA CUSME,REIMPRESION LIBRO BRING UP ENGLISH STUDENT`S BOOK 8 EGB,2000,3500.004,26/03/2026 0:00,06/04/2026 0:00,EDITORIAL,FACTURADO,2000,3500.004
MC,24363,YUNNY RIVERA CUSME,REIMPRESION LIBRO BRING UP ENGLISH STUDENT`S BOOK 10 EGB,2000,3500.004,26/03/2026 0:00,06/04/2026 0:00,EDITORIAL,FACTURADO,2000,3500.004
BV,24364,RIJABAL S.A.,LIBRO QUÍMICA 1,1700,5100.0051,27/03/2026 0:00,31/03/2026 0:00,EDITORIAL,FACTURADO,1700,5100.0051
BV,24365,HOLGUINCORP S.A.S,CREA Y APRENDE CON GUCHITO PRIMERO DE BÁSICA,1500,21749.9985,27/03/2026 0:00,29/04/2026 0:00,EDITORIAL,FACTURADO,1500,21749.9985
ASS,24366,OTECEL S.A.,CUADERNOS - ÍTEM TARIFARIO - CAYFO78,924,3883.563904,27/03/2026 0:00,08/04/2026 0:00,PUBLICOMERCIAL,DESPACHOS - ENTREGA TOTAL,,
CTAG,24367,ALISERVIS S.A.,VOLANTES DOMIWEEK 50% OFF,125490,1317.645,30/03/2026 0:00,02/04/2026 0:00,PUBLICOMERCIAL,FACTURADO,125490,1317.645
ASS,24368,SANTILLANA S.A.,BLOCK DE NOTAS A5 COMPARTIR,6300,1890,31/03/2026 0:00,02/04/2026 0:00,PUBLICOMERCIAL,FACTURADO,6300,1890
BV,24369,THATBOOK S.A.S. B.I.C.,LIBRO LUDO ARTE 2,2000,4199.998,31/03/2026 0:00,08/04/2026 0:00,EDITORIAL,FACTURADO,2000,4199.998
BV,24370,THATBOOK S.A.S. B.I.C.,LIBRO LUDO ARTE 3,2000,4199.998,31/03/2026 0:00,08/04/2026 0:00,EDITORIAL,FACTURADO,2000,4199.998
BV,24371,THATBOOK S.A.S. B.I.C.,LIBRO LUDO ARTE 4,2000,4199.998,31/03/2026 0:00,08/04/2026 0:00,EDITORIAL,FACTURADO,2000,4199.998
BV,24372,THATBOOK S.A.S. B.I.C.,LIBRO LUDO ARTE 5,2000,4199.998,31/03/2026 0:00,08/04/2026 0:00,EDITORIAL,FACTURADO,2000,4199.998
CTAG,24373,MANOSALVAS MARTINEZ JANETH,REVISTA EDICIÓN 118 - ABRIL,850,450.0002,01/04/2026 0:00,10/04/2026 0:00,PUBLICOMERCIAL,FACTURADO,850,450.0002
CTAG,24374,MANOSALVAS MARTINEZ JANETH,FOLLETO,20,307.99604,01/04/2026 0:00,01/04/2026 0:00,PUBLICOMERCIAL,FACTURADO,20,307.99604
CTAG,24375,RECREAR REDIEDITORES CIA. LTDA.,LIBRO DISCOVER 5,2000,2880.002,01/04/2026 0:00,13/04/2026 0:00,EDITORIAL,FACTURADO,2000,2880.002
CTAG,24376,RECREAR REDIEDITORES CIA. LTDA.,LIBRO DISCOVER 6,2000,2959.998,01/04/2026 0:00,13/04/2026 0:00,EDITORIAL,FACTURADO,2000,2959.998
CTAG,24377,RECREAR REDIEDITORES CIA. LTDA.,LIBRO DISCOVER 7,1650,2904,01/04/2026 0:00,13/04/2026 0:00,EDITORIAL,FACTURADO,1650,2904
BV,24378,ANDRANGO PINEIDA JOFFRE EFRAIN,LIBRO ROBOSTEAM INICIAL 2 - 4 AÑOS,1500,4800,01/04/2026 0:00,09/04/2026 0:00,EDITORIAL,FACTURADO,1500,4800
BV,24379,ANDRANGO PINEIDA JOFFRE EFRAIN,REIMPRESIÓN LIBRO ROBO STEAM PREPARATORIA 5 AÑOS,1000,3099.996,01/04/2026 0:00,17/04/2026 0:00,EDITORIAL,FACTURADO,1000,3099.996
BV,24380,THATBOOK S.A.S. B.I.C.,LIBRO LUDO ARTE 6,2000,4199.998,02/04/2026 0:00,18/04/2026 0:00,EDITORIAL,FACTURADO,2000,4199.998
BV,24381,THATBOOK S.A.S. B.I.C.,LIBRO LUDO ARTE 7,2000,4199.998,02/04/2026 0:00,18/04/2026 0:00,EDITORIAL,FACTURADO,2000,4199.998
BV,24382,THATBOOK S.A.S. B.I.C.,LIBRO LUDO ARTE 8,2000,4199.998,02/04/2026 0:00,18/04/2026 0:00,EDITORIAL,FACTURADO,2000,4199.998
BV,24383,THATBOOK S.A.S. B.I.C.,LIBRO LUDO ARTE 9,2000,4199.998,02/04/2026 0:00,18/04/2026 0:00,EDITORIAL,FACTURADO,2000,4199.998
BV,24384,THATBOOK S.A.S. B.I.C.,LIBRO LUDO ARTE 10,2000,4199.998,02/04/2026 0:00,18/04/2026 0:00,EDITORIAL,FACTURADO,2000,4199.998
MC,24385,YUNNY RIVERA CUSME,"REIMPRESIÓN LIBRO I KNOW KIDS 3 - ANILLADO
",2000,3999.996,02/04/2026 0:00,15/04/2026 0:00,PUBLICOMERCIAL,FACTURADO,2000,3999.996
BV,24386,HOLGUINCORP S.A.S,LIBRO MATEMATICA 7 EGB,1000,3639.999,02/04/2026 0:00,14/04/2026 0:00,EDITORIAL,FACTURADO,1000,3639.999
BV,24387,HOLGUINCORP S.A.S,LIBRO BIOLOGIA 1 BGU,1000,3630.004,02/04/2026 0:00,22/04/2026 0:00,EDITORIAL,FACTURADO,1000,3630.004
BV,24388,HOLGUINCORP S.A.S,LIBRO MATEMATICA 8 EGB,1000,4150,02/04/2026 0:00,14/04/2026 0:00,EDITORIAL,FACTURADO,1000,4150
BV,24389,HOLGUINCORP S.A.S,LIBRO MATEMATICA 10 EGB,1000,4150,02/04/2026 0:00,16/04/2026 0:00,EDITORIAL,FACTURADO,1000,4150
CTAG,24391,CHAIDE Y CHAIDE S.A,REIMPRESIÓN - COD.63 ETIQUETA COLCHON BABY CHAIDE,5000,749.9973393,06/04/2026 0:00,09/04/2026 0:00,PUBLICOMERCIAL,DESPACHOS - ENTREGA TOTAL,1182,177.298818
MC,24392,YUNNY RIVERA CUSME,REIMPRESIÓN LIBRO CALIGRAFITOS PLUS 4 EGB,2000,3300,06/04/2026 0:00,16/04/2026 0:00,EDITORIAL,FACTURADO,2000,3300
MC,24393,YUNNY RIVERA CUSME,REIMPRESIÓN LIBRO CALIGRAFITOS PLUS 6 EGB,2000,3300,06/04/2026 0:00,16/04/2026 0:00,EDITORIAL,FACTURADO,2000,3300
MC,24394,YUNNY RIVERA CUSME,REIMPRESIÓN LIBRO CALIGRAFITOS PLUS 7 EGB,2000,3300,06/04/2026 0:00,15/04/2026 0:00,EDITORIAL,FACTURADO,2000,3300
BV,24395,UMCO S.A.,reimpresión SEPARADOR papel earth 27x27,70000,1470,07/04/2026 0:00,15/04/2026 0:00,PUBLICOMERCIAL,FACTURADO,70000,1470
BV,24396,HOLGUINCORP S.A.S,CARTILLAS LICENCIAS COLECTUM,1000,489.004,08/04/2026 0:00,10/04/2026 0:00,PUBLICOMERCIAL,FACTURADO,1000,489.004
BV,24397,THATBOOK S.A.S. B.I.C.,LIBRO HABIA UNA VEZ 4,1650,4042.5,09/04/2026 0:00,23/04/2026 0:00,EDITORIAL,FACTURADO,1650,4042.5
BV,24398,THATBOOK S.A.S. B.I.C.,LIBRO HABIA UNA VEZ 5,1650,4042.5,09/04/2026 0:00,23/04/2026 0:00,EDITORIAL,FACTURADO,1650,4042.5
BV,24399,THATBOOK S.A.S. B.I.C.,LIBRO HABIA UNA VEZ 6,1650,4042.5,09/04/2026 0:00,23/04/2026 0:00,EDITORIAL,FACTURADO,1650,4042.5
BV,24400,THATBOOK S.A.S. B.I.C.,LIBRO HABIA UNA VEZ 7,1650,4042.5,09/04/2026 0:00,23/04/2026 0:00,EDITORIAL,FACTURADO,1650,4042.5
ASS,24401,EMPRESA OPERADORA METRO DE MEDELLIN TRANSDEV EOMMT S.A.S.,Diccionario de competencias,100,564.9952,09/04/2026 0:00,10/04/2026 0:00,PUBLICOMERCIAL,FACTURADO,100,564.9952
MC,24402,INTERNATIONAL EDUCATION INTEREDU S.A.S.,LIBROS SCIENCE EXPERIENCE 8,1000,3430.003,10/04/2026 0:00,21/04/2026 0:00,EDITORIAL,FACTURADO,1000,3430.003
MC,24403,INTERNATIONAL EDUCATION INTEREDU S.A.S.,LIBROS SCIENCE EXPERIENCE 9,1000,3238.003,10/04/2026 0:00,21/04/2026 0:00,EDITORIAL,FACTURADO,1000,3238.003
MC,24404,INTERNATIONAL EDUCATION INTEREDU S.A.S.,LIBROS SCIENCE EXPERIENCE 10,1000,3238.003,10/04/2026 0:00,21/04/2026 0:00,EDITORIAL,FACTURADO,1000,3238.003
ASS,24405,BFS ECUADOR S.A,NIDO IMPRESO,1000,411.996,10/04/2026 0:00,,PUBLICOMERCIAL,FACTURADO,1000,411.996
CTAG,24406,BENALCÁZAR DURÁN ALVARO FABRICIO,FOLLETOS MERCEDES DE JESUS MOLINA,100,199.9965,10/04/2026 0:00,11/04/2026 0:00,PUBLICOMERCIAL,DESPACHOS - ENTREGA TOTAL,,
ASS,24407,OTECEL S.A.,VOLANTES MOVISTAR CAMPAÑA MADRES,126000,2267.999777,13/04/2026 0:00,15/04/2026 0:00,PUBLICOMERCIAL,DESPACHOS - ENTREGA TOTAL,,
BV,24408,NATURES SUNSHINE PRODUCTS DEL ECUADOR S.A.,CATÁLOGO de producto 2026,3000,3099,13/04/2026 0:00,17/04/2026 0:00,PUBLICOMERCIAL,FACTURADO,3000,3099
MC,24409,MIRIAN SUSANA CARRERA,reimpresion GUIA DE USUARIO ALARMA,3000,809.9989797,13/04/2026 0:00,04/05/2026 0:00,PUBLICOMERCIAL,COTIZACION CERRADA - ESPERANDO APROBACION PC,,
BV,24410,GUEVARA FANNY MARITZA,REVISTA BUEN VIAJE # 176,1500,2205,13/04/2026 0:00,17/04/2026 0:00,PUBLICOMERCIAL,FACTURADO,1500,2205
BV,24411,BUSSINES MARKETING PUBLICIDAD CIA LTDA,SUPLEMENTOS AEBE ABRIL 2026 ,15300,3000.0087,13/04/2026 0:00,16/04/2026 0:00,PUBLICOMERCIAL,FACTURADO,15300,3000.0087
BV,24412,ANDRANGO PINEIDA JOFFRE EFRAIN,REIMPRESIÓN LIBROS ROBOSTEAM 8VO,1000,3050,13/04/2026 0:00,22/04/2026 0:00,EDITORIAL,FACTURADO,1000,3050
BV,24413,ANDRANGO PINEIDA JOFFRE EFRAIN,REIMPRESIÓN LIBROS ROBOSTEAM 9NO,1000,3050,14/04/2026 0:00,22/04/2026 0:00,EDITORIAL,FACTURADO,1000,3050
BV,24414,ANDRANGO PINEIDA JOFFRE EFRAIN,REIMPRESIÓN LIBROS ROBOSTEAM 10MO,1000,3149.997,14/04/2026 0:00,22/04/2026 0:00,EDITORIAL,FACTURADO,1000,3149.997
BV,24415,ANDRANGO PINEIDA JOFFRE EFRAIN,REIMPRESIÓN LIBROS ROBOSTEAM B1,1000,1979.999,14/04/2026 0:00,23/04/2026 0:00,EDITORIAL,FACTURADO,1000,1979.999
BV,24416,ANDRANGO PINEIDA JOFFRE EFRAIN,REIMPRESIÓN LIBROS ROBOSTEAM B2,500,1564.996,14/04/2026 0:00,23/04/2026 0:00,EDITORIAL,FACTURADO,500,1564.996
BV,24417,ANDRANGO PINEIDA JOFFRE EFRAIN,REIMPRESIÓN LIBROS ROBOSTEAM B3,500,1475.003,14/04/2026 0:00,23/04/2026 0:00,EDITORIAL,FACTURADO,500,1475.003
MC,24418,YUNNY RIVERA CUSME,LIBRO TICS,1000,2740,14/04/2026 0:00,22/04/2026 0:00,PUBLICOMERCIAL,FACTURADO,1000,2740
BV,24419,THATBOOK S.A.S. B.I.C.,LIBRO HABIA UNA VEZ 8,1650,4042.5,16/04/2026 0:00,27/04/2026 0:00,EDITORIAL,FACTURADO,1650,4042.5
BV,24420,THATBOOK S.A.S. B.I.C.,LIBRO HABIA UNA VEZ 9,1650,4042.5033,16/04/2026 0:00,27/04/2026 0:00,EDITORIAL,FACTURADO,1650,4042.5033
BV,24421,THATBOOK S.A.S. B.I.C.,LIBRO HABIA UNA VEZ 10,1650,4042.5,16/04/2026 0:00,27/04/2026 0:00,EDITORIAL,FACTURADO,1650,4042.5
CTAG,24424,BENALCÁZAR DURÁN ALVARO FABRICIO,FOLLETOS MERCEDES DE JESUS MOLINA,50000,6599.99911,17/04/2026 0:00,29/04/2026 0:00,PUBLICOMERCIAL,COTIZACION CERRADA - ESPERANDO APROBACION PC,,
CTAG,24425,MARCO ALDANA,LIBROS EDUCATIVOS,20000,599.9978355,17/04/2026 0:00,29/04/2026 0:00,EDITORIAL,COTIZACION CERRADA - ESPERANDO APROBACION PC,20000,600
ASS,24426,AGLOMERADOS COTOPAXI S.A,cuaderno 18x25 pasta dura,1000,4599.995829,17/04/2026 0:00,29/04/2026 0:00,PUBLICOMERCIAL,ANILLADO,,
ASS,24428,EMPRESA OPERADORA METRO DE MEDELLIN TRANSDEV EOMMT S.A.S.,TARJETAS,580,149.9996,21/04/2026 0:00,21/04/2026 0:00,PUBLICOMERCIAL,FACTURADO,580,149.9996
ASS,24429,INTRIAGO FRAY OSCAR PASTOR,REIMPRESIÓN LIBROS EXPRESS ARTE 8,1000,1849.998013,21/04/2026 0:00,29/04/2026 0:00,EDITORIAL,ENCOLADO,1000,1849.998
ASS,24430,INTRIAGO FRAY OSCAR PASTOR,REIMPRESIÓN LIBROS EXPRESS ARTE 9,1000,1849.998013,21/04/2026 0:00,29/04/2026 0:00,EDITORIAL,ENCOLADO,1000,1849.998
ASS,24431,INTRIAGO FRAY OSCAR PASTOR,REIMPRESIÓN LIBROS EXPRESS ARTE 10,1000,1849.998013,21/04/2026 0:00,29/04/2026 0:00,EDITORIAL,ENCOLADO,1000,1849.998
ASS,24432,INTRIAGO FRAY OSCAR PASTOR,REIMPRESIÓN LIBROS EXPRESS ARTE 1BGU,1000,1849.998013,21/04/2026 0:00,29/04/2026 0:00,EDITORIAL,ENCOLADO,1000,1849.998
ASS,24433,INTRIAGO FRAY OSCAR PASTOR,REIMPRESIÓN LIBROS EXPRESS ARTE 2BGU,1000,1849.998013,21/04/2026 0:00,29/04/2026 0:00,EDITORIAL,ENCOLADO,1000,1849.998
ASS,24434,INTRIAGO FRAY OSCAR PASTOR,LIBRO LEER ES PODER 8,500,1099.998087,21/04/2026 0:00,29/04/2026 0:00,PUBLICOMERCIAL,ENCOLADO,500,1099.998
MC,24435,ASOCIACION DE FOTOGRAFOS ECUATORIANOS,Directorio # 6,500,4309.997437,21/04/2026 0:00,11/05/2026 0:00,EDITORIAL,COTIZACION CERRADA - ESPERANDO APROBACION PC,,
MC,24436,YUNNY RIVERA CUSME,LIBRO BRING UP ENGLISH STUDENT´S BOOK 9,2000,3899.995726,21/04/2026 0:00,04/05/2026 0:00,EDITORIAL,COTIZACION CERRADA - ESPERANDO APROBACION PC,,
MC,24437,YUNNY RIVERA CUSME,LIBRO BRING UP ENGLISH STUDENT´S BOOK 1,2000,3899.995726,21/04/2026 0:00,04/05/2026 0:00,EDITORIAL,COTIZACION CERRADA - ESPERANDO APROBACION PC,,
MC,24438,YUNNY RIVERA CUSME,LIBRO BRING UP ENGLISH STUDENT´S BOOK 2,2000,3899.995726,21/04/2026 0:00,04/05/2026 0:00,EDITORIAL,COTIZACION CERRADA - ESPERANDO APROBACION PC,,
MC,24439,YUNNY RIVERA CUSME,LIBRO BRING UP ENGLISH STUDENT´S BOOK 3,2000,3899.995726,21/04/2026 0:00,04/05/2026 0:00,EDITORIAL,COTIZACION CERRADA - ESPERANDO APROBACION PC,,
CTAG,24440,CHAIDE Y CHAIDE S.A,REIMPRESION COD.1148 ETIQUETA ALMOHADA ANTIREFLUJO B,500,624.99633,22/04/2026 0:00,30/04/2026 0:00,PUBLICOMERCIAL,DESPACHOS - POR ENTREGAR,100,124.9993
MC,24441,YUNNY RIVERA CUSME,reimpresión LIBRO ECA 1 - crearte,2500,4499.999448,22/04/2026 0:00,28/04/2026 0:00,EDITORIAL,DESPACHOS - POR ENTREGAR,2500,4500
MC,24442,YUNNY  RIVERA  CUSME,LIBRO INICAL 4 - ANILLADO,2000,4000.000576,22/04/2026 0:00,28/04/2026 0:00,PUBLICOMERCIAL,GUILLOTINADO,2000,4000
MC,24443,YUNNY RIVERA CUSME,LIBRO EMPRENDIMIENTO 1,1500,3599.999497,22/04/2026 0:00,28/04/2026 0:00,PUBLICOMERCIAL,DESPACHOS - POR ENTREGAR,1500,3600
MC,24444,YUNNY RIVERA CUSME,LIBRO EMPRENDIMIENTO 2,1500,3854.998579,22/04/2026 0:00,28/04/2026 0:00,PUBLICOMERCIAL,DESPACHOS - POR ENTREGAR,1500,3854.9985
MC,24445,YUNNY RIVERA CUSME,LIBRO EMPRENDIMIENTO 3,1500,3974.995116,22/04/2026 0:00,28/04/2026 0:00,PUBLICOMERCIAL,DESPACHOS - POR ENTREGAR,1500,3974.9955
ASS,24446,EMPRESA OPERADORA METRO DE MEDELLIN TRANSDEV EOMMT S.A.S.,TARJETAS DE PRESENTACIÓN,100,132.0048,22/04/2026 0:00,24/04/2026 0:00,PUBLICOMERCIAL,FACTURADO,100,132.0048
ASS,24447,EMPRESA OPERADORA METRO DE MEDELLIN TRANSDEV EOMMT S.A.S.,tarjetas conmemorativas,580,376.99942,22/04/2026 0:00,24/04/2026 0:00,PUBLICOMERCIAL,FACTURADO,580,376.99942
ASS,24448,EMPRESA OPERADORA METRO DE MEDELLIN TRANSDEV EOMMT S.A.S.,DIPLOMAS,10,25.00135,22/04/2026 0:00,24/04/2026 0:00,PUBLICOMERCIAL,FACTURADO,10,25.00135
ASS,24449,EMPRESA OPERADORA METRO DE MEDELLIN TRANSDEV EOMMT S.A.S.,PORTA TARJETAS,10,30.00343,22/04/2026 0:00,24/04/2026 0:00,PUBLICOMERCIAL,FACTURADO,10,30.00343
ASS,24450,AGLOMERADOS COTOPAXI S.A,ETIQUETAS PARA TABLILLA - MELA RESIST Y PANELES DECORATIVOS,27000,2969.998668,23/04/2026 0:00,16/05/2026 0:00,PUBLICOMERCIAL,COTIZACION CERRADA - ESPERANDO APROBACION PC,,
CTAG,24451,GESTIÓN PUBLICIDAD CESPU CIA. LTDA.,CARTILLAS,1000,3050.001107,23/04/2026 0:00,07/05/2026 0:00,PUBLICOMERCIAL,COTIZACION CERRADA - ESPERANDO APROBACION PC,,
CTAG,24452,SALAZAR-EDITORES S.A.S.,REIMPRESIÓN magica travesuras 4-5 años,1000,11000.0013,23/04/2026 0:00,15/05/2026 0:00,PUBLICOMERCIAL,COTIZACION CERRADA - ESPERANDO APROBACION PC,,
CTAG,24453,ALISERVIS S.A.,REIMPRESION VOLANTES PROMO MAYO 2026 $10.49 PIZZA FAMILIA 1 INGREDIENTE - 5 MOTIVOS,479750,5037.385172,24/04/2026 0:00,04/05/2026 0:00,PUBLICOMERCIAL,COTIZACION CERRADA - ESPERANDO APROBACION PC,,
ASS,24455,LE@+ EDITORES,LIBRO ECA PIKASO 2 EGB,3000,4800.000674,25/04/2026 0:00,29/04/2026 0:00,EDITORIAL,PLEGADO,,
ASS,24456,LE@+ EDITORES,LIBRO ECA PIKASO 3 EGB,3000,4800.000674,25/04/2026 0:00,29/04/2026 0:00,EDITORIAL,PRENSAS - OFFSET,,
ASS,24457,LE@+ EDITORES,LIBRO ECA PIKASO 4 EGB,3000,4800.000674,25/04/2026 0:00,29/04/2026 0:00,EDITORIAL,PRENSAS - OFFSET,,
MC,24458,TIPAN UMATAMBO SEGUNDO MARCO,"REIMPRESIÓN LIBRO SUEÑOS DE MAR Y SOL - INICIAL 2
",2500,15625.00321,27/04/2026 0:00,21/05/2026 0:00,PUBLICOMERCIAL,COTIZACION CERRADA - ESPERANDO APROBACION PC,,
MC,24459,SANCHEZ CARRASCO PAUL VICENTE,REIMPRESIÓN LIBRO RINCONES MÁGICOS EDUCACIÓN INICIAL 2,1000,9300.000155,27/04/2026 0:00,07/05/2026 0:00,EDITORIAL,COTIZACION CERRADA - ESPERANDO APROBACION PC,,
MC,24460,TIPAN UMATAMBO SEGUNDO MARCO,LIBRO ANDRESITO EXPLORADOR - INICIAL 1 PLUS,2000,12500.00188,27/04/2026 0:00,21/05/2026 0:00,EDITORIAL,COTIZACION CERRADA - ESPERANDO APROBACION PC,,
MC,24461,YUNNY RIVERA CUSME,REIMPRESIÓN LIBRO CALIGRAFITO plus 1 egb,2000,4799.999245,27/04/2026 0:00,07/05/2026 0:00,EDITORIAL,COTIZACION CERRADA - ESPERANDO APROBACION PC,,
CTAG,24463,SALAZAR-EDITORES S.A.S.,LIBRO INGLES STAR UP 1,3000,5250.001373,28/04/2026 0:00,,PUBLICOMERCIAL,COTIZACION CERRADA - ESPERANDO APROBACION PC,,
CTAG,24464,SALAZAR-EDITORES S.A.S.,LIBRO INGLES STAR UP 2,3000,5249.998402,28/04/2026 0:00,,PUBLICOMERCIAL,COTIZACION CERRADA - ESPERANDO APROBACION PC,,
CTAG,24465,SALAZAR-EDITORES S.A.S.,LIBRO INGLES STAR UP 3,3000,5249.998402,28/04/2026 0:00,,PUBLICOMERCIAL,COTIZACION CERRADA - ESPERANDO APROBACION PC,,
CTAG,24466,SALAZAR-EDITORES S.A.S.,LIBRO INGLES STAR UP 4,3000,5249.998402,28/04/2026 0:00,,PUBLICOMERCIAL,COTIZACION CERRADA - ESPERANDO APROBACION PC,,
CTAG,24467,SALAZAR-EDITORES S.A.S.,LIBRO INGLES STAR UP 5,3000,5250.001373,28/04/2026 0:00,,PUBLICOMERCIAL,COTIZACION CERRADA - ESPERANDO APROBACION PC,,
CTAG,24468,SALAZAR-EDITORES S.A.S.,LIBRO INGLES STAR UP 6,3000,5249.998402,28/04/2026 0:00,,PUBLICOMERCIAL,COTIZACION CERRADA - ESPERANDO APROBACION PC,,
MC,24469,YUNNY RIVERA CUSME,REIMPRESION LIBROS I KNOW 9,1000,1650.000676,28/04/2026 0:00,08/05/2026 0:00,EDITORIAL,COTIZACION CERRADA - ESPERANDO APROBACION PC,,
MC,24470,YUNNY RIVERA CUSME,REIMPRESIÓN LIBROS ECA 1 BGU - CREARTE,2000,3460.001069,28/04/2026 0:00,07/05/2026 0:00,EDITORIAL,COTIZACION CERRADA - ESPERANDO APROBACION PC,,
MC,24471,YUNNY RIVERA CUSME,REIMPRESIÓN LIBROS ECA 2 BGU - CREARTE,2000,3460.001069,28/04/2026 0:00,07/05/2026 0:00,EDITORIAL,COTIZACION CERRADA - ESPERANDO APROBACION PC,,
ASS,24472,EMPRESA OPERADORA METRO DE MEDELLIN TRANSDEV EOMMT S.A.S.,manuales,580,697.9999011,28/04/2026 0:00,06/05/2026 0:00,PUBLICOMERCIAL,COTIZACION CERRADA - ESPERANDO APROBACION PC,,
BV,24473,UMCO S.A.,reimpresimón SEPARADOR 64x45,10000,877.0014825,28/04/2026 0:00,04/05/2026 0:00,PUBLICOMERCIAL,COTIZACION CERRADA - ESPERANDO APROBACION PC,,
BV,24227,UMCO S.A.,reimpresimón SEPARADOR papel earth 27x27,50000,1050,02/02/2026 0:00,06/02/2026 0:00,PUBLICOMERCIAL,FACTURADO,50000,1050
BV,24228,JABONERIA WILSON S.A.,STICKERS PRUÉBALO GRATIS,90000,1071,02/02/2026 0:00,06/02/2026 0:00,PUBLICOMERCIAL,FACTURADO,90000,1071
BV,24229,RIJABAL S.A.,LIBRO LENGUA Y LITERATURA 1,1300,2569.983,03/02/2026 0:00,09/02/2026 0:00,EDITORIAL,FACTURADO,1300,2569.983
BV,24230,RIJABAL S.A.,LIBRo LENGUA Y LITERATURA 2,1300,2734.68,03/02/2026 0:00,09/02/2026 0:00,EDITORIAL,FACTURADO,1300,2734.68
BV,24231,RIJABAL S.A.,LIBRO LENGUA Y LITERATURA 3,1300,2717,04/02/2026 0:00,09/02/2026 0:00,EDITORIAL,FACTURADO,1300,2717
CTAG,24232,ECUAEMPAQUES,IMPRESIÓN PLIEGOS ECUAEMPAQUES,10000,850,04/02/2026 0:00,24/02/2026 0:00,PUBLICOMERCIAL,FACTURADO,10000,850
BV,24233,CABASCANGO PROAÑO SONIA GERMANIA,etiqueta almohada premium,2000,201.004,04/02/2026 0:00,06/02/2026 0:00,PUBLICOMERCIAL,FACTURADO,2000,201.004
BV,24234,RIJABAL S.A.,LIBRO FÍSICA 1,1400,3053.974,04/02/2026 0:00,09/02/2026 0:00,EDITORIAL,FACTURADO,1400,3053.974
BV,24236,NATURES SUNSHINE PRODUCTS DEL ECUADOR S.A.,"Cuadernos 13,5 x 20,5 cm",264,829.667784,05/02/2026 0:00,09/02/2026 0:00,PUBLICOMERCIAL,FACTURADO,264,829.667784
MC,24237,TIPAN UMATAMBO SEGUNDO MARCO,REIMPRESIÓN LIBROS ECA 1 BGU,2000,3000,05/02/2026 0:00,11/02/2026 0:00,EDITORIAL,FACTURADO,2000,3000
MC,24238,TIPAN UMATAMBO SEGUNDO MARCO,REIMPRESIÓN LIBROS ECA 2 BGU,2000,3000,05/02/2026 0:00,11/02/2026 0:00,EDITORIAL,FACTURADO,2000,3000
MC,24239,TIPAN UMATAMBO SEGUNDO MARCO,REIMPRESION LIBROS OVERCOME YOUR ENGLISH 8,1500,2779.999995,05/02/2026 0:00,12/02/2026 0:00,EDITORIAL,FACTURADO,1500,2779.999995
MC,24240,TIPAN UMATAMBO SEGUNDO MARCO,REIMPRESION LIBROS OVERCOME YOUR ENGLISH 9,1500,2779.999995,05/02/2026 0:00,12/02/2026 0:00,EDITORIAL,FACTURADO,1500,2779.999995
MC,24241,TIPAN UMATAMBO SEGUNDO MARCO,REIMPRESION LIBROS OVERCOME YOUR ENGLISH 10,1500,2779.999995,05/02/2026 0:00,12/02/2026 0:00,EDITORIAL,FACTURADO,1500,2779.999995
MC,24242,TIPAN UMATAMBO SEGUNDO MARCO,REIMPRESIÓN PRE ESCRITURA - PRE MATEMATICA - PRE ESCRITURA 1,2000,4800,05/02/2026 0:00,13/02/2026 0:00,PUBLICOMERCIAL,FACTURADO,2000,4800
MC,24243,TIPAN UMATAMBO SEGUNDO MARCO,REIMPRESIÓN LIBRO AVENTURAS DEL ARTE 1,2000,3040,05/02/2026 0:00,13/02/2026 0:00,EDITORIAL,FACTURADO,2000,3040
MC,24244,TIPAN UMATAMBO SEGUNDO MARCO,LIBRO OVERCOME YOUR ENGLISH - INITIAL 3 YEARS,2000,4520,10/02/2026 0:00,18/02/2026 0:00,PUBLICOMERCIAL,FACTURADO,2000,4520
MC,24245,TIPAN UMATAMBO SEGUNDO MARCO,LIBRO PEQUEÑOS MATEMÁTICOS FINANCIEROS 6,1500,2820,10/02/2026 0:00,18/02/2026 0:00,EDITORIAL,FACTURADO,1500,2820
BV,24246,GUEVARA FANNY MARITZA,REVISTA BUEN VIAJE # 175,1500,2205,11/02/2026 0:00,13/02/2026 0:00,PUBLICOMERCIAL,FACTURADO,1500,2205
BV,24247,NATURES SUNSHINE PRODUCTS DEL ECUADOR S.A.,TARJETON ACAI Y CLOROFILA 2 MODELOS,1000,500.004,12/02/2026 0:00,19/02/2026 0:00,PUBLICOMERCIAL,FACTURADO,1000,500.004
BV,24248,TOYOTA DEL ECUADOR S.A.,Backing RAV 4 impresión tela + arreglo de estructura,1,293.999154,12/02/2026 0:00,13/02/2026 0:00,PUBLICOMERCIAL,FACTURADO,1,293.999154
ASS,24249,INTRIAGO FRAY OSCAR PASTOR,LIBRO ROBÓTICA - INICIAL,1000,1999.999337,13/02/2026 0:00,20/02/2026 0:00,EDITORIAL,DESPACHOS - ENTREGA TOTAL,,
ASS,24250,INTRIAGO FRAY OSCAR PASTOR,LIBRO ROBÓTICA - 1 EGB,1000,2000,13/02/2026 0:00,20/02/2026 0:00,EDITORIAL,FACTURADO,1000,2000
ASS,24251,INTRIAGO FRAY OSCAR PASTOR,LIBROS ROBÓTICA - 2 EGB,1000,2000,13/02/2026 0:00,20/02/2026 0:00,EDITORIAL,FACTURADO,1000,2000
ASS,24252,INTRIAGO FRAY OSCAR PASTOR,LIBROS ROBÓTICA - 3 EGB,1000,2000,13/02/2026 0:00,20/02/2026 0:00,EDITORIAL,FACTURADO,1000,2000
ASS,24253,INTRIAGO FRAY OSCAR PASTOR,LIBROS ROBÓTICA - 7 EGB ALUMNO Y DOCENTE,1000,2000,13/02/2026 0:00,24/02/2026 0:00,EDITORIAL,FACTURADO,1000,2000
ASS,24254,INTRIAGO FRAY OSCAR PASTOR,LIBROS ROBÓTICA - 8 EGB ALUMNO Y DOCENTE,1000,2000,13/02/2026 0:00,24/02/2026 0:00,EDITORIAL,FACTURADO,1000,2000
ASS,24255,INTRIAGO FRAY OSCAR PASTOR,LIBROS ROBÓTICA - 9 EGB ALUMNO Y DOCENTE,1000,2000,13/02/2026 0:00,24/02/2026 0:00,EDITORIAL,FACTURADO,1000,2000
ASS,24256,INTRIAGO FRAY OSCAR PASTOR,LIBROS ROBÓTICA - 10 EGB ALUMNO Y DOCENTE,1000,2000,13/02/2026 0:00,24/02/2026 0:00,EDITORIAL,FACTURADO,1000,2000
ASS,24257,INTRIAGO FRAY OSCAR PASTOR,LIBROS ROBÓTICA - 1 BGU ALUMNO Y DOCENTE,1000,2000,13/02/2026 0:00,25/02/2026 0:00,EDITORIAL,FACTURADO,1000,2000
ASS,24258,INTRIAGO FRAY OSCAR PASTOR,LIBROS ROBÓTICA - 3 BGU ALUMNO Y DOCENTE,1000,2000,13/02/2026 0:00,25/02/2026 0:00,EDITORIAL,FACTURADO,1000,2000
ASS,24259,AGLOMERADOS COTOPAXI S.A,DAMERO 2026,9000,49499.99861,18/02/2026 0:00,16/05/2026 0:00,PUBLICOMERCIAL,PRENSAS - OFFSET,9000,49500.009
ASS,24260,INTRIAGO FRAY OSCAR PASTOR,LIBROS ROBÓTICA - 2 BGU ALUMNO Y DOCENTE,1000,2000,19/02/2026 0:00,24/02/2026 0:00,EDITORIAL,FACTURADO,1000,2000
ASS,24261,INTRIAGO FRAY OSCAR PASTOR,LIBROS ROBÓTICA - 5 EGB ALUMNO Y DOCENTE,1000,2000,19/02/2026 0:00,24/02/2026 0:00,EDITORIAL,FACTURADO,1000,2000
ASS,24262,INTRIAGO FRAY OSCAR PASTOR,LIBROS ROBÓTICA - 6 EGB ALUMNO Y DOCENTE,1000,2000,19/02/2026 0:00,24/02/2026 0:00,EDITORIAL,FACTURADO,1000,2000
ASS,24263,INTRIAGO FRAY OSCAR PASTOR,LIBROS ROBÓTICA - 4 EGB,1000,2000,19/02/2026 0:00,24/02/2026 0:00,EDITORIAL,FACTURADO,1000,2000
CTAG,24264,CHAIDE Y CHAIDE S.A,REIMPRESION COD.512 ETIQUETA CHN LATEX,1000,1499.995638,19/02/2026 0:00,23/02/2026 0:00,EMPAQUE,DESPACHOS - POR ENTREGAR,200,300
MC,24265,MIRIAN SUSANA CARRERA,REIMPRESIÓN GUÍA DE USUARIO ALARMA,2400,684,20/02/2026 0:00,25/02/2026 0:00,PUBLICOMERCIAL,FACTURADO,2400,684
BV,24266,RIJABAL S.A.,LIBRO CONTABILIDAD 1,1000,2699.997,20/02/2026 0:00,26/02/2026 0:00,EDITORIAL,FACTURADO,1000,2699.997
BV,24267,RIJABAL S.A.,LIBRO CONTABILIDAD 2,1000,2670.004,20/02/2026 0:00,26/02/2026 0:00,EDITORIAL,FACTURADO,1000,2670.004
BV,24268,RIJABAL S.A.,LIBRO CONTABILIDAD 3,1000,3220,20/02/2026 0:00,26/02/2026 0:00,EDITORIAL,FACTURADO,1000,3220
BV,24269,NATURES SUNSHINE PRODUCTS DEL ECUADOR S.A.,TARJETAS TRASCIENDE CASA DEL SUIZO 2026,45,20.578455,23/02/2026 0:00,24/02/2026 0:00,PUBLICOMERCIAL,FACTURADO,45,20.578455
CTAG,24270,TELEVISION Y VENTAS TELEVENT SA,reimpresión DIPTICO INSTRUCTIVO BAJE DE PESO,10000,295,24/02/2026 0:00,02/03/2026 0:00,PUBLICOMERCIAL,FACTURADO,10000,295
CTAG,24271,MANOSALVAS MARTINEZ JANETH,tríptico IT AHORA EDICIÓN 116-117,850,450.415,24/02/2026 0:00,23/02/2026 0:00,PUBLICOMERCIAL,FACTURADO,850,450.415
CTAG,24272,ALISERVIS S.A.,REIMPRESION VOLANTES PROMO MARZO 2026 $10.49 PIZZA FAMILIA 1 INGREDIENTE - 5 MOTIVOS,513675,5393.5875,24/02/2026 0:00,02/03/2026 0:00,PUBLICOMERCIAL,FACTURADO,513675,5393.5875
BV,24273,RIJABAL S.A.,LIBRO FISICA 2,1400,4270,24/02/2026 0:00,27/02/2026 0:00,EDITORIAL,FACTURADO,1400,4270
ASS,24274,EMPRESA OPERADORA METRO DE MEDELLIN TRANSDEV EOMMT S.A.S.,"CERTIFICADOS A4	",3,7.501284,26/02/2026 0:00,26/02/2026 0:00,PUBLICOMERCIAL,FACTURADO,3,7.501284
ASS,24275,EMPRESA OPERADORA METRO DE MEDELLIN TRANSDEV EOMMT S.A.S.,"CERTIFICADOS 50x30	",3,16.496844,26/02/2026 0:00,26/02/2026 0:00,PUBLICOMERCIAL,FACTURADO,3,16.496844
BV,24276,RIJABAL S.A.,DIARIOS ESCOLARES ,3000,4800.003,26/02/2026 0:00,27/02/2026 0:00,EDITORIAL,FACTURADO,3000,4800.003
ASS,24277,EMPRESA OPERADORA METRO DE MEDELLIN TRANSDEV EOMMT S.A.S.,CARTILLAS,300,1064.9964,26/02/2026 0:00,06/03/2026 0:00,PUBLICOMERCIAL,FACTURADO,300,1064.9964
ASS,24278,EMPRESA OPERADORA METRO DE MEDELLIN TRANSDEV EOMMT S.A.S.,MAPA,300,239.9964,26/02/2026 0:00,06/03/2026 0:00,PUBLICOMERCIAL,FACTURADO,300,239.9964
ASS,24279,EMPRESA OPERADORA METRO DE MEDELLIN TRANSDEV EOMMT S.A.S.,sticker holograficos,300,389.9985,26/02/2026 0:00,06/03/2026 0:00,PUBLICOMERCIAL,FACTURADO,300,389.9985
MC,24280,TIPAN UMATAMBO SEGUNDO MARCO,LIBRO OVERCOME YOUR ENGLISH - INITIAL 4 YEARS,2000,4520.002,27/02/2026 0:00,05/03/2026 0:00,PUBLICOMERCIAL,FACTURADO,2000,4520.002
MC,24487,TRAMA DISENO,CUADERNO CONSTRUCTIVA,300,1991.3223,05/05/2026 0:00,11/05/2026 0:00,PUBLICOMERCIAL,FACTURADO,300,1991.3223
ASS,24488,AGLOMERADOS COTOPAXI S.A,flyer y adhesivos para tablilla,1525,699.9994,05/05/2026 0:00,11/05/2026 0:00,PUBLICOMERCIAL,FACTURADO,1525,699.9994
CTAG,24489,MANOSALVAS MARTINEZ JANETH,REVISTA 12 pg,850,594.99745,05/05/2026 0:00,11/05/2026 0:00,PUBLICOMERCIAL,FACTURADO,850,594.99745
ASS,24490,HECTOR ESTALIN ARTIEDA TAIPE,LIBRO ECA PIKASO 9,3000,4800,06/05/2026 0:00,09/05/2026 0:00,EDITORIAL,FACTURADO,3000,4800
ASS,24492,EMPRESA OPERADORA METRO DE MEDELLIN TRANSDEV EOMMT S.A.S.,PORTA TARJETAS,10,30.00343,06/05/2026 0:00,06/05/2026 0:00,PUBLICOMERCIAL,FACTURADO,10,30.00343
ASS,24493,HECTOR ESTALIN ARTIEDA TAIPE,LIBRO ECA PIKASO 8,3000,4800,06/05/2026 0:00,09/05/2026 0:00,EDITORIAL,FACTURADO,3000,4800
ASS,24494,HECTOR ESTALIN ARTIEDA TAIPE,LIBRO ECA PIKASO 1 bgu,3000,5100,06/05/2026 0:00,09/05/2026 0:00,EDITORIAL,FACTURADO,3000,5100
CTAG,24495,ASOCIACION DE CUENTAS EN PARTICIPACION NEWPATHLAB,TARJETAS DE PRESENTACIÓN,500,238.0015,07/05/2026 0:00,08/05/2026 0:00,PUBLICOMERCIAL,FACTURADO,500,238.0015
ASS,24496,INTRIAGO FRAY OSCAR PASTOR,REIMPRESIÓN libros EXPRESS ARTE 1,600,1410,07/05/2026 0:00,18/05/2026 0:00,EDITORIAL,FACTURADO,600,1410
ASS,24497,INTRIAGO FRAY OSCAR PASTOR,REIMPRESIÓN libros EXPRESS ARTE 2,600,1470,07/05/2026 0:00,18/05/2026 0:00,EDITORIAL,FACTURADO,600,1470
ASS,24498,INTRIAGO FRAY OSCAR PASTOR,REIMPRESIÓN libros EXPRESS ARTE 3,600,1350,07/05/2026 0:00,18/05/2026 0:00,EDITORIAL,FACTURADO,600,1350
ASS,24499,INTRIAGO FRAY OSCAR PASTOR,REIMPRESIÓN libros EXPRESS ARTE 4,600,1230,07/05/2026 0:00,18/05/2026 0:00,EDITORIAL,FACTURADO,600,1230
ASS,24500,INTRIAGO FRAY OSCAR PASTOR,REIMPRESIÓN libros EXPRESS ARTE 5,600,1350,07/05/2026 0:00,18/05/2026 0:00,EDITORIAL,FACTURADO,600,1350
ASS,24501,INTRIAGO FRAY OSCAR PASTOR,REIMPRESIÓN libros EXPRESS ARTE 6,600,1350,07/05/2026 0:00,18/05/2026 0:00,EDITORIAL,FACTURADO,600,1350
ASS,24502,INTRIAGO FRAY OSCAR PASTOR,REIMPRESIÓN LIBROS EXPRESS ARTE 7,600,1350,07/05/2026 0:00,18/05/2026 0:00,EDITORIAL,FACTURADO,600,1350
ASS,24503,OTECEL S.A.,BANDEROLAS TUENTI,5000,2609.999235,07/05/2026 0:00,14/05/2026 0:00,PUBLICOMERCIAL,DESPACHOS - ENTREGA TOTAL,5000,2610
ASS,24504,OTECEL S.A.,CENEFA TUENTI,2000,1313.997726,07/05/2026 0:00,14/05/2026 0:00,PUBLICOMERCIAL,DESPACHOS - ENTREGA TOTAL,2000,1314
CTAG,24505,FUNDACION ORGANIZACION DE DESARROLLO Y COOPERACION EDUCATIVA ODEC,LIBROS EDUCATIVOS TRIPTICOS,40000,1200,08/05/2026 0:00,13/05/2026 0:00,PUBLICOMERCIAL,FACTURADO,40000,1200
BV,24506,UMCO S.A.,REIMPRSIÓN SEPARADOR papel earth 27x27,50000,1050,11/05/2026 0:00,18/05/2026 0:00,PUBLICOMERCIAL,FACTURADO,50000,1050
BV,24507,UMCO S.A.,REIMPRSIÓN SEPARADOR 64x45,7000,613.9,11/05/2026 0:00,18/05/2026 0:00,PUBLICOMERCIAL,FACTURADO,7000,613.9
BV,24508,OMNILIFE DEL ECUADOR S.A.,TRÍPTICO OMNILIFE,1000,315.001,11/05/2026 0:00,13/05/2026 0:00,PUBLICOMERCIAL,FACTURADO,1000,315.001
MC,24509,YUNNY RIVERA CUSME,REIMPRESIÓN LIBRO CALIGRAFITOS PLUS 2 EGB,2000,3300,11/05/2026 0:00,18/05/2026 0:00,EDITORIAL,FACTURADO,2000,3300
MC,24510,TIPAN UMATAMBO SEGUNDO MARCO,LIBRO INGLES OVERCOME YOUR ENGLISH 1,2000,3042.998,12/05/2026 0:00,20/05/2026 0:00,EDITORIAL,FACTURADO,2000,3042.998
MC,24511,TIPAN UMATAMBO SEGUNDO MARCO,LIBROS INGLES OVERCOME YOUR ENGLISH 2,2000,3400,12/05/2026 0:00,20/05/2026 0:00,EDITORIAL,FACTURADO,2000,3400
MC,24512,TIPAN UMATAMBO SEGUNDO MARCO,LIBROS INGLES OVERCOME YOUR ENGLISH 3,2000,3400,12/05/2026 0:00,20/05/2026 0:00,EDITORIAL,FACTURADO,2000,3400
MC,24513,TIPAN UMATAMBO SEGUNDO MARCO,LIBROS INGLES OVERCOME YOUR ENGLISH 4,2000,3400,12/05/2026 0:00,20/05/2026 0:00,EDITORIAL,FACTURADO,2000,3400
MC,24514,TIPAN UMATAMBO SEGUNDO MARCO,LIBROS INGLES OVERCOME YOUR ENGLISH 5,2000,3400,12/05/2026 0:00,20/05/2026 0:00,EDITORIAL,FACTURADO,2000,3400
MC,24515,TIPAN UMATAMBO SEGUNDO MARCO,LIBROS INGLES OVERCOME YOUR ENGLISH 6,2000,3400,12/05/2026 0:00,20/05/2026 0:00,EDITORIAL,FACTURADO,2000,3400
MC,24516,TIPAN UMATAMBO SEGUNDO MARCO,LIBROS INGLES OVERCOME YOUR ENGLISH 7,2000,3400,12/05/2026 0:00,20/05/2026 0:00,EDITORIAL,FACTURADO,2000,3400
MC,24517,TIPAN UMATAMBO SEGUNDO MARCO,CUADERNOS DE APOYO MINI MAR Y SOL,2000,5760.000531,12/05/2026 0:00,22/05/2026 0:00,EDITORIAL,DESPACHOS - POR ENTREGAR,2000,5760
BV,24518,LANSEY S.A.,LIBRETAS MASGLOW GRAPADA,1000,749.10561,12/05/2026 0:00,15/05/2026 0:00,PUBLICOMERCIAL,DESPACHOS - POR ENTREGAR,1000,670.002
BV,24519,OMNILIFE DEL ECUADOR S.A.,FLYER BIENVENIDA EOS,10000,370,12/05/2026 0:00,14/05/2026 0:00,PUBLICOMERCIAL,FACTURADO,10000,370
ASS,24521,EMPRESA OPERADORA METRO DE MEDELLIN TRANSDEV EOMMT S.A.S.,TARJETAS DE SEGUIMIENTO,10000,400,13/05/2026 0:00,18/05/2026 0:00,PUBLICOMERCIAL,FACTURADO,10000,400
MC,24522,YUNNY RIVERA CUSME,"LIBRO ETICA, LEGISTACION I CIUDADANIA DIGITAL",1500,2940,13/05/2026 0:00,21/05/2026 0:00,EDITORIAL,FACTURADO,1500,2940
CTAG,24523,ASOCIACION DE CUENTAS EN PARTICIPACION NEWPATHLAB,CARPETA,500,475.997,15/05/2026 0:00,21/05/2026 0:00,PUBLICOMERCIAL,FACTURADO,500,475.997
CTAG,24524,ASOCIACION DE CUENTAS EN PARTICIPACION NEWPATHLAB,SOBRES A4,500,340.997,15/05/2026 0:00,21/05/2026 0:00,PUBLICOMERCIAL,FACTURADO,500,340.997
CTAG,24525,DIDACTICA-EDITORIAL S.A.S.,"LIBROS EDUCACIÓN RELIGIOSA ESCOLAR 3 AÑOS INICIAL
",15,284.99673,15/05/2026 0:00,18/05/2026 0:00,EDITORIAL,FACTURADO,15,284.99673
CTAG,24526,DIDACTICA-EDITORIAL S.A.S.,"LIBROS EDUCACIÓN RELIGIOSA ESCOLAR 4 AÑOS INICIAL
",25,475.002325,15/05/2026 0:00,18/05/2026 0:00,EDITORIAL,FACTURADO,25,475.002325
ASS,24527,HECTOR ESTALIN ARTIEDA TAIPE,LIBRO ECA PIKASO 10,3000,4799.997,15/05/2026 0:00,19/05/2026 0:00,EDITORIAL,FACTURADO,3000,4799.997
BV,24528,NATURES SUNSHINE PRODUCTS DEL ECUADOR S.A.,SEÑALÉTICA BODEGA,1,315.006651,15/05/2026 0:00,18/05/2026 0:00,PUBLICOMERCIAL,DESPACHOS - ENTREGA TOTAL,,
MC,24529,YUNNY RIVERA CUSME,REIMPRESIÓN LIBRO CALIGRAFITOS PLUS 7 EGB,2000,3300,18/05/2026 0:00,21/05/2026 0:00,EDITORIAL,FACTURADO,2000,3300
MC,24531,RECREAR REDIEDITORES CIA. LTDA.,LIBROS INGLES DISCOVER 2,2000,2999.999875,19/05/2026 0:00,27/05/2026 0:00,EDITORIAL,DESPACHOS - ENTREGA TOTAL,2000,2999.996
MC,24532,RECREAR REDIEDITORES CIA. LTDA.,LIBROS INGLES DISCOVER 3,2000,3299.99556,19/05/2026 0:00,27/05/2026 0:00,EDITORIAL,DESPACHOS - ENTREGA TOTAL,2000,3300
MC,24533,YUNNY RIVERA CUSME,REIMPRESIÓN LIBRO CALIGRAFITOS PLUS 3 EGB,2000,3300,19/05/2026 0:00,,EDITORIAL,FACTURADO,2000,3300
MC,24534,YUNNY RIVERA CUSME,REIMPRESIÓN LIBRO CALIGRAFITOS PLUS 5 EGB,2000,3300,19/05/2026 0:00,,EDITORIAL,FACTURADO,2000,3300
ASS,24535,EMPRESA OPERADORA METRO DE MEDELLIN TRANSDEV EOMMT S.A.S.,LIBRETIN,300,675.0006,19/05/2026 0:00,26/05/2026 0:00,PUBLICOMERCIAL,FACTURADO,300,675.0006
BV,24536,LANSEY S.A.,CERTIFICADOS 3 MODELOS 300 de cada uno,900,314.9973,20/05/2026 0:00,20/05/2026 0:00,PUBLICOMERCIAL,FACTURADO,900,314.9973
CTAG,24537,DIDACTICA-EDITORIAL S.A.S.,REIMPRESIÓN IMAGINA Y APRENDE 4 AÑOS INICIAL,3000,15899.99566,20/05/2026 0:00,28/05/2026 0:00,EDITORIAL,ENCOLADO,3000,15900
BV,24538,HOLGUINCORP S.A.S,REIMPRESION LIBRO HISTORIA 2DO BGU,700,2449.996326,20/05/2026 0:00,03/06/2026 0:00,EDITORIAL,COTIZACION CERRADA - ESPERANDO APROBACION PC,,
BV,24539,HOLGUINCORP S.A.S,REIMPRESIÓN LIBRO LENGUA Y LITERATURA 4TO EGB,700,2904.995319,20/05/2026 0:00,,EDITORIAL,DESPACHOS - ENTREGA TOTAL,700,2904.9951
BV,24540,HOLGUINCORP S.A.S,REIMPRESION LIBRO LENGUA Y LITERATURA 5TO EGB,700,3359.995142,20/05/2026 0:00,,EDITORIAL,DESPACHOS - ENTREGA TOTAL,700,3359.9951
BV,24541,HOLGUINCORP S.A.S,REIMPRESION LIBRO LENGUA Y LITERATURA 10MO EGB,700,3570.002066,20/05/2026 0:00,,EDITORIAL,DESPACHOS - ENTREGA TOTAL,700,3570.0021
BV,24542,HOLGUINCORP S.A.S,REIMPRESION LIBRO LENGUA Y LITERATURA 1RO BGU,700,3534.996576,20/05/2026 0:00,,EDITORIAL,PRENSAS - OFFSET,,
BV,24543,LANSEY S.A.,AYUDA VENTAS ECUAQUÍMICA,150,122.9971346,21/05/2026 0:00,22/05/2026 0:00,PUBLICOMERCIAL,DESPACHOS - POR ENTREGAR,150,122.99715
CTAG,24544,F.V. - AREA ANDINA S.A.,ROMPETRÁFICO FV - 2 motivos,4000,1160.003157,21/05/2026 0:00,04/06/2026 0:00,PUBLICOMERCIAL,TRABAJOS A TERCEROS,,
MC,24545,YUNNY RIVERA CUSME,REIMPRESIÓN LIBRO “I KNOW 1 BGU”,1000,2000.000371,22/05/2026 0:00,01/06/2026 0:00,PUBLICOMERCIAL,DESPACHOS - ENTREGA TOTAL,,
MC,24546,TIPAN UMATAMBO SEGUNDO MARCO,reimpresión aventuritas y letritas 2 CUADERNO DE TRABAJO,1000,2450.004913,22/05/2026 0:00,04/06/2026 0:00,PUBLICOMERCIAL,COTIZACION CERRADA - ESPERANDO APROBACION PC,,
MC,24547,YUNNY RIVERA CUSME,REIMPRESION LIBROS I KNOW 10,1000,2000.00066,26/05/2026 0:00,02/06/2026 0:00,PUBLICOMERCIAL,DESPACHOS - POR ENTREGAR,,
MC,24548,SANCHEZ CARRASCO PAUL VICENTE,REIMPRESIÓN LIBRO CORAZÓN DE TIZA 2 PLUS,1000,1849.996229,26/05/2026 0:00,04/06/2026 0:00,EDITORIAL,PLEGADO,,
MC,24549,SANCHEZ CARRASCO PAUL VICENTE,REIMPRESIÓN LIBRO CORAZÓN DE TIZA 4 PLUS,1000,1849.996229,26/05/2026 0:00,04/06/2026 0:00,EDITORIAL,PLEGADO,,
MC,24550,SANCHEZ CARRASCO PAUL VICENTE,REIMPRESIÓN LIBRO CORAZÓN DE TIZA 5 PLUS,1000,1849.996229,26/05/2026 0:00,04/06/2026 0:00,EDITORIAL,PLEGADO,,
MC,24551,SANCHEZ CARRASCO PAUL VICENTE,REIMPRESIÓN LIBRO CORAZÓN DE TIZA 8 PLUS,1000,1849.996229,26/05/2026 0:00,04/06/2026 0:00,EDITORIAL,PRENSAS - OFFSET,,
MC,24552,SANCHEZ CARRASCO PAUL VICENTE,REIMPRESIÓN LIBRO CORAZÓN DE TIZA 9 PLUS,1000,1849.996229,26/05/2026 0:00,04/06/2026 0:00,EDITORIAL,PRENSAS - OFFSET,,
CTAG,24553,CHAIDE Y CHAIDE S.A,REIMPRESION COD.1203 ETIQUETA CHN BORN ANTIACAROS,1000,658.3023691,26/05/2026 0:00,28/05/2026 0:00,PUBLICOMERCIAL,DESPACHOS - POR ENTREGAR,200,131.66
CTAG,24554,NITERRA DO BRASIL LTDA,DIPLOMAS,2000,600.0005053,26/05/2026 0:00,,PUBLICOMERCIAL,DESPACHOS - ENTREGA TOTAL,2000,600
ASS,24555,EMPRESA OPERADORA METRO DE MEDELLIN TRANSDEV EOMMT S.A.S.,POSTALES A5 - 5 motivos,2500,599.9995091,26/05/2026 0:00,29/05/2026 0:00,PUBLICOMERCIAL,DESPACHOS - POR ENTREGAR,2500,600
CTAG,24556,ALISERVIS S.A.,REIMPRESION VOLANTES PROMO JUNIO 2026 $10.49 PIZZA FAMILIA 1 INGREDIENTE - 5 MOTIVOS,476750,5005.877648,28/05/2026 0:00,02/06/2026 0:00,PUBLICOMERCIAL,DESPACHOS - ENTREGA TOTAL,476750,5005.875
MC,24557,YUNNY RIVERA CUSME,REIMPRESION LIBROS I KNOW 8,1500,2483.99998,28/05/2026 0:00,03/06/2026 0:00,PUBLICOMERCIAL,ENCOLADO,,
